create table SURVEY (ID integer, PARENT_ID integer, NAME varchar(61), FULL_NAME varchar(82), TITLE varchar(17));
create table CENTRELINE (ID integer, SURVEY_ID integer, TITLE varchar(4), TOPO_DATE date, EXPLO_DATE date, LENGTH real, SURFACE_LENGTH real, DUPLICATE_LENGTH real);
create table PERSON (ID integer, NAME varchar(1), SURNAME varchar(1));
create table EXPLO (PERSON_ID integer, CENTRELINE_ID integer);
create table TOPO (PERSON_ID integer, CENTRELINE_ID integer);
create table STATION (ID integer, NAME varchar(7), SURVEY_ID integer, X real, Y real, Z real);
create table STATION_FLAG (STATION_ID integer, FLAG char(3));
create table SHOT (ID integer, FROM_ID integer, TO_ID integer, CENTRELINE_ID integer, LENGTH real, BEARING real, GRADIENT real, ADJ_LENGTH real, ADJ_BEARING real, ADJ_GRADIENT real, ERR_LENGTH real, ERR_BEARING real, ERR_GRADIENT real);
create table SHOT_FLAG (SHOT_ID integer, FLAG char(3));
create table MAPS (ID integer, SURVEY_ID integer, NAME varchar(61), TITLE varchar(17), PROJID integer, LENGTH real, DEPTH real);
create table SCRAPS (ID integer, SURVEY_ID integer, NAME varchar(61), PROJID integer, MAX_DISTORTION real, AVG_DISTORTION real);
create table MAPITEMS (ID integer, TYPE integer, ITEMID integer);
insert into SURVEY values (1, 0, '', '', NULL);
 insert into CENTRELINE values (2, 1, NULL, NULL, NULL, 0.00, 0.00, 0.00);
 insert into SURVEY values (19, 1, 'brezno_na_toscu', 'brezno_na_toscu', 'brezno_na_toscu');
 insert into CENTRELINE values (20, 19, NULL, NULL, NULL, 0.00, 0.00, 0.00);
 insert into CENTRELINE values (21, 19, NULL, NULL, NULL, 0.00, 0.00, 0.00);
 insert into SURVEY values (22, 19, '2015', '2015.brezno_na_toscu', '2015');
 insert into CENTRELINE values (23, 22, NULL, NULL, NULL, 0.00, 0.00, 0.00);
 insert into CENTRELINE values (24, 22, NULL, NULL, NULL, 0.00, 0.00, 0.00);
 insert into SURVEY values (25, 22, '20150524_spela_flis_vhod', '20150524_spela_flis_vhod.2015.brezno_na_toscu', NULL);
 insert into CENTRELINE values (26, 25, NULL, NULL, NULL, 0.00, 0.00, 0.00);
 insert into CENTRELINE values (27, 25, NULL, '2015-05-24', '2015-05-24', 907.29, 0.00, 0.00);
 insert into SHOT values (1, 1, 2, 27, 0.000, 0.00, 0.00, 0.000, 90.00, 0.00, 0.000, 90.00, 0.00);
insert into SHOT values (2, 1, 3, 27, 0.730, 163.30, -13.23, 0.729, 163.61, -13.49, 0.005, 278.82, -34.56);
insert into SHOT values (3, 1, 4, 27, 1.280, 175.98, -9.57, 1.281, 175.91, -9.44, 0.003, 121.24, 57.70);
insert into SHOT values (4, 1, 5, 27, 1.340, 198.86, -5.40, 1.338, 198.84, -5.58, 0.005, 27.07, -54.99);
insert into SHOT values (5, 1, 6, 27, 1.520, 229.48, -7.48, 1.524, 229.56, -7.54, 0.005, 259.10, -25.59);
insert into SHOT values (6, 1, 7, 27, 1.580, 288.22, -61.75, 1.578, 287.95, -61.77, 0.004, 174.77, 25.19);
insert into SHOT values (7, 1, 8, 27, 1.580, 247.47, -60.05, 1.581, 247.66, -60.05, 0.003, 328.10, -20.55);
insert into SHOT values (8, 1, 9, 27, 1.480, 193.80, -45.40, 1.478, 193.90, -45.26, 0.004, 249.07, 59.15);
insert into SHOT values (9, 1, 10, 27, 0.810, 198.66, -76.50, 0.812, 198.43, -76.49, 0.003, 149.51, -67.51);
insert into SHOT values (10, 1, 11, 27, 0.840, 198.96, -76.60, 0.842, 198.43, -76.97, 0.006, 38.35, -28.71);
insert into SHOT values (11, 1, 12, 27, 9.710, 199.33, -76.37, 9.714, 199.38, -76.37, 0.004, 252.51, -51.77);
insert into SHOT values (12, 1, 13, 27, 9.890, 199.81, -76.38, 9.888, 199.84, -76.38, 0.002, 326.28, 55.16);
insert into SHOT values (13, 1, 14, 27, 9.830, 199.22, -76.38, 9.836, 199.45, -76.40, 0.012, 305.81, -33.16);
insert into SHOT values (14, 1, 14, 27, 9.840, 199.69, -76.44, 9.836, 199.45, -76.40, 0.012, 136.66, 28.09);
insert into SHOT values (15, 14, 15, 27, 1.710, 146.94, -3.50, 1.709, 146.96, -3.36, 0.005, 293.58, 74.80);
insert into SHOT values (16, 14, 16, 27, 0.830, 122.58, -3.44, 0.834, 122.74, -3.44, 0.004, 154.22, -2.63);
insert into SHOT values (17, 14, 17, 27, 0.920, 40.63, -4.07, 0.924, 40.60, -3.72, 0.007, 34.46, 50.94);
insert into SHOT values (18, 14, 18, 27, 2.700, 350.73, -8.51, 2.705, 350.75, -8.51, 0.005, 1.82, -5.57);
insert into SHOT values (19, 14, 19, 27, 7.320, 339.93, -8.06, 7.324, 339.92, -8.08, 0.005, 310.72, -44.50);
insert into SHOT values (20, 14, 20, 27, 2.230, 339.27, -1.30, 2.235, 339.29, -1.28, 0.005, 350.04, 6.78);
insert into SHOT values (21, 14, 21, 27, 1.820, 332.69, -1.28, 1.821, 332.87, -1.26, 0.006, 55.86, 6.43);
insert into SHOT values (22, 14, 22, 27, 0.780, 312.03, -1.41, 0.779, 311.88, -1.47, 0.002, 201.06, -20.01);
insert into SHOT values (23, 14, 23, 27, 1.660, 144.03, 21.74, 1.666, 143.95, 21.85, 0.007, 115.63, 46.97);
insert into SHOT values (24, 14, 24, 27, 3.260, 135.30, 66.09, 3.260, 135.31, 66.07, 0.001, 143.47, -12.89);
insert into SHOT values (25, 14, 25, 27, 4.920, 80.74, 82.01, 4.918, 80.81, 81.95, 0.006, 90.53, -23.98);
insert into SHOT values (26, 14, 26, 27, 8.110, 356.54, 67.48, 8.108, 356.49, 67.48, 0.003, 258.51, -31.38);
insert into SHOT values (27, 14, 27, 27, 9.110, 347.26, 52.41, 9.111, 347.21, 52.41, 0.005, 265.55, 15.75);
insert into SHOT values (28, 14, 28, 27, 5.500, 343.17, 39.80, 5.503, 343.24, 39.77, 0.006, 32.35, -5.36);
insert into SHOT values (29, 14, 29, 27, 8.100, 340.66, 19.84, 8.100, 340.69, 19.85, 0.003, 77.36, 15.03);
insert into SHOT values (30, 14, 30, 27, 7.240, 339.96, -2.79, 7.237, 339.94, -2.77, 0.005, 208.76, 30.54);
insert into SHOT values (31, 14, 31, 27, 7.200, 339.34, -19.20, 7.199, 339.33, -19.22, 0.003, 203.77, -41.46);
insert into SHOT values (32, 14, 32, 27, 10.330, 340.56, -40.56, 10.331, 340.57, -40.58, 0.004, 105.86, -55.69);
insert into SHOT values (33, 14, 33, 27, 12.040, 345.57, -56.96, 12.039, 345.54, -56.94, 0.006, 301.99, 31.65);
insert into SHOT values (34, 14, 34, 27, 11.540, 4.55, -76.32, 11.537, 4.62, -76.32, 0.004, 99.70, 36.57);
insert into SHOT values (35, 14, 35, 27, 12.210, 106.14, -82.39, 12.207, 106.19, -82.40, 0.004, 261.06, 36.95);
insert into SHOT values (36, 14, 36, 27, 4.850, 153.76, -67.58, 4.848, 153.71, -67.55, 0.004, 111.71, 55.62);
insert into SHOT values (37, 14, 37, 27, 4.140, 155.63, -49.09, 4.142, 155.61, -49.09, 0.002, 106.87, -42.49);
insert into SHOT values (38, 14, 38, 27, 10.410, 10.74, -80.24, 10.410, 10.80, -80.26, 0.004, 163.33, -9.56);
insert into SHOT values (39, 14, 39, 27, 10.370, 11.28, -80.21, 10.371, 11.44, -80.20, 0.005, 81.38, -11.11);
insert into SHOT values (40, 14, 40, 27, 10.330, 10.52, -80.06, 10.325, 10.68, -80.07, 0.007, 125.44, 42.18);
insert into SHOT values (41, 14, 41, 27, 10.400, 10.27, -80.07, 10.397, 10.25, -80.04, 0.007, 2.75, 38.32);
insert into SHOT values (42, 14, 42, 27, 10.460, 11.99, -80.22, 10.462, 12.00, -80.21, 0.003, 24.25, -42.97);
insert into SHOT values (43, 14, 43, 27, 10.480, 12.50, -80.32, 10.479, 12.46, -80.32, 0.002, 254.36, 28.43);
insert into SHOT values (44, 14, 44, 27, 10.410, 11.43, -80.22, 10.411, 11.44, -80.24, 0.004, 187.50, -21.54);
insert into SHOT values (45, 14, 45, 27, 10.460, 11.27, -80.27, 10.452, 11.37, -80.22, 0.012, 35.66, 50.92);
insert into SHOT values (46, 14, 45, 27, 10.420, 10.99, -80.21, 10.452, 11.37, -80.22, 0.034, 86.71, -68.90);
insert into SHOT values (47, 14, 45, 27, 10.470, 11.60, -80.22, 10.452, 11.37, -80.22, 0.020, 254.12, 66.07);
insert into SHOT values (48, 45, 46, 27, 4.080, 143.62, 0.72, 4.084, 143.66, 0.70, 0.006, 178.02, -13.11);
insert into SHOT values (49, 45, 47, 27, 3.130, 126.66, 1.63, 3.131, 126.69, 1.65, 0.002, 175.50, 26.40);
insert into SHOT values (50, 45, 48, 27, 2.560, 110.41, 2.07, 2.552, 110.42, 2.02, 0.008, 285.77, -17.10);
insert into SHOT values (51, 45, 49, 27, 1.760, 85.30, 4.98, 1.752, 85.40, 4.91, 0.009, 243.82, -18.50);
insert into SHOT values (52, 45, 50, 27, 1.480, 35.40, -4.80, 1.475, 35.31, -4.67, 0.006, 243.50, 38.47);
insert into SHOT values (53, 45, 51, 27, 2.980, 355.44, 2.33, 2.982, 355.38, 2.31, 0.004, 299.96, -16.94);
insert into SHOT values (54, 45, 52, 27, 8.260, 337.53, 5.18, 8.261, 337.49, 5.21, 0.007, 253.76, 34.53);
insert into SHOT values (55, 45, 53, 27, 4.890, 327.46, 9.05, 4.891, 327.43, 9.06, 0.003, 247.33, 17.05);
insert into SHOT values (56, 45, 54, 27, 2.950, 321.03, 15.85, 2.957, 320.99, 15.90, 0.008, 304.83, 33.92);
insert into SHOT values (57, 45, 55, 27, 3.980, 145.38, 17.64, 3.978, 145.43, 17.71, 0.006, 284.89, 38.05);
insert into SHOT values (58, 45, 56, 27, 4.300, 145.03, 41.85, 4.301, 145.17, 41.85, 0.008, 227.89, 8.09);
insert into SHOT values (59, 45, 57, 27, 5.080, 144.86, 61.31, 5.081, 144.87, 61.39, 0.007, 319.29, 32.98);
insert into SHOT values (60, 45, 58, 27, 9.370, 324.70, 70.24, 9.370, 324.65, 70.27, 0.006, 174.18, 17.79);
insert into SHOT values (61, 45, 59, 27, 11.150, 333.92, 57.05, 11.155, 333.90, 57.04, 0.006, 307.13, 36.06);
insert into SHOT values (62, 45, 60, 27, 7.910, 335.12, 43.94, 7.914, 335.10, 43.93, 0.005, 307.98, 14.51);
insert into SHOT values (63, 45, 61, 27, 6.930, 334.84, 29.55, 6.936, 334.79, 29.54, 0.008, 295.91, 16.16);
insert into SHOT values (64, 45, 62, 27, 8.000, 334.01, 11.18, 7.996, 333.99, 11.18, 0.005, 190.25, -13.94);
insert into SHOT values (65, 45, 63, 27, 7.040, 338.07, 5.34, 7.039, 338.05, 5.38, 0.006, 223.81, 57.10);
insert into SHOT values (66, 45, 64, 27, 4.240, 354.49, -17.18, 4.237, 354.47, -17.16, 0.003, 206.40, 45.52);
insert into SHOT values (67, 45, 65, 27, 5.410, 2.63, -36.30, 5.404, 2.63, -36.31, 0.006, 180.69, 26.99);
insert into SHOT values (68, 45, 66, 27, 4.570, 74.15, -69.76, 4.572, 74.20, -69.79, 0.003, 206.43, -47.38);
insert into SHOT values (69, 45, 67, 27, 12.280, 9.51, -55.35, 12.280, 9.48, -55.33, 0.006, 318.48, 20.69);
insert into SHOT values (70, 45, 68, 27, 11.820, 9.67, -55.24, 11.817, 9.66, -55.25, 0.004, 210.94, 10.16);
insert into SHOT values (71, 45, 69, 27, 0.580, 8.93, -55.08, 0.576, 8.62, -54.62, 0.006, 322.64, 65.55);
insert into SHOT values (72, 45, 70, 27, 11.810, 9.20, -55.05, 11.811, 9.18, -55.04, 0.002, 312.53, 2.35);
insert into SHOT values (73, 45, 71, 27, 0.560, 9.33, -54.97, 0.563, 8.88, -54.85, 0.004, 323.06, -22.32);
insert into SHOT values (74, 45, 72, 27, 11.820, 8.86, -55.24, 11.827, 8.95, -55.19, 0.017, 46.69, 2.39);
insert into SHOT values (75, 45, 72, 27, 11.850, 8.89, -55.29, 11.827, 8.95, -55.19, 0.032, 64.83, 75.65);
insert into SHOT values (76, 45, 72, 27, 11.810, 9.08, -54.98, 11.827, 8.95, -55.19, 0.048, 221.13, -52.10);
insert into SHOT values (77, 72, 73, 27, 7.160, 314.59, -18.36, 7.158, 314.58, -18.32, 0.005, 221.17, 80.66);
insert into SHOT values (78, 72, 74, 27, 2.000, 301.34, -20.01, 2.004, 301.33, -19.84, 0.007, 297.50, 38.18);
insert into SHOT values (79, 72, 75, 27, 1.200, 268.45, -16.31, 1.197, 268.51, -16.01, 0.007, 48.13, 76.14);
insert into SHOT values (80, 72, 76, 27, 1.220, 217.74, -5.45, 1.223, 218.00, -5.16, 0.009, 273.54, 41.44);
insert into SHOT values (81, 72, 77, 27, 3.170, 171.89, -2.52, 3.164, 172.00, -2.54, 0.009, 307.85, -4.14);
insert into SHOT values (82, 72, 78, 27, 5.790, 153.37, 1.18, 5.784, 153.39, 1.19, 0.007, 315.07, 6.57);
insert into SHOT values (83, 72, 79, 27, 2.780, 143.07, 2.61, 2.781, 143.05, 2.68, 0.004, 92.30, 67.63);
insert into SHOT values (84, 72, 80, 27, 1.980, 301.02, 30.96, 1.987, 301.08, 30.89, 0.007, 315.51, 11.36);
insert into SHOT values (85, 72, 81, 27, 2.520, 276.03, 60.79, 2.524, 276.03, 60.66, 0.007, 276.60, 3.65);
insert into SHOT values (86, 72, 82, 27, 3.760, 217.19, 72.63, 3.761, 217.38, 72.67, 0.005, 340.68, 18.12);
insert into SHOT values (87, 72, 83, 27, 5.650, 172.03, 61.00, 5.656, 172.02, 61.06, 0.009, 4.23, 72.03);
insert into SHOT values (88, 72, 84, 27, 6.420, 162.61, 44.08, 6.422, 162.59, 44.11, 0.004, 54.98, 62.90);
insert into SHOT values (89, 72, 85, 27, 7.120, 156.09, 24.52, 7.118, 156.13, 24.57, 0.008, 289.82, 41.24);
insert into SHOT values (90, 72, 86, 27, 6.200, 152.96, 4.84, 6.199, 152.94, 4.90, 0.007, 29.37, 66.71);
insert into SHOT values (91, 72, 87, 27, 6.420, 151.12, -18.58, 6.420, 151.12, -18.53, 0.006, 147.89, 73.18);
insert into SHOT values (92, 72, 88, 27, 7.420, 145.88, -45.46, 7.415, 145.88, -45.40, 0.009, 154.42, 79.67);
insert into SHOT values (93, 72, 89, 27, 9.160, 142.25, -60.89, 9.157, 142.20, -60.89, 0.005, 27.51, 37.07);
insert into SHOT values (94, 72, 90, 27, 10.860, 144.34, -74.28, 10.855, 144.42, -74.29, 0.007, 276.94, 35.35);
insert into SHOT values (95, 72, 91, 27, 14.190, 327.75, -86.53, 14.186, 327.43, -86.55, 0.008, 194.94, 31.17);
insert into SHOT values (96, 72, 91, 27, 14.190, 326.82, -86.56, 14.186, 327.43, -86.55, 0.010, 38.99, 25.03);
insert into SHOT values (97, 72, 91, 27, 14.200, 327.88, -86.59, 14.186, 327.43, -86.55, 0.019, 293.10, 51.38);
insert into SHOT values (98, 91, 92, 27, 4.590, 129.51, 4.22, 4.587, 129.50, 4.13, 0.008, 324.40, -69.98);
insert into SHOT values (99, 91, 93, 27, 3.960, 109.10, 4.22, 3.957, 109.08, 4.20, 0.003, 320.78, -25.57);
insert into SHOT values (100, 91, 94, 27, 2.120, 73.86, 5.20, 2.123, 73.79, 5.14, 0.004, 32.07, -30.37);
insert into SHOT values (101, 91, 95, 27, 1.900, 50.34, 7.16, 1.896, 50.39, 6.97, 0.008, 202.22, -63.24);
insert into SHOT values (102, 91, 96, 27, 1.950, 36.28, 10.63, 1.952, 36.09, 10.63, 0.006, 320.89, 2.58);
insert into SHOT values (103, 91, 97, 27, 1.870, 57.89, 10.17, 1.870, 57.86, 9.85, 0.010, 30.09, -79.55);
insert into SHOT values (104, 91, 97, 27, 1.870, 57.67, 9.90, 1.870, 57.86, 9.85, 0.006, 146.59, -13.67);
insert into SHOT values (105, 91, 97, 27, 1.870, 57.66, 9.85, 1.870, 57.86, 9.85, 0.007, 149.11, 0.88);
insert into SHOT values (106, 97, 98, 27, 6.210, 321.94, -4.17, 6.214, 321.95, -4.15, 0.004, 332.73, 22.25);
insert into SHOT values (107, 97, 99, 27, 5.850, 314.09, 13.89, 5.849, 314.07, 13.85, 0.005, 219.95, -68.18);
insert into SHOT values (108, 97, 100, 27, 9.750, 301.22, 44.93, 9.758, 301.21, 44.92, 0.008, 287.26, 29.73);
insert into SHOT values (109, 97, 101, 27, 10.300, 268.48, 68.38, 10.307, 268.49, 68.36, 0.008, 276.03, 36.10);
insert into SHOT values (110, 97, 102, 27, 9.060, 215.52, 71.31, 9.058, 215.61, 71.31, 0.005, 312.72, -26.80);
insert into SHOT values (111, 97, 103, 27, 13.620, 174.91, 62.42, 13.618, 174.90, 62.42, 0.003, 28.08, -63.45);
insert into SHOT values (112, 97, 104, 27, 8.680, 161.49, 48.39, 8.676, 161.47, 48.42, 0.006, 0.96, 1.16);
insert into SHOT values (113, 97, 105, 27, 6.210, 154.53, 26.64, 6.204, 154.59, 26.62, 0.008, 280.31, -31.94);
insert into SHOT values (114, 97, 106, 27, 5.240, 146.41, 3.98, 5.235, 146.40, 3.94, 0.006, 335.78, -36.94);
insert into SHOT values (115, 97, 107, 27, 5.390, 136.32, -32.85, 5.381, 136.34, -32.87, 0.009, 303.32, 23.45);
insert into SHOT values (116, 97, 108, 27, 7.410, 129.85, -61.07, 7.411, 129.79, -61.13, 0.009, 344.40, -33.22);
insert into SHOT values (117, 97, 109, 27, 18.610, 354.92, -80.46, 18.627, 354.79, -80.47, 0.019, 252.04, -67.37);
insert into SHOT values (118, 97, 109, 27, 18.630, 354.72, -80.51, 18.627, 354.79, -80.47, 0.013, 13.13, 23.28);
insert into SHOT values (119, 97, 109, 27, 18.630, 354.70, -80.47, 18.627, 354.79, -80.47, 0.006, 104.50, 29.65);
insert into SHOT values (120, 109, 110, 27, 4.320, 141.08, 0.27, 4.317, 141.11, 0.27, 0.004, 284.58, -5.01);
insert into SHOT values (121, 109, 111, 27, 4.030, 161.85, 0.71, 4.029, 161.92, 0.71, 0.005, 261.27, 0.67);
insert into SHOT values (122, 109, 112, 27, 2.790, 186.80, 2.33, 2.792, 186.79, 2.46, 0.007, 177.79, 73.73);
insert into SHOT values (123, 109, 113, 27, 1.950, 204.38, 3.85, 1.951, 204.59, 3.82, 0.007, 287.01, -7.38);
insert into SHOT values (124, 109, 114, 27, 1.570, 237.49, 3.02, 1.576, 237.72, 3.27, 0.011, 288.43, 41.32);
insert into SHOT values (125, 109, 115, 27, 1.770, 270.06, 2.87, 1.772, 270.00, 2.91, 0.003, 230.19, 25.45);
insert into SHOT values (126, 109, 116, 27, 4.230, 290.18, 26.22, 4.238, 290.15, 26.19, 0.008, 276.42, 7.63);
insert into SHOT values (127, 109, 117, 27, 5.240, 293.58, 50.85, 5.249, 293.47, 50.84, 0.011, 246.76, 36.52);
insert into SHOT values (128, 109, 118, 27, 7.170, 301.72, 59.43, 7.180, 301.69, 59.40, 0.011, 288.64, 37.52);
insert into SHOT values (129, 109, 119, 27, 13.620, 297.88, 74.48, 13.626, 297.83, 74.50, 0.008, 161.97, 56.41);
insert into SHOT values (130, 109, 120, 27, 8.490, 204.18, 86.86, 8.493, 204.34, 86.89, 0.005, 6.52, 32.73);
insert into SHOT values (131, 109, 121, 27, 15.470, 152.13, 68.87, 15.469, 152.19, 68.88, 0.007, 268.90, 1.05);
insert into SHOT values (132, 109, 122, 27, 9.600, 148.91, 53.03, 9.598, 148.90, 53.05, 0.004, 342.47, 1.00);
insert into SHOT values (133, 109, 123, 27, 5.070, 141.74, 27.78, 5.068, 141.80, 27.88, 0.011, 285.85, 41.28);
insert into SHOT values (134, 109, 124, 27, 5.700, 144.51, 1.96, 5.697, 144.58, 2.01, 0.009, 256.98, 34.12);
insert into SHOT values (135, 109, 125, 27, 4.660, 146.42, -26.48, 4.649, 146.46, -26.44, 0.012, 305.45, 42.12);
insert into SHOT values (136, 109, 126, 27, 7.240, 149.89, -49.47, 7.238, 149.89, -49.46, 0.003, 275.85, 84.79);
insert into SHOT values (137, 109, 127, 27, 13.860, 155.52, -71.93, 13.853, 155.52, -71.93, 0.007, 331.29, 65.02);
insert into SHOT values (138, 109, 128, 27, 22.700, 170.92, -81.86, 22.698, 171.04, -81.87, 0.008, 298.14, 8.99);
insert into SHOT values (139, 109, 129, 27, 10.270, 261.13, -76.11, 10.262, 261.15, -76.08, 0.011, 272.07, 67.14);
insert into SHOT values (140, 109, 129, 27, 10.260, 260.82, -76.03, 10.262, 261.15, -76.08, 0.016, 18.87, -12.21);
insert into SHOT values (141, 109, 129, 27, 10.270, 261.40, -76.22, 10.262, 261.15, -76.08, 0.029, 236.25, 29.41);
insert into SHOT values (142, 129, 130, 27, 4.610, 137.79, -0.83, 4.609, 137.73, -0.87, 0.006, 36.34, -31.64);
insert into SHOT values (143, 129, 131, 27, 4.560, 124.85, -2.89, 4.561, 124.81, -2.89, 0.004, 47.12, -1.47);
insert into SHOT values (144, 129, 132, 27, 2.590, 103.53, -3.09, 2.594, 103.39, -3.09, 0.008, 47.59, -2.95);
insert into SHOT values (145, 129, 133, 27, 1.430, 79.15, -1.17, 1.436, 79.16, -1.20, 0.006, 81.50, -7.70);
insert into SHOT values (146, 129, 134, 27, 1.280, 46.47, 1.41, 1.281, 46.58, 1.34, 0.003, 120.12, -29.77);
insert into SHOT values (147, 129, 135, 27, 3.310, 2.08, 1.79, 3.314, 2.08, 1.73, 0.005, 358.83, -41.79);
insert into SHOT values (148, 129, 136, 27, 8.110, 340.24, 3.63, 8.110, 340.29, 3.61, 0.008, 65.75, -26.53);
insert into SHOT values (149, 129, 137, 27, 7.800, 327.39, 3.53, 7.799, 327.43, 3.53, 0.006, 69.65, -2.45);
insert into SHOT values (150, 129, 138, 27, 3.510, 314.09, 6.07, 3.506, 314.19, 6.06, 0.007, 77.93, -9.31);
insert into SHOT values (151, 129, 139, 27, 6.180, 330.63, 4.45, 6.180, 330.65, 4.45, 0.002, 73.36, 14.66);
insert into SHOT values (152, 129, 140, 27, 6.490, 332.01, 22.90, 6.486, 332.06, 22.86, 0.008, 82.03, -42.70);
insert into SHOT values (153, 129, 141, 27, 9.060, 331.68, 49.06, 9.057, 331.75, 49.04, 0.008, 58.97, -27.66);
insert into SHOT values (154, 129, 142, 27, 15.780, 332.58, 65.26, 15.778, 332.58, 65.27, 0.003, 149.74, -35.15);
insert into SHOT values (155, 129, 143, 27, 12.200, 130.86, 63.33, 12.200, 130.78, 63.31, 0.009, 73.78, -12.79);
insert into SHOT values (156, 129, 144, 27, 9.980, 128.00, 54.01, 9.975, 128.00, 54.00, 0.005, 294.74, -72.49);
insert into SHOT values (157, 129, 145, 27, 6.580, 131.29, 18.98, 6.586, 131.29, 18.96, 0.006, 131.06, -0.61);
insert into SHOT values (158, 129, 146, 27, 6.260, 133.41, -6.26, 6.263, 133.44, -6.33, 0.008, 187.58, -63.32);
insert into SHOT values (159, 129, 147, 27, 6.490, 132.23, -29.93, 6.494, 132.19, -29.93, 0.006, 87.32, -19.24);
insert into SHOT values (160, 129, 148, 27, 8.350, 134.49, -49.82, 8.356, 134.47, -49.78, 0.008, 124.20, -2.93);
insert into SHOT values (161, 129, 149, 27, 12.400, 132.06, -67.42, 12.402, 132.02, -67.40, 0.005, 94.41, -6.01);
insert into SHOT values (162, 129, 150, 27, 12.980, 133.48, -77.78, 12.985, 133.38, -77.77, 0.008, 85.50, -32.45);
insert into SHOT values (163, 129, 151, 27, 11.540, 332.17, -54.65, 11.542, 332.21, -54.70, 0.011, 122.37, -42.45);
insert into SHOT values (164, 129, 152, 27, 52.120, 341.24, -87.75, 52.109, 341.11, -87.79, 0.040, 167.85, 14.35);
insert into SHOT values (165, 129, 152, 27, 52.120, 340.27, -87.68, 52.109, 341.11, -87.79, 0.106, 144.09, 3.92);
insert into SHOT values (166, 129, 152, 27, 52.080, 342.13, -87.93, 52.109, 341.11, -87.79, 0.134, 326.42, -10.33);
insert into SHOT values (167, 153, 152, 27, 13.360, 322.01, -56.51, 13.359, 322.00, -56.50, 0.003, 271.08, 39.84);
insert into SHOT values (168, 153, 154, 27, 6.300, 335.43, -10.76, 6.300, 335.46, -10.79, 0.005, 71.45, -45.87);
insert into SHOT values (169, 153, 155, 27, 4.040, 344.01, -8.50, 4.049, 344.05, -8.52, 0.009, 4.29, -17.58);
insert into SHOT values (170, 153, 156, 27, 1.650, 352.01, -6.61, 1.657, 351.97, -6.58, 0.007, 342.46, -0.54);
insert into SHOT values (171, 153, 157, 27, 4.110, 249.59, -1.10, 4.108, 249.62, -1.12, 0.003, 22.66, -18.45);
insert into SHOT values (172, 153, 158, 27, 2.350, 210.75, 6.77, 2.344, 210.75, 6.86, 0.007, 29.78, 25.04);
insert into SHOT values (173, 153, 159, 27, 2.440, 168.03, 12.43, 2.441, 167.89, 12.54, 0.008, 80.28, 39.16);
insert into SHOT values (174, 153, 160, 27, 3.720, 145.99, 28.94, 3.713, 145.92, 29.00, 0.009, 353.97, -0.55);
insert into SHOT values (175, 153, 161, 27, 5.030, 153.07, 50.88, 5.024, 152.95, 50.93, 0.010, 15.53, -13.70);
insert into SHOT values (176, 153, 162, 27, 9.950, 157.06, 61.34, 9.947, 157.04, 61.36, 0.005, 359.78, -11.24);
insert into SHOT values (177, 153, 163, 27, 10.230, 319.49, 45.68, 10.233, 319.54, 45.67, 0.007, 25.10, 8.32);
insert into SHOT values (178, 153, 164, 27, 15.320, 307.03, 57.58, 15.316, 307.08, 57.59, 0.008, 62.28, -16.00);
insert into SHOT values (179, 153, 165, 27, 2.580, 178.99, -20.15, 2.566, 179.05, -20.06, 0.015, 347.05, 36.08);
insert into SHOT values (180, 153, 165, 27, 2.570, 179.27, -19.85, 2.566, 179.05, -20.06, 0.014, 52.32, -32.24);
insert into SHOT values (181, 153, 165, 27, 2.570, 178.98, -19.75, 2.566, 179.05, -20.06, 0.015, 340.08, -52.16);
insert into SHOT values (182, 165, 166, 27, 0.920, 118.15, -49.06, 0.917, 118.69, -48.80, 0.008, 195.40, 40.58);
insert into SHOT values (183, 165, 167, 27, 0.870, 282.01, -51.58, 0.869, 281.73, -51.48, 0.003, 205.62, 30.40);
insert into SHOT values (184, 165, 168, 27, 3.410, 125.73, -78.55, 3.409, 126.03, -78.49, 0.005, 174.11, 24.33);
insert into SHOT values (185, 165, 168, 27, 3.410, 125.13, -78.61, 3.409, 126.03, -78.49, 0.013, 183.49, 12.80);
insert into SHOT values (186, 165, 168, 27, 3.410, 125.57, -78.35, 3.409, 126.03, -78.49, 0.010, 273.12, -1.40);
insert into SHOT values (187, 168, 169, 27, 1.730, 302.47, 7.07, 1.723, 302.57, 7.34, 0.011, 101.38, 39.33);
insert into SHOT values (188, 168, 170, 27, 1.580, 276.25, 12.52, 1.577, 276.34, 12.45, 0.005, 57.46, -33.01);
insert into SHOT values (189, 168, 171, 27, 0.780, 241.31, -0.50, 0.774, 241.45, 0.00, 0.009, 43.50, 48.03);
insert into SHOT values (190, 168, 172, 27, 0.640, 153.21, -1.12, 0.640, 153.03, -0.90, 0.003, 53.10, 51.56);
insert into SHOT values (191, 168, 173, 27, 1.380, 100.52, -0.43, 1.383, 100.42, -0.41, 0.004, 58.89, 5.39);
insert into SHOT values (192, 168, 174, 27, 1.380, 102.44, 31.53, 1.380, 102.26, 31.46, 0.004, 21.73, -24.53);
insert into SHOT values (193, 168, 175, 27, 2.110, 103.11, 61.77, 2.115, 103.21, 61.58, 0.009, 114.46, 6.34);
insert into SHOT values (194, 168, 176, 27, 2.270, 132.94, 87.71, 2.272, 130.60, 87.67, 0.004, 63.56, 24.28);
insert into SHOT values (195, 168, 177, 27, 2.170, 295.16, 61.79, 2.165, 295.56, 61.90, 0.010, 65.24, -13.59);
insert into SHOT values (196, 168, 178, 27, 1.820, 296.59, 44.57, 1.822, 296.57, 44.62, 0.003, 239.32, 76.33);
insert into SHOT values (197, 168, 179, 27, 5.580, 109.36, -41.78, 5.585, 109.30, -41.63, 0.016, 92.41, 28.69);
insert into SHOT values (198, 168, 179, 27, 5.590, 109.34, -41.71, 5.585, 109.30, -41.63, 0.010, 50.44, 71.42);
insert into SHOT values (199, 168, 179, 27, 5.580, 109.17, -41.60, 5.585, 109.30, -41.63, 0.011, 187.73, -28.16);
insert into SHOT values (200, 179, 180, 27, 1.270, 296.80, 3.07, 1.272, 297.17, 3.15, 0.009, 13.41, 13.23);
insert into SHOT values (201, 179, 181, 27, 1.520, 286.67, 3.06, 1.517, 286.88, 3.02, 0.006, 41.33, -10.55);
insert into SHOT values (202, 179, 182, 27, 1.810, 277.53, 6.03, 1.816, 277.64, 6.01, 0.007, 306.65, -1.15);
insert into SHOT values (203, 179, 183, 27, 1.300, 268.21, 13.71, 1.298, 268.18, 13.82, 0.003, 103.20, 38.13);
insert into SHOT values (204, 179, 184, 27, 0.800, 241.13, -13.11, 0.795, 241.45, -13.09, 0.007, 20.50, 12.43);
insert into SHOT values (205, 179, 185, 27, 0.570, 192.39, -1.66, 0.563, 192.31, -2.03, 0.008, 19.12, -26.92);
insert into SHOT values (206, 179, 186, 27, 1.600, 142.63, -5.28, 1.597, 142.41, -5.39, 0.007, 25.79, -21.94);
insert into SHOT values (207, 179, 187, 27, 2.750, 128.57, -12.30, 2.747, 128.49, -12.40, 0.007, 352.04, -38.50);
insert into SHOT values (208, 179, 188, 27, 1.670, 121.90, -13.45, 1.667, 121.63, -13.53, 0.009, 7.58, -10.59);
insert into SHOT values (209, 179, 189, 27, 5.840, 131.68, -60.07, 5.838, 131.52, -60.08, 0.009, 26.29, 7.74);
insert into SHOT values (210, 179, 190, 27, 3.530, 130.92, -39.74, 3.527, 130.81, -39.84, 0.009, 352.32, -22.08);
insert into SHOT values (211, 179, 191, 27, 2.500, 127.00, -0.42, 2.500, 126.87, -0.46, 0.006, 37.61, -16.43);
insert into SHOT values (212, 179, 192, 27, 1.630, 131.22, 29.30, 1.628, 131.00, 29.44, 0.007, 6.74, 18.92);
insert into SHOT values (213, 179, 193, 27, 1.280, 143.12, 71.27, 1.276, 142.00, 71.45, 0.010, 20.79, -13.28);
insert into SHOT values (214, 179, 194, 27, 1.470, 275.54, 73.50, 1.472, 275.44, 73.34, 0.004, 266.06, 6.84);
insert into SHOT values (215, 179, 195, 27, 2.950, 289.81, 56.08, 2.953, 289.86, 56.07, 0.003, 329.89, 40.04);
insert into SHOT values (216, 179, 196, 27, 2.370, 298.80, 31.94, 2.367, 298.86, 31.88, 0.005, 65.48, -55.06);
insert into SHOT values (217, 179, 197, 27, 1.300, 298.98, 12.54, 1.302, 299.19, 12.42, 0.006, 1.07, -23.59);
insert into SHOT values (218, 179, 198, 27, 9.060, 44.87, -79.94, 9.051, 44.75, -79.88, 0.014, 22.49, 49.66);
insert into SHOT values (219, 179, 198, 27, 9.050, 44.71, -79.83, 9.051, 44.75, -79.88, 0.007, 216.67, -17.35);
insert into SHOT values (220, 179, 198, 27, 9.050, 44.57, -79.94, 9.051, 44.75, -79.88, 0.011, 70.20, 4.37);
insert into SHOT values (221, 198, 199, 27, 1.810, 248.62, 12.67, 1.812, 248.80, 12.43, 0.010, 303.96, -46.02);
insert into SHOT values (222, 198, 200, 27, 2.180, 213.45, 11.39, 2.178, 213.54, 11.38, 0.004, 326.77, -7.99);
insert into SHOT values (223, 198, 201, 27, 1.980, 185.23, 4.85, 1.975, 185.25, 4.65, 0.009, 358.03, -57.59);
insert into SHOT values (224, 198, 202, 27, 1.820, 166.59, 3.02, 1.821, 166.65, 2.83, 0.006, 215.87, -66.44);
insert into SHOT values (225, 198, 203, 27, 2.740, 142.14, -1.55, 2.738, 142.13, -1.67, 0.006, 337.66, -65.56);
insert into SHOT values (226, 198, 204, 27, 10.350, 126.95, -5.03, 10.352, 126.96, -5.04, 0.004, 167.19, -46.02);
insert into SHOT values (227, 198, 205, 27, 14.420, 117.54, -6.47, 14.414, 117.53, -6.49, 0.008, 316.62, -37.29);
insert into SHOT values (228, 198, 206, 27, 7.550, 111.67, -5.28, 7.542, 111.65, -5.33, 0.010, 312.50, -30.13);
insert into SHOT values (229, 198, 207, 27, 5.650, 105.38, -8.38, 5.651, 105.35, -8.45, 0.007, 11.37, -68.89);
insert into SHOT values (230, 198, 208, 27, 1.900, 98.97, -5.03, 1.900, 98.82, -5.13, 0.006, 5.20, -33.67);
insert into SHOT values (231, 198, 209, 27, 10.550, 126.22, -6.23, 10.551, 126.24, -6.26, 0.006, 198.54, -58.65);
insert into SHOT values (232, 198, 210, 27, 11.390, 121.25, 12.17, 11.379, 121.25, 12.18, 0.011, 305.02, -6.30);
insert into SHOT values (233, 198, 211, 27, 11.290, 114.13, 31.51, 11.285, 114.11, 31.52, 0.007, 319.21, -6.08);
insert into SHOT values (234, 198, 212, 27, 5.720, 128.70, 51.20, 5.710, 128.76, 51.20, 0.011, 277.74, -47.08);
insert into SHOT values (235, 198, 213, 27, 9.290, 152.12, 67.62, 9.287, 152.13, 67.66, 0.008, 328.44, -1.99);
insert into SHOT values (236, 198, 214, 27, 9.700, 176.83, 76.40, 9.693, 176.99, 76.38, 0.010, 246.92, -50.29);
insert into SHOT values (237, 198, 215, 27, 5.800, 250.77, 72.45, 5.802, 251.05, 72.39, 0.011, 304.83, -0.19);
insert into SHOT values (238, 198, 216, 27, 3.460, 253.50, 60.85, 3.461, 253.50, 60.77, 0.005, 251.77, -22.71);
insert into SHOT values (239, 198, 217, 27, 2.210, 257.01, 35.71, 2.211, 257.12, 35.70, 0.004, 336.80, 0.95);
insert into SHOT values (240, 198, 218, 27, 2.480, 133.47, -53.15, 2.483, 133.36, -53.26, 0.006, 10.63, -59.05);
insert into SHOT values (241, 198, 219, 27, 3.540, 139.66, -17.80, 3.542, 139.69, -17.92, 0.008, 243.23, -75.39);
insert into SHOT values (242, 198, 219, 27, 3.540, 139.72, -17.75, 3.542, 139.69, -17.92, 0.011, 7.07, -78.98);
insert into SHOT values (243, 198, 219, 27, 3.550, 139.50, -17.88, 3.542, 139.69, -17.92, 0.014, 266.22, -0.25);
insert into SHOT values (244, 219, 220, 27, 7.570, 133.05, -72.27, 7.580, 132.89, -72.28, 0.012, 55.58, -55.70);
insert into SHOT values (245, 219, 220, 27, 7.570, 133.12, -72.25, 7.580, 132.89, -72.28, 0.014, 36.22, -48.25);
insert into SHOT values (246, 219, 220, 27, 7.610, 132.85, -72.31, 7.580, 132.89, -72.28, 0.031, 296.36, 78.85);
insert into SHOT values (247, 220, 221, 27, 1.920, 230.84, -3.00, 1.922, 230.92, -2.98, 0.003, 283.55, 8.13);
insert into SHOT values (248, 220, 222, 27, 3.040, 193.95, -2.72, 3.043, 193.90, -2.83, 0.007, 145.61, -57.77);
insert into SHOT values (249, 220, 223, 27, 6.470, 159.01, -4.58, 6.469, 159.01, -4.61, 0.004, 352.33, -67.50);
insert into SHOT values (250, 220, 224, 27, 6.350, 141.03, -3.84, 6.351, 141.09, -3.88, 0.008, 228.40, -37.39);
insert into SHOT values (251, 220, 225, 27, 5.410, 127.06, -3.24, 5.413, 127.10, -3.28, 0.006, 183.59, -40.96);
insert into SHOT values (252, 220, 226, 27, 5.450, 123.60, -7.01, 5.450, 123.69, -7.06, 0.010, 219.91, -29.64);
insert into SHOT values (253, 220, 227, 27, 8.200, 109.81, -8.29, 8.196, 109.82, -8.28, 0.005, 269.44, 29.19);
insert into SHOT values (254, 220, 228, 27, 9.150, 100.28, -6.21, 9.151, 100.32, -6.21, 0.007, 182.48, -1.87);
insert into SHOT values (255, 220, 229, 27, 2.340, 89.60, -5.29, 2.340, 89.75, -5.39, 0.008, 179.79, -34.20);
insert into SHOT values (256, 220, 230, 27, 3.960, 318.32, 43.52, 3.960, 318.25, 43.58, 0.006, 186.35, 33.58);
insert into SHOT values (257, 220, 231, 27, 6.810, 324.49, 58.44, 6.807, 324.48, 58.44, 0.003, 167.69, -62.72);
insert into SHOT values (258, 220, 232, 27, 12.260, 330.55, 72.78, 12.260, 330.47, 72.77, 0.006, 264.96, -4.61);
insert into SHOT values (259, 220, 233, 27, 12.610, 13.97, 84.93, 12.609, 14.04, 84.93, 0.002, 145.57, -21.07);
insert into SHOT values (260, 220, 234, 27, 7.720, 134.37, 60.40, 7.720, 134.36, 60.36, 0.006, 129.70, -24.85);
insert into SHOT values (261, 220, 235, 27, 0.600, 156.70, 37.41, 0.599, 156.64, 36.91, 0.005, 146.88, -58.85);
insert into SHOT values (262, 220, 236, 27, 7.530, 145.64, -11.06, 7.530, 145.64, -11.10, 0.006, 303.74, -78.45);
insert into SHOT values (263, 220, 237, 27, 8.220, 152.50, -32.47, 8.216, 152.51, -32.46, 0.004, 302.41, 48.48);
insert into SHOT values (264, 220, 238, 27, 23.070, 193.79, -72.23, 23.071, 193.80, -72.22, 0.003, 219.65, -14.38);
insert into SHOT values (265, 220, 238, 27, 23.070, 193.73, -72.22, 23.071, 193.80, -72.22, 0.009, 293.26, -12.46);
insert into SHOT values (266, 220, 238, 27, 23.080, 193.85, -72.25, 23.071, 193.80, -72.22, 0.015, 152.37, 50.31);
insert into SHOT values (267, 238, 239, 27, 4.260, 308.26, 17.97, 4.258, 308.28, 17.92, 0.005, 67.32, -65.37);
insert into SHOT values (268, 238, 240, 27, 8.980, 333.62, 19.79, 8.978, 333.65, 19.79, 0.004, 86.76, -5.12);
insert into SHOT values (269, 238, 241, 27, 9.230, 350.95, 18.86, 9.232, 350.98, 18.83, 0.007, 42.33, -32.31);
insert into SHOT values (270, 238, 242, 27, 11.710, 8.26, 21.68, 11.708, 8.24, 21.65, 0.007, 290.34, -59.21);
insert into SHOT values (271, 238, 243, 27, 12.030, 11.50, 21.67, 12.025, 11.51, 21.67, 0.006, 168.31, -21.92);
insert into SHOT values (272, 238, 244, 27, 8.760, 21.90, 21.18, 8.760, 21.92, 21.14, 0.006, 70.37, -54.56);
insert into SHOT values (273, 238, 245, 27, 7.130, 34.68, 22.16, 7.128, 34.70, 22.09, 0.010, 94.27, -73.64);
insert into SHOT values (274, 238, 246, 27, 7.760, 53.73, 23.86, 7.756, 53.71, 23.80, 0.009, 312.92, -75.34);
insert into SHOT values (275, 238, 247, 27, 2.430, 75.12, 24.74, 2.425, 75.02, 24.61, 0.008, 317.81, -57.68);
insert into SHOT values (276, 238, 248, 27, 2.420, 99.12, 20.33, 2.419, 99.13, 20.32, 0.001, 240.65, -50.02);
insert into SHOT values (277, 238, 249, 27, 11.760, 13.74, 21.35, 11.760, 13.73, 21.34, 0.002, 287.61, -41.42);
insert into SHOT values (278, 238, 250, 27, 13.380, 16.81, 32.72, 13.383, 16.83, 32.70, 0.007, 47.60, -20.97);
insert into SHOT values (279, 238, 251, 27, 10.490, 15.77, 47.95, 10.482, 15.78, 47.92, 0.010, 161.70, -80.36);
insert into SHOT values (280, 238, 252, 27, 15.620, 18.37, 61.35, 15.614, 18.36, 61.33, 0.008, 355.07, -71.61);
insert into SHOT values (281, 238, 253, 27, 12.070, 91.10, 82.47, 12.064, 91.09, 82.47, 0.006, 284.36, -76.03);
insert into SHOT values (282, 238, 254, 27, 11.530, 141.26, 70.42, 11.526, 141.20, 70.42, 0.005, 27.10, -36.98);
insert into SHOT values (283, 238, 255, 27, 9.530, 144.86, 56.60, 9.525, 144.86, 56.58, 0.006, 93.21, -85.49);
insert into SHOT values (284, 238, 256, 27, 13.230, 353.48, 18.96, 13.227, 353.44, 18.93, 0.013, 262.05, -42.45);
insert into SHOT values (285, 238, 256, 27, 13.230, 353.45, 18.98, 13.227, 353.44, 18.93, 0.013, 288.10, -76.69);
insert into SHOT values (286, 238, 256, 27, 13.220, 353.37, 18.86, 13.227, 353.44, 18.93, 0.022, 76.61, 48.19);
insert into SHOT values (287, 238, 257, 27, 3.600, 299.56, 16.81, 3.593, 299.62, 16.82, 0.008, 90.86, -8.34);
insert into SHOT values (288, 238, 257, 27, 3.590, 299.48, 16.78, 3.593, 299.62, 16.82, 0.009, 14.01, 22.16);
insert into SHOT values (289, 238, 257, 27, 3.600, 299.72, 16.92, 3.593, 299.62, 16.82, 0.011, 171.54, -45.61);
insert into SHOT values (290, 256, 258, 27, 0.770, 303.26, -5.11, 0.769, 303.27, -5.22, 0.002, 115.36, -44.41);
insert into SHOT values (291, 256, 259, 27, 2.960, 317.94, 0.59, 2.960, 318.01, 0.58, 0.004, 48.67, -7.27);
insert into SHOT values (292, 256, 260, 27, 3.660, 325.01, 1.28, 3.663, 325.01, 1.25, 0.003, 322.44, -31.38);
insert into SHOT values (293, 256, 261, 27, 4.160, 333.79, 2.16, 4.162, 333.74, 2.07, 0.008, 275.41, -59.45);
insert into SHOT values (294, 256, 262, 27, 3.870, 341.11, -2.66, 3.872, 341.14, -2.66, 0.003, 33.48, -7.93);
insert into SHOT values (295, 256, 263, 27, 0.480, 248.56, -2.69, 0.486, 248.20, -3.54, 0.010, 218.03, -51.15);
insert into SHOT values (296, 256, 264, 27, 0.750, 198.07, -0.51, 0.746, 197.95, -0.77, 0.005, 41.37, -39.93);
insert into SHOT values (297, 256, 265, 27, 2.810, 183.42, -4.19, 2.813, 183.47, -4.28, 0.006, 228.40, -51.22);
insert into SHOT values (298, 256, 266, 27, 1.760, 166.00, 2.30, 1.765, 165.88, 2.27, 0.006, 128.71, -6.17);
insert into SHOT values (299, 256, 267, 27, 1.240, 149.31, -4.17, 1.245, 149.51, -4.15, 0.007, 190.57, 1.45);
insert into SHOT values (300, 256, 268, 27, 5.040, 324.23, 51.23, 5.038, 324.29, 51.26, 0.005, 98.35, 5.69);
insert into SHOT values (301, 256, 269, 27, 1.860, 171.80, 28.61, 1.863, 171.92, 28.54, 0.005, 217.32, -7.77);
insert into SHOT values (302, 256, 270, 27, 1.690, 216.96, -70.64, 1.696, 217.07, -70.58, 0.007, 233.44, -54.80);
insert into SHOT values (303, 256, 271, 27, 1.070, 287.67, -73.76, 1.071, 287.82, -74.06, 0.006, 99.20, -27.45);
insert into SHOT values (304, 256, 272, 27, 1.240, 326.05, -46.19, 1.243, 325.94, -46.40, 0.006, 196.18, -67.30);
insert into SHOT values (305, 256, 273, 27, 2.640, 330.55, -19.09, 2.642, 330.45, -19.23, 0.008, 234.16, -57.57);
insert into SHOT values (306, 256, 274, 27, 3.820, 332.01, -0.23, 3.834, 332.16, -0.30, 0.018, 9.36, -15.28);
insert into SHOT values (307, 256, 274, 27, 3.850, 332.31, -0.21, 3.834, 332.16, -0.30, 0.020, 182.90, -17.15);
insert into SHOT values (308, 256, 274, 27, 3.850, 332.13, -0.27, 3.834, 332.16, -0.30, 0.017, 144.03, -6.40);
insert into SHOT values (309, 274, 275, 27, 0.830, 26.42, 3.87, 0.834, 25.64, 4.13, 0.013, 314.72, 18.48);
insert into SHOT values (310, 274, 276, 27, 0.800, 66.08, 5.45, 0.796, 65.38, 5.77, 0.011, 311.64, 20.61);
insert into SHOT values (311, 274, 277, 27, 1.370, 118.20, 3.42, 1.362, 118.07, 3.37, 0.008, 320.01, -11.97);
insert into SHOT values (312, 274, 278, 27, 2.410, 146.28, 2.06, 2.404, 146.38, 2.15, 0.008, 294.85, 23.57);
insert into SHOT values (313, 274, 279, 27, 2.730, 163.99, 1.46, 2.726, 164.03, 1.47, 0.004, 320.34, 5.96);
insert into SHOT values (314, 274, 280, 27, 17.520, 165.33, 35.77, 17.518, 165.33, 35.77, 0.002, 359.34, -29.55);
insert into SHOT values (315, 274, 281, 27, 7.010, 164.47, 45.96, 7.006, 164.51, 46.00, 0.007, 317.49, 6.75);
insert into SHOT values (316, 274, 282, 27, 5.980, 167.31, 62.92, 5.982, 167.45, 63.01, 0.011, 305.87, 29.39);
insert into SHOT values (317, 274, 283, 27, 5.720, 292.48, 86.20, 5.723, 293.20, 86.18, 0.006, 3.18, 26.98);
insert into SHOT values (318, 274, 284, 27, 5.390, 343.12, 58.58, 5.392, 343.05, 58.56, 0.004, 286.47, 4.56);
insert into SHOT values (319, 274, 285, 27, 5.550, 342.71, 33.52, 5.556, 342.66, 33.54, 0.007, 293.40, 44.36);
insert into SHOT values (320, 274, 286, 27, 8.480, 347.11, 3.26, 8.487, 347.11, 3.24, 0.008, 349.25, -17.23);
insert into SHOT values (321, 274, 287, 27, 10.430, 351.97, -16.22, 10.432, 351.97, -16.20, 0.005, 343.21, 43.97);
insert into SHOT values (322, 274, 288, 27, 10.730, 358.40, -33.70, 10.734, 358.40, -33.66, 0.008, 353.55, 27.61);
insert into SHOT values (323, 274, 289, 27, 6.550, 4.04, -46.66, 6.551, 3.95, -46.60, 0.010, 310.49, 23.14);
insert into SHOT values (324, 274, 290, 27, 3.750, 19.39, -63.13, 3.746, 19.29, -63.09, 0.006, 294.96, 59.91);
insert into SHOT values (325, 274, 291, 27, 3.000, 56.12, -73.92, 2.999, 55.74, -73.83, 0.007, 1.26, 21.15);
insert into SHOT values (326, 274, 292, 27, 11.080, 348.65, -14.07, 11.055, 348.76, -14.03, 0.033, 124.69, 24.02);
insert into SHOT values (327, 274, 292, 27, 11.040, 348.84, -14.07, 11.055, 348.76, -14.03, 0.022, 308.35, 10.02);
insert into SHOT values (328, 274, 292, 27, 11.040, 348.89, -13.97, 11.055, 348.76, -14.03, 0.030, 285.96, -29.06);
insert into SHOT values (329, 257, 293, 27, 12.900, 253.03, -81.78, 12.899, 248.56, -82.20, 0.169, 127.18, -4.26);
insert into SHOT values (330, 257, 293, 27, 12.900, 246.66, -82.47, 12.899, 248.56, -82.20, 0.084, 290.91, 6.00);
insert into SHOT values (331, 257, 293, 27, 12.900, 245.87, -82.42, 12.899, 248.56, -82.20, 0.095, 305.84, 4.38);
insert into SHOT values (332, 293, 294, 27, 4.410, 345.18, 20.43, 4.413, 345.29, 20.42, 0.009, 55.39, 4.23);
insert into SHOT values (333, 293, 295, 27, 8.870, 351.91, 15.43, 8.874, 351.94, 15.42, 0.006, 34.27, 0.39);
insert into SHOT values (334, 293, 296, 27, 7.560, 5.58, 14.80, 7.566, 5.65, 14.78, 0.011, 59.59, -6.20);
insert into SHOT values (335, 293, 297, 27, 5.250, 19.23, 16.13, 5.258, 19.30, 16.01, 0.015, 47.88, -35.38);
insert into SHOT values (336, 293, 298, 27, 3.810, 42.56, 16.70, 3.811, 42.56, 16.62, 0.006, 40.70, -61.01);
insert into SHOT values (337, 293, 299, 27, 6.340, 63.12, 13.20, 6.346, 63.06, 13.12, 0.013, 25.45, -37.02);
insert into SHOT values (338, 293, 300, 27, 4.620, 91.52, 12.89, 4.627, 91.40, 12.86, 0.012, 40.24, -2.91);
insert into SHOT values (339, 293, 301, 27, 3.360, 120.28, 15.27, 3.357, 120.21, 15.20, 0.007, 10.83, -47.74);
insert into SHOT values (340, 293, 302, 27, 3.200, 150.56, 14.30, 3.202, 150.46, 14.28, 0.006, 85.73, -3.84);
insert into SHOT values (341, 293, 303, 27, 3.150, 152.81, 22.22, 3.150, 152.64, 22.20, 0.009, 62.96, -8.20);
insert into SHOT values (342, 293, 304, 27, 4.200, 127.37, 41.17, 4.197, 127.16, 41.12, 0.013, 39.49, -22.64);
insert into SHOT values (343, 293, 305, 27, 5.410, 139.98, 58.93, 5.405, 139.80, 58.94, 0.010, 29.22, -22.41);
insert into SHOT values (344, 293, 306, 27, 9.080, 134.13, 73.13, 9.082, 133.92, 73.11, 0.010, 61.36, 4.35);
insert into SHOT values (345, 293, 307, 27, 10.450, 57.53, 74.03, 10.446, 57.47, 73.98, 0.010, 33.77, -40.76);
insert into SHOT values (346, 293, 308, 27, 8.820, 16.52, 63.86, 8.816, 16.57, 63.80, 0.010, 47.74, -49.02);
insert into SHOT values (347, 293, 309, 27, 10.110, 2.77, 50.89, 10.106, 2.79, 50.87, 0.005, 91.60, -69.15);
insert into SHOT values (348, 293, 310, 27, 9.270, 354.58, 31.12, 9.278, 354.58, 31.08, 0.010, 357.57, -6.17);
insert into SHOT values (349, 293, 311, 27, 8.670, 354.14, 15.02, 8.668, 354.17, 14.98, 0.008, 90.40, -54.29);
insert into SHOT values (350, 293, 312, 27, 7.080, 1.79, 4.03, 7.080, 1.78, 3.97, 0.008, 327.52, -81.52);
insert into SHOT values (351, 293, 313, 27, 1.510, 129.48, -44.57, 1.508, 129.33, -44.65, 0.004, 355.85, -4.51);
insert into SHOT values (352, 293, 314, 27, 3.590, 158.74, -9.15, 3.589, 158.65, -9.14, 0.006, 57.22, 8.72);
insert into SHOT values (353, 293, 314, 27, 3.590, 158.82, -9.06, 3.589, 158.65, -9.14, 0.012, 57.85, -23.52);
insert into SHOT values (354, 293, 314, 27, 3.600, 158.70, -9.06, 3.589, 158.65, -9.14, 0.013, 353.52, -14.18);
insert into SHOT values (355, 314, 315, 27, 1.240, 204.66, 74.02, 1.238, 204.30, 74.05, 0.003, 84.35, -40.45);
insert into SHOT values (356, 314, 316, 27, 0.950, 251.55, 58.11, 0.947, 251.57, 57.69, 0.008, 253.41, -58.25);
insert into SHOT values (357, 314, 317, 27, 0.720, 244.64, 38.60, 0.721, 244.80, 38.60, 0.002, 303.30, 23.79);
insert into SHOT values (358, 314, 318, 27, 0.560, 248.83, 2.07, 0.557, 248.96, 2.06, 0.003, 41.57, -4.62);
insert into SHOT values (359, 314, 319, 27, 1.270, 254.17, -42.24, 1.272, 253.89, -42.55, 0.009, 127.63, -47.33);
insert into SHOT values (360, 314, 320, 27, 1.650, 250.33, -69.80, 1.652, 250.62, -69.73, 0.004, 296.88, -20.73);
insert into SHOT values (361, 314, 321, 27, 2.640, 273.66, -85.61, 2.638, 272.86, -85.65, 0.004, 150.11, 33.98);
insert into SHOT values (362, 314, 322, 27, 2.510, 71.55, -80.55, 2.514, 71.57, -80.59, 0.004, 245.46, -75.92);
insert into SHOT values (363, 314, 323, 27, 4.370, 174.70, -6.07, 4.374, 174.72, -6.17, 0.009, 204.39, -66.83);
insert into SHOT values (364, 314, 323, 27, 4.370, 174.67, -6.10, 4.374, 174.72, -6.17, 0.008, 225.86, -47.97);
insert into SHOT values (365, 314, 323, 27, 4.370, 174.71, -6.18, 4.374, 174.72, -6.17, 0.004, 188.15, 6.38);
insert into SHOT values (366, 323, 324, 27, 1.430, 140.58, -87.39, 1.431, 141.34, -87.44, 0.002, 282.72, -46.98);
insert into SHOT values (367, 323, 325, 27, 4.040, 120.82, -78.20, 4.035, 120.61, -78.20, 0.006, 8.77, 54.34);
insert into SHOT values (368, 323, 326, 27, 1.470, 100.03, -74.76, 1.472, 100.44, -74.78, 0.003, 190.54, -31.67);
insert into SHOT values (369, 323, 327, 27, 0.570, 80.94, -56.24, 0.565, 80.84, -56.25, 0.005, 272.46, 54.12);
insert into SHOT values (370, 323, 328, 27, 0.300, 65.48, -30.67, 0.304, 65.38, -29.60, 0.007, 60.91, 26.81);
insert into SHOT values (371, 323, 329, 27, 0.580, 63.85, 51.96, 0.583, 63.43, 52.13, 0.004, 341.73, 50.76);
insert into SHOT values (372, 323, 330, 27, 1.290, 54.43, 77.32, 1.292, 53.53, 77.21, 0.005, 356.47, 15.43);
insert into SHOT values (373, 323, 331, 27, 2.690, 152.46, 50.05, 2.688, 152.40, 50.03, 0.003, 40.62, -46.22);
insert into SHOT values (374, 323, 332, 27, 2.030, 150.06, 25.32, 2.033, 149.95, 25.34, 0.005, 88.58, 23.59);
insert into SHOT values (375, 323, 333, 27, 1.790, 149.61, 6.74, 1.787, 149.53, 6.75, 0.003, 12.12, -1.35);
insert into SHOT values (376, 323, 334, 27, 3.340, 155.08, -27.64, 3.339, 154.99, -27.66, 0.005, 44.34, -6.37);
insert into SHOT values (377, 323, 335, 27, 4.870, 152.55, -45.93, 4.867, 152.53, -45.99, 0.006, 346.28, -8.89);
insert into SHOT values (378, 323, 336, 27, 1.760, 351.61, -36.32, 1.755, 351.87, -36.33, 0.008, 112.72, 18.03);
insert into SHOT values (379, 323, 337, 27, 2.920, 351.05, -17.14, 2.923, 351.14, -17.11, 0.006, 48.23, 5.68);
insert into SHOT values (380, 323, 338, 27, 4.450, 153.70, -6.25, 4.450, 153.55, -6.32, 0.013, 60.65, -25.67);
insert into SHOT values (381, 323, 338, 27, 4.460, 153.56, -6.20, 4.450, 153.55, -6.32, 0.014, 337.26, -37.15);
insert into SHOT values (382, 323, 338, 27, 4.450, 153.54, -6.44, 4.450, 153.55, -6.32, 0.009, 192.52, 81.72);
insert into SHOT values (383, 338, 339, 27, 4.450, 153.41, -6.41, 4.454, 153.43, -6.32, 0.009, 173.63, 50.68);
insert into SHOT values (384, 338, 340, 27, 1.080, 87.38, -73.61, 1.073, 88.09, -73.75, 0.009, 228.41, 45.91);
insert into SHOT values (385, 338, 341, 27, 0.600, 67.44, -30.60, 0.597, 68.40, -30.16, 0.010, 159.30, 31.96);
insert into SHOT values (386, 338, 342, 27, 0.530, 57.76, 24.88, 0.532, 58.63, 25.59, 0.010, 152.93, 43.89);
insert into SHOT values (387, 338, 343, 27, 1.060, 65.31, 68.87, 1.062, 65.43, 68.76, 0.003, 82.17, 24.05);
insert into SHOT values (388, 338, 344, 27, 1.400, 39.44, 83.85, 1.408, 42.27, 83.94, 0.011, 141.02, 47.04);
insert into SHOT values (389, 338, 345, 27, 0.980, 113.31, 12.19, 0.985, 113.90, 12.31, 0.011, 178.52, 15.65);
insert into SHOT values (390, 338, 345, 27, 0.980, 113.52, 11.79, 0.985, 113.90, 12.31, 0.012, 177.00, 53.69);
insert into SHOT values (391, 338, 345, 27, 0.980, 113.56, 11.68, 0.985, 113.90, 12.31, 0.013, 177.39, 61.11);
insert into SHOT values (392, 345, 346, 27, 1.380, 221.76, 74.97, 1.376, 222.71, 75.10, 0.008, 346.60, -21.34);
insert into SHOT values (393, 345, 347, 27, 1.620, 238.53, 48.84, 1.618, 238.85, 48.93, 0.007, 354.81, 2.95);
insert into SHOT values (394, 345, 348, 27, 0.610, 247.24, 28.31, 0.612, 248.20, 28.30, 0.009, 328.40, 4.47);
insert into SHOT values (395, 345, 349, 27, 0.730, 222.13, -42.02, 0.728, 221.99, -42.32, 0.005, 59.91, -17.03);
insert into SHOT values (396, 345, 350, 27, 2.090, 179.18, -74.98, 2.091, 178.94, -75.03, 0.003, 54.89, -27.06);
insert into SHOT values (397, 345, 351, 27, 4.000, 145.01, -77.46, 4.005, 144.85, -77.48, 0.006, 52.74, -65.33);
insert into SHOT values (398, 345, 352, 27, 0.810, 109.33, -70.60, 0.814, 107.74, -71.18, 0.012, 336.79, -31.29);
insert into SHOT values (399, 345, 353, 27, 14.600, 145.01, 0.26, 14.598, 145.01, 0.24, 0.007, 295.13, -70.16);
insert into SHOT values (400, 345, 354, 27, 7.130, 144.79, 0.77, 7.128, 144.88, 0.88, 0.018, 244.76, 50.41);
insert into SHOT values (401, 345, 354, 27, 7.110, 144.97, 0.79, 7.128, 144.88, 0.88, 0.024, 113.91, 29.67);
insert into SHOT values (402, 345, 354, 27, 7.150, 144.87, 1.19, 7.128, 144.88, 0.88, 0.044, 320.54, -61.17);
insert into SHOT values (403, 354, 355, 27, 0.450, 40.35, 14.52, 0.454, 39.47, 14.02, 0.009, 345.65, -18.86);
insert into SHOT values (404, 354, 356, 27, 3.350, 321.42, -86.14, 3.348, 320.19, -85.99, 0.010, 291.58, 13.41);
insert into SHOT values (405, 354, 356, 27, 3.350, 319.55, -86.05, 3.348, 320.19, -85.99, 0.005, 356.33, 24.89);
insert into SHOT values (406, 354, 356, 27, 3.350, 317.38, -85.69, 3.348, 320.19, -85.99, 0.021, 104.41, 1.43);
insert into SHOT values (407, 356, 357, 27, 1.020, 75.15, -78.79, 1.019, 75.26, -78.88, 0.002, 243.84, 16.17);
insert into SHOT values (408, 356, 358, 27, 3.390, 200.24, -80.96, 3.392, 200.81, -80.93, 0.006, 267.60, -20.18);
insert into SHOT values (409, 356, 359, 27, 1.080, 196.55, -70.57, 1.080, 196.39, -70.84, 0.005, 28.07, -16.88);
insert into SHOT values (410, 356, 360, 27, 0.580, 59.21, -47.05, 0.584, 59.53, -47.47, 0.006, 167.39, -66.74);
insert into SHOT values (411, 356, 361, 27, 0.880, 73.27, 66.64, 0.880, 73.14, 66.94, 0.005, 263.92, 27.02);
insert into SHOT values (412, 356, 362, 27, 3.520, 124.51, 86.80, 3.515, 124.51, 86.83, 0.005, 304.63, -62.72);
insert into SHOT values (413, 356, 363, 27, 3.440, 321.26, 19.54, 3.442, 321.26, 19.52, 0.002, 316.77, -16.78);
insert into SHOT values (414, 356, 364, 27, 5.960, 134.65, -12.30, 5.957, 134.37, -12.31, 0.028, 37.70, -0.69);
insert into SHOT values (415, 356, 364, 27, 5.960, 133.73, -12.32, 5.957, 134.37, -12.31, 0.065, 226.60, 1.48);
insert into SHOT values (416, 356, 364, 27, 5.960, 134.74, -12.34, 5.957, 134.37, -12.31, 0.038, 40.77, 5.70);
insert into SHOT values (417, 364, 365, 27, 3.230, 293.00, -82.63, 3.236, 292.83, -82.68, 0.007, 143.60, -70.62);
insert into SHOT values (418, 364, 366, 27, 1.910, 271.50, -77.67, 1.914, 271.40, -77.63, 0.005, 253.43, -59.67);
insert into SHOT values (419, 364, 367, 27, 1.530, 251.63, -46.71, 1.537, 251.74, -46.76, 0.008, 278.22, -55.18);
insert into SHOT values (420, 364, 368, 27, 1.090, 259.39, -0.10, 1.089, 259.41, -0.53, 0.008, 63.03, -79.31);
insert into SHOT values (421, 364, 369, 27, 1.370, 258.61, 39.64, 1.365, 258.48, 39.61, 0.006, 111.41, -41.51);
insert into SHOT values (422, 364, 370, 27, 1.720, 244.73, 63.35, 1.715, 244.76, 63.17, 0.008, 254.15, -71.51);
insert into SHOT values (423, 364, 371, 27, 1.110, 53.36, -78.45, 1.112, 54.16, -78.49, 0.004, 147.65, -38.47);
insert into SHOT values (424, 364, 372, 27, 6.620, 149.00, 12.11, 6.622, 148.84, 12.12, 0.018, 63.40, 3.75);
insert into SHOT values (425, 364, 372, 27, 6.620, 148.82, 12.23, 6.622, 148.84, 12.12, 0.013, 175.01, -68.58);
insert into SHOT values (426, 364, 372, 27, 6.620, 148.75, 12.18, 6.622, 148.84, 12.12, 0.012, 221.50, -32.53);
insert into SHOT values (427, 372, 373, 27, 2.580, 14.82, -77.26, 2.573, 14.28, -77.26, 0.009, 269.66, 49.53);
insert into SHOT values (428, 372, 374, 27, 0.990, 20.85, -68.74, 0.988, 19.44, -68.60, 0.009, 300.27, 16.27);
insert into SHOT values (429, 372, 375, 27, 0.450, 21.62, -44.26, 0.448, 21.80, -43.81, 0.004, 72.66, 72.05);
insert into SHOT values (430, 372, 376, 27, 1.330, 306.83, -80.80, 1.327, 307.41, -80.72, 0.004, 4.57, 48.68);
insert into SHOT values (431, 372, 377, 27, 0.710, 245.67, -60.74, 0.712, 246.37, -60.60, 0.005, 308.10, -6.96);
insert into SHOT values (432, 372, 378, 27, 0.730, 222.60, 2.28, 0.729, 223.33, 2.36, 0.009, 317.84, 5.86);
insert into SHOT values (433, 372, 379, 27, 1.530, 201.51, 50.15, 1.533, 201.58, 50.33, 0.006, 346.03, 67.98);
insert into SHOT values (434, 372, 380, 27, 2.500, 196.67, 72.64, 2.503, 197.22, 72.72, 0.009, 307.30, 27.13);
insert into SHOT values (435, 372, 381, 27, 3.160, 300.84, 83.64, 3.159, 300.96, 83.64, 0.001, 45.17, -35.28);
insert into SHOT values (436, 372, 382, 27, 4.500, 136.42, -4.08, 4.496, 136.45, -4.08, 0.005, 290.40, 2.15);
insert into SHOT values (437, 372, 383, 27, 4.320, 136.21, -4.08, 4.318, 136.22, -3.98, 0.008, 287.81, 74.55);
insert into SHOT values (438, 372, 384, 27, 4.330, 136.20, -4.07, 4.332, 136.22, -3.97, 0.008, 167.74, 69.61);
insert into SHOT values (439, 372, 385, 27, 4.000, 135.08, -3.25, 3.994, 135.20, -3.16, 0.012, 257.61, 33.66);
insert into SHOT values (440, 372, 385, 27, 4.000, 135.13, -3.24, 3.994, 135.20, -3.16, 0.010, 272.34, 39.01);
insert into SHOT values (441, 372, 385, 27, 4.000, 135.26, -3.24, 3.994, 135.20, -3.16, 0.009, 350.98, 41.88);
insert into SHOT values (442, 385, 386, 27, 0.910, 238.31, 26.31, 0.906, 238.07, 26.20, 0.005, 109.77, -37.39);
insert into SHOT values (443, 385, 387, 27, 0.800, 233.56, -8.00, 0.795, 233.28, -8.68, 0.011, 85.62, -49.72);
insert into SHOT values (444, 385, 388, 27, 0.730, 231.72, -52.23, 0.733, 231.34, -52.30, 0.004, 161.85, -43.02);
insert into SHOT values (445, 385, 389, 27, 1.650, 207.04, -75.10, 1.655, 206.57, -75.13, 0.007, 126.22, -56.93);
insert into SHOT values (446, 385, 390, 27, 3.430, 150.49, -75.48, 3.431, 150.17, -75.40, 0.007, 104.03, 3.87);
insert into SHOT values (447, 385, 391, 27, 0.650, 349.49, -4.18, 0.653, 349.38, -4.39, 0.004, 326.10, -39.87);
insert into SHOT values (448, 385, 392, 27, 1.390, 310.13, 1.72, 1.391, 310.33, 1.65, 0.005, 26.92, -18.77);
insert into SHOT values (449, 385, 393, 27, 0.840, 278.83, 1.96, 0.841, 278.90, 2.05, 0.002, 338.72, 46.27);
insert into SHOT values (450, 385, 394, 27, 0.810, 251.10, -1.85, 0.804, 251.11, -2.14, 0.007, 69.34, -31.28);
insert into SHOT values (451, 385, 395, 27, 1.200, 192.55, 5.22, 1.204, 192.53, 5.24, 0.004, 185.37, 13.08);
insert into SHOT values (452, 385, 396, 27, 3.600, 165.75, 2.80, 3.597, 165.65, 2.87, 0.008, 44.08, 30.42);
insert into SHOT values (453, 385, 396, 27, 3.600, 165.67, 2.93, 3.597, 165.65, 2.87, 0.005, 2.37, -49.48);
insert into SHOT values (454, 385, 396, 27, 3.600, 165.69, 3.14, 3.597, 165.65, 2.87, 0.018, 26.54, -78.73);
insert into SHOT values (455, 396, 397, 27, 1.890, 59.49, -63.91, 1.893, 59.74, -63.88, 0.005, 116.99, -30.56);
insert into SHOT values (456, 396, 398, 27, 0.780, 58.86, -39.39, 0.779, 59.20, -38.99, 0.007, 113.24, 48.56);
insert into SHOT values (457, 396, 399, 27, 0.500, 70.56, 8.10, 0.501, 71.20, 8.03, 0.006, 145.96, -4.50);
insert into SHOT values (458, 396, 400, 27, 0.530, 69.21, 51.30, 0.533, 70.46, 51.93, 0.010, 178.51, 39.89);
insert into SHOT values (459, 396, 401, 27, 0.470, 99.78, 81.84, 0.475, 98.13, 81.44, 0.007, 72.63, 46.84);
insert into SHOT values (460, 396, 402, 27, 0.560, 140.78, -87.95, 0.560, 153.43, -87.71, 0.005, 210.76, -3.93);
insert into SHOT values (461, 396, 403, 27, 8.090, 109.58, -51.72, 8.091, 109.77, -51.59, 0.024, 158.59, 25.76);
insert into SHOT values (462, 396, 403, 27, 8.090, 109.69, -51.56, 8.091, 109.77, -51.59, 0.008, 225.16, -24.12);
insert into SHOT values (463, 396, 403, 27, 8.080, 109.89, -51.55, 8.091, 109.77, -51.59, 0.016, 29.56, -48.39);
insert into SHOT values (464, 403, 404, 27, 2.820, 192.24, 20.48, 2.820, 192.25, 20.56, 0.004, 2.41, 62.88);
insert into SHOT values (465, 403, 405, 27, 1.540, 243.47, 36.33, 1.543, 243.64, 36.60, 0.009, 0.17, 61.48);
insert into SHOT values (466, 403, 406, 27, 1.960, 270.91, 13.29, 1.963, 270.90, 13.26, 0.003, 263.84, -11.61);
insert into SHOT values (467, 403, 407, 27, 3.440, 291.13, 6.55, 3.442, 291.09, 6.67, 0.008, 228.51, 68.58);
insert into SHOT values (468, 403, 408, 27, 2.270, 298.45, 8.75, 2.269, 298.51, 8.87, 0.005, 65.90, 58.38);
insert into SHOT values (469, 403, 409, 27, 1.850, 309.67, 12.89, 1.852, 309.60, 13.11, 0.008, 237.09, 72.98);
insert into SHOT values (470, 403, 410, 27, 1.190, 325.54, 2.75, 1.189, 325.64, 2.89, 0.004, 91.13, 48.58);
insert into SHOT values (471, 403, 411, 27, 1.390, 234.78, 24.13, 1.393, 234.93, 24.16, 0.004, 293.42, 23.69);
insert into SHOT values (472, 403, 412, 27, 1.850, 243.40, 47.89, 1.854, 243.64, 48.09, 0.009, 351.91, 53.90);
insert into SHOT values (473, 403, 413, 27, 2.310, 248.45, 56.75, 2.317, 248.70, 56.86, 0.010, 339.25, 55.67);
insert into SHOT values (474, 403, 414, 27, 5.090, 251.52, 59.84, 5.091, 251.57, 59.79, 0.005, 277.44, -11.59);
insert into SHOT values (475, 403, 415, 27, 5.640, 267.04, 54.29, 5.642, 267.04, 54.27, 0.002, 269.84, 9.92);
insert into SHOT values (476, 403, 416, 27, 2.350, 164.57, -75.81, 2.340, 164.74, -75.90, 0.010, 328.37, 53.07);
insert into SHOT values (477, 403, 417, 27, 3.120, 135.04, -49.59, 3.140, 135.00, -49.57, 0.020, 129.21, -45.73);
insert into SHOT values (478, 403, 417, 27, 3.150, 134.87, -49.53, 3.140, 135.00, -49.57, 0.011, 285.00, 34.39);
insert into SHOT values (479, 403, 417, 27, 3.150, 135.24, -49.64, 3.140, 135.00, -49.57, 0.014, 23.20, 48.14);
insert into SHOT values (480, 417, 418, 27, 0.910, 198.90, -22.89, 0.900, 199.75, -22.90, 0.016, 327.27, 14.21);
insert into SHOT values (481, 417, 418, 27, 0.890, 199.25, -23.09, 0.900, 199.75, -22.90, 0.012, 234.95, -4.47);
insert into SHOT values (482, 417, 418, 27, 0.890, 199.43, -23.12, 0.900, 199.75, -22.90, 0.011, 223.62, -2.73);
insert into SHOT values (483, 418, 419, 27, 0.880, 95.36, -76.81, 0.873, 95.71, -76.70, 0.007, 176.37, 79.60);
insert into SHOT values (484, 418, 420, 27, 2.350, 106.27, -70.36, 2.347, 106.14, -70.30, 0.004, 54.01, 56.25);
insert into SHOT values (485, 418, 421, 27, 0.970, 95.23, -53.39, 0.973, 94.93, -53.26, 0.005, 55.24, -15.94);
insert into SHOT values (486, 418, 422, 27, 0.660, 85.53, -25.85, 0.668, 85.24, -25.72, 0.009, 64.70, -14.40);
insert into SHOT values (487, 418, 423, 27, 0.560, 82.51, -3.50, 0.566, 81.87, -3.04, 0.010, 39.16, 24.46);
insert into SHOT values (488, 418, 424, 27, 0.600, 72.06, 43.57, 0.610, 71.57, 43.49, 0.011, 46.46, 36.11);
insert into SHOT values (489, 418, 425, 27, 0.740, 63.13, 64.78, 0.743, 64.23, 64.33, 0.009, 106.04, 3.39);
insert into SHOT values (490, 418, 426, 27, 7.620, 162.79, -1.85, 7.627, 162.75, -1.80, 0.010, 126.92, 35.95);
insert into SHOT values (491, 418, 426, 27, 7.630, 162.78, -1.79, 7.627, 162.75, -1.80, 0.005, 27.50, -18.46);
insert into SHOT values (492, 418, 426, 27, 7.630, 162.75, -1.79, 7.627, 162.75, -1.80, 0.004, 335.08, -24.97);
insert into SHOT values (493, 426, 427, 27, 0.470, 171.46, 84.86, 0.472, 165.96, 84.99, 0.005, 66.36, 24.80);
insert into SHOT values (494, 426, 428, 27, 0.580, 251.50, 62.36, 0.582, 252.26, 63.22, 0.010, 43.85, 39.70);
insert into SHOT values (495, 426, 429, 27, 0.520, 253.99, 11.46, 0.519, 254.05, 11.10, 0.003, 346.55, -80.16);
insert into SHOT values (496, 426, 430, 27, 1.250, 261.24, -57.64, 1.244, 261.38, -57.55, 0.006, 33.27, 68.93);
insert into SHOT values (497, 426, 431, 27, 1.590, 240.50, -69.90, 1.586, 240.12, -70.01, 0.006, 99.47, 29.19);
insert into SHOT values (498, 426, 432, 27, 2.940, 236.43, -76.09, 2.936, 236.53, -76.06, 0.004, 306.10, 70.00);
insert into SHOT values (499, 426, 433, 27, 2.900, 238.62, -84.49, 2.903, 239.74, -84.51, 0.006, 335.54, -31.78);
insert into SHOT values (500, 426, 434, 27, 2.110, 170.78, 1.07, 2.108, 170.72, 1.09, 0.003, 39.84, 10.94);
insert into SHOT values (501, 426, 435, 27, 2.280, 174.86, 32.42, 2.281, 174.94, 32.33, 0.005, 218.08, -30.91);
insert into SHOT values (502, 426, 436, 27, 0.380, 184.92, 59.31, 0.381, 183.01, 60.03, 0.008, 64.01, 23.59);
insert into SHOT values (503, 426, 437, 27, 1.570, 252.08, 75.29, 1.571, 252.47, 75.31, 0.003, 345.78, 27.96);
insert into SHOT values (504, 426, 438, 27, 1.250, 322.84, 42.27, 1.252, 322.88, 42.15, 0.003, 335.83, -14.11);
insert into SHOT values (505, 426, 439, 27, 0.940, 310.45, 17.61, 0.940, 310.46, 17.98, 0.006, 125.48, 68.59);
insert into SHOT values (506, 426, 440, 27, 3.020, 332.78, -70.79, 3.017, 332.92, -70.87, 0.006, 128.81, 17.64);
insert into SHOT values (507, 426, 441, 27, 5.060, 183.33, -51.84, 5.060, 183.30, -51.86, 0.002, 55.72, -35.48);
insert into SHOT values (508, 426, 441, 27, 5.090, 183.24, -51.86, 5.060, 183.30, -51.86, 0.030, 352.80, 51.36);
insert into SHOT values (509, 426, 441, 27, 5.040, 183.31, -51.84, 5.060, 183.30, -51.86, 0.020, 181.04, -56.82);
insert into SHOT values (510, 441, 442, 27, 3.790, 320.84, 77.59, 3.788, 321.01, 77.64, 0.005, 109.60, -17.41);
insert into SHOT values (511, 441, 443, 27, 3.920, 199.48, 71.36, 3.916, 199.59, 71.35, 0.005, 298.71, -60.41);
insert into SHOT values (512, 441, 444, 27, 5.860, 184.98, 44.29, 5.859, 184.92, 44.27, 0.005, 105.70, -24.79);
insert into SHOT values (513, 441, 445, 27, 8.840, 177.84, 38.28, 8.847, 177.85, 38.28, 0.007, 195.43, 31.63);
insert into SHOT values (514, 441, 446, 27, 7.300, 172.56, 26.93, 7.308, 172.50, 26.93, 0.010, 131.48, 21.55);
insert into SHOT values (515, 441, 447, 27, 6.380, 170.63, 13.91, 6.379, 170.61, 13.88, 0.004, 81.00, -64.79);
insert into SHOT values (516, 441, 448, 27, 2.910, 173.68, -5.09, 2.909, 173.66, -5.13, 0.002, 45.55, -54.55);
insert into SHOT values (517, 441, 449, 27, 1.600, 168.71, -34.41, 1.602, 168.69, -34.17, 0.007, 164.10, 36.05);
insert into SHOT values (518, 441, 450, 27, 2.140, 314.07, -66.77, 2.142, 314.52, -66.87, 0.008, 65.64, -26.24);
insert into SHOT values (519, 441, 451, 27, 3.020, 324.26, -39.64, 3.024, 324.26, -39.65, 0.004, 325.97, -49.66);
insert into SHOT values (520, 441, 452, 27, 2.000, 322.85, -10.55, 1.999, 323.07, -10.67, 0.009, 69.02, -25.72);
insert into SHOT values (521, 441, 453, 27, 2.080, 322.37, 24.66, 2.081, 322.52, 24.72, 0.006, 54.68, 23.00);
insert into SHOT values (522, 441, 454, 27, 2.230, 320.56, 49.43, 2.226, 320.60, 49.38, 0.004, 93.51, -70.94);
insert into SHOT values (523, 441, 455, 27, 2.850, 309.89, 69.01, 2.847, 309.81, 69.11, 0.006, 144.97, -8.72);
insert into SHOT values (524, 441, 456, 27, 2.180, 330.78, -4.53, 2.182, 330.84, -4.47, 0.004, 14.64, 32.22);
insert into SHOT values (525, 441, 457, 27, 2.130, 315.47, -3.61, 2.125, 315.38, -3.51, 0.007, 171.95, 36.89);
insert into SHOT values (526, 441, 458, 27, 1.900, 277.71, -5.09, 1.894, 277.61, -5.15, 0.007, 125.82, -12.13);
insert into SHOT values (527, 441, 459, 27, 1.710, 248.71, -3.42, 1.710, 248.70, -3.35, 0.002, 115.85, 75.65);
insert into SHOT values (528, 441, 460, 27, 1.470, 234.71, 3.50, 1.465, 234.46, 3.52, 0.008, 107.06, 1.86);
insert into SHOT values (529, 441, 461, 27, 1.860, 201.34, 8.53, 1.858, 201.40, 8.67, 0.005, 349.22, 50.67);
insert into SHOT values (530, 441, 462, 27, 4.390, 189.21, 6.32, 4.393, 189.23, 6.27, 0.005, 209.17, -44.14);
insert into SHOT values (531, 441, 463, 27, 6.730, 173.63, 9.34, 6.730, 173.60, 9.32, 0.004, 93.93, -34.68);
insert into SHOT values (532, 441, 464, 27, 5.810, 162.45, 14.14, 5.809, 162.43, 14.15, 0.002, 33.51, 17.73);
insert into SHOT values (533, 441, 465, 27, 3.830, 149.00, 17.06, 3.832, 148.96, 16.99, 0.006, 109.71, -39.03);
insert into SHOT values (534, 441, 466, 27, 2.390, 136.97, 19.06, 2.388, 136.97, 19.06, 0.002, 311.31, -13.52);
insert into SHOT values (535, 441, 467, 27, 3.780, 169.16, 4.25, 3.778, 169.14, 4.25, 0.003, 24.38, -2.90);
insert into SHOT values (536, 441, 467, 27, 3.770, 169.28, 4.25, 3.778, 169.14, 4.25, 0.012, 119.26, 2.86);
insert into SHOT values (537, 441, 467, 27, 3.780, 169.26, 4.17, 3.778, 169.14, 4.25, 0.010, 62.05, 31.32);
insert into SHOT values (538, 467, 468, 27, 1.490, 108.98, 21.08, 1.483, 108.96, 20.94, 0.008, 294.82, -48.77);
insert into SHOT values (539, 467, 469, 27, 2.980, 92.39, 64.00, 2.979, 92.64, 64.10, 0.008, 223.32, 11.85);
insert into SHOT values (540, 467, 470, 27, 4.340, 59.10, 80.28, 4.340, 59.17, 80.42, 0.011, 234.24, 12.07);
insert into SHOT values (541, 467, 471, 27, 4.790, 328.91, 85.02, 4.788, 327.85, 85.05, 0.008, 220.97, -13.39);
insert into SHOT values (542, 467, 472, 27, 3.940, 249.99, 84.86, 3.937, 250.56, 84.74, 0.009, 275.39, -26.43);
insert into SHOT values (543, 467, 473, 27, 3.060, 270.90, 68.04, 3.064, 271.00, 67.95, 0.006, 289.17, 18.11);
insert into SHOT values (544, 467, 474, 27, 2.660, 266.37, 47.89, 2.657, 266.46, 47.85, 0.004, 1.97, -48.76);
insert into SHOT values (545, 467, 475, 27, 2.000, 260.37, 25.71, 2.004, 260.43, 25.73, 0.004, 293.13, 32.71);
insert into SHOT values (546, 467, 476, 27, 1.860, 257.83, -4.00, 1.866, 257.91, -4.00, 0.006, 280.52, -2.29);
insert into SHOT values (547, 467, 477, 27, 1.500, 251.22, -33.46, 1.505, 251.42, -33.47, 0.007, 298.83, -26.49);
insert into SHOT values (548, 467, 478, 27, 1.540, 249.23, -31.14, 1.549, 249.24, -31.10, 0.009, 251.17, -24.35);
insert into SHOT values (549, 467, 479, 27, 1.930, 252.58, -2.52, 1.931, 252.50, -2.67, 0.006, 186.16, -61.57);
insert into SHOT values (550, 467, 480, 27, 1.460, 206.80, 3.42, 1.460, 206.92, 3.14, 0.008, 286.46, -66.98);
insert into SHOT values (551, 467, 481, 27, 2.960, 162.46, 4.62, 2.957, 162.43, 4.65, 0.004, 14.64, 25.49);
insert into SHOT values (552, 467, 482, 27, 1.580, 129.33, 12.32, 1.577, 129.47, 12.08, 0.008, 247.23, -58.68);
insert into SHOT values (553, 467, 483, 27, 1.410, 104.25, 15.54, 1.406, 104.55, 15.68, 0.009, 229.87, 14.46);
insert into SHOT values (554, 467, 484, 27, 1.410, 89.62, 12.61, 1.405, 89.58, 12.75, 0.006, 278.35, 19.88);
insert into SHOT values (555, 467, 485, 27, 1.860, 49.27, 13.68, 1.861, 49.26, 13.68, 0.001, 31.90, 6.87);
insert into SHOT values (556, 467, 486, 27, 1.130, 351.81, -4.02, 1.124, 351.80, -4.08, 0.006, 174.22, -7.74);
insert into SHOT values (557, 467, 487, 27, 5.520, 340.22, -6.83, 5.525, 340.18, -6.86, 0.007, 295.95, -31.30);
insert into SHOT values (558, 467, 488, 27, 2.560, 329.39, -5.00, 2.557, 329.31, -5.16, 0.009, 196.30, -53.50);
insert into SHOT values (559, 467, 489, 27, 1.850, 318.60, -5.26, 1.850, 318.52, -5.27, 0.003, 222.82, -8.97);
insert into SURVEY values (29, 22, '20150607_matija_spela_lotus_diba_dzrjl_na_asteroidih', '20150607_matija_spela_lotus_diba_dzrjl_na_asteroidih.2015.brezno_na_toscu', NULL);
 insert into CENTRELINE values (30, 29, NULL, NULL, NULL, 0.00, 0.00, 0.00);
 insert into CENTRELINE values (31, 29, NULL, '2015-06-07', '2015-06-07', 789.70, 0.00, 0.00);
 insert into SHOT values (560, 490, 491, 31, 0.000, 0.00, 0.00, 0.000, 90.00, 0.00, 0.000, 90.00, 0.00);
insert into SHOT values (561, 490, 492, 31, 1.610, 75.47, 4.24, 1.605, 75.53, 4.29, 0.005, 236.36, 10.73);
insert into SHOT values (562, 490, 493, 31, 2.140, 59.89, 15.05, 2.134, 59.70, 14.94, 0.010, 292.89, -34.05);
insert into SHOT values (563, 490, 494, 31, 1.040, 103.23, 7.50, 1.037, 103.50, 7.20, 0.008, 222.90, -46.32);
insert into SHOT values (564, 490, 495, 31, 3.180, 232.66, 39.14, 3.183, 232.57, 39.16, 0.005, 166.88, 33.57);
insert into SHOT values (565, 490, 495, 31, 3.190, 232.45, 39.12, 3.183, 232.57, 39.16, 0.009, 14.43, -17.55);
insert into SHOT values (566, 490, 495, 31, 3.180, 232.52, 39.19, 3.183, 232.57, 39.16, 0.004, 266.06, 7.96);
insert into SHOT values (567, 495, 496, 31, 9.220, 134.07, 74.67, 9.219, 134.17, 74.65, 0.005, 196.62, -22.12);
insert into SHOT values (568, 495, 497, 31, 5.970, 268.13, 65.48, 5.970, 268.15, 65.44, 0.004, 282.91, -22.88);
insert into SHOT values (569, 495, 498, 31, 3.950, 283.53, 27.78, 3.950, 283.40, 27.76, 0.008, 196.47, -7.24);
insert into SHOT values (570, 495, 499, 31, 3.110, 268.18, 50.33, 3.111, 267.99, 50.20, 0.010, 219.30, -23.33);
insert into SHOT values (571, 495, 500, 31, 2.670, 231.23, 63.41, 2.675, 231.41, 63.29, 0.009, 258.76, 15.98);
insert into SHOT values (572, 495, 501, 31, 1.110, 262.59, 27.66, 1.112, 262.44, 27.29, 0.008, 237.67, -41.43);
insert into SHOT values (573, 495, 502, 31, 1.170, 198.89, 47.63, 1.170, 199.12, 47.29, 0.008, 229.87, -35.47);
insert into SHOT values (574, 495, 503, 31, 2.730, 93.08, 2.18, 2.726, 93.16, 2.10, 0.007, 230.03, -35.83);
insert into SHOT values (575, 495, 504, 31, 3.560, 64.13, -2.06, 3.558, 64.16, -2.09, 0.003, 206.62, -37.90);
insert into SHOT values (576, 495, 505, 31, 4.830, 25.87, -7.47, 4.831, 25.87, -7.49, 0.002, 24.05, -64.11);
insert into SHOT values (577, 495, 506, 31, 7.850, 9.88, -11.56, 7.845, 9.89, -11.62, 0.010, 176.77, -45.80);
insert into SHOT values (578, 495, 507, 31, 5.540, 13.46, -14.04, 5.535, 13.47, -14.12, 0.009, 188.30, -40.80);
insert into SHOT values (579, 495, 508, 31, 1.060, 325.32, 1.39, 1.063, 324.96, 1.08, 0.009, 258.55, -38.48);
insert into SHOT values (580, 495, 509, 31, 1.310, 295.92, -55.63, 1.311, 295.53, -55.49, 0.006, 236.07, 12.40);
insert into SHOT values (581, 495, 510, 31, 1.300, 254.59, -79.48, 1.302, 253.07, -79.36, 0.007, 189.67, -14.76);
insert into SHOT values (582, 495, 511, 31, 1.900, 188.04, -55.04, 1.903, 187.91, -55.05, 0.004, 131.26, -43.33);
insert into SHOT values (583, 495, 511, 31, 1.900, 188.20, -55.51, 1.903, 187.91, -55.05, 0.017, 167.12, 21.26);
insert into SHOT values (584, 495, 511, 31, 1.900, 187.82, -54.78, 1.903, 187.91, -55.05, 0.010, 350.74, -54.12);
insert into SHOT values (585, 511, 512, 31, 0.880, 140.85, 86.43, 0.881, 143.13, 86.75, 0.006, 298.49, 18.09);
insert into SHOT values (586, 511, 513, 31, 1.760, 4.24, 84.61, 1.758, 3.37, 84.44, 0.006, 336.56, -21.65);
insert into SHOT values (587, 511, 514, 31, 1.510, 154.07, 29.88, 1.510, 154.22, 29.78, 0.004, 224.79, -32.37);
insert into SHOT values (588, 511, 515, 31, 3.200, 151.45, 23.33, 3.198, 151.51, 23.40, 0.005, 283.80, 31.41);
insert into SHOT values (589, 511, 516, 31, 1.690, 144.95, 25.31, 1.685, 145.16, 25.30, 0.008, 275.52, -18.63);
insert into SHOT values (590, 511, 517, 31, 0.980, 128.64, 53.98, 0.978, 128.66, 53.89, 0.003, 225.83, -85.64);
insert into SHOT values (591, 511, 518, 31, 1.030, 48.39, 58.41, 1.032, 48.01, 58.55, 0.005, 296.56, 34.54);
insert into SHOT values (592, 511, 519, 31, 0.800, 79.05, 20.56, 0.794, 79.14, 20.64, 0.006, 247.11, -9.20);
insert into SHOT values (593, 511, 520, 31, 1.560, 109.33, 15.94, 1.557, 109.53, 16.04, 0.007, 237.47, 13.68);
insert into SHOT values (594, 511, 521, 31, 1.780, 126.22, 10.32, 1.775, 126.15, 10.38, 0.006, 329.64, 11.47);
insert into SHOT values (595, 511, 522, 31, 1.110, 123.06, -4.31, 1.101, 123.11, -4.17, 0.009, 296.45, 21.79);
insert into SHOT values (596, 511, 523, 31, 1.130, 104.24, -2.29, 1.126, 104.41, -2.54, 0.007, 242.84, -44.40);
insert into SHOT values (597, 511, 524, 31, 1.520, 341.90, -5.34, 1.524, 341.57, -5.27, 0.010, 278.61, 8.36);
insert into SHOT values (598, 511, 525, 31, 0.780, 32.80, 5.31, 0.777, 32.87, 5.17, 0.004, 194.27, -36.82);
insert into SHOT values (599, 511, 526, 31, 0.610, 356.97, -31.11, 0.611, 356.70, -31.57, 0.006, 237.28, -59.47);
insert into SHOT values (600, 511, 527, 31, 1.120, 240.39, -85.22, 1.125, 240.95, -84.75, 0.010, 246.31, -21.93);
insert into SHOT values (601, 511, 528, 31, 1.130, 273.51, -74.20, 1.133, 273.69, -74.09, 0.004, 291.85, -40.76);
insert into SHOT values (602, 511, 529, 31, 1.320, 276.27, -56.93, 1.325, 276.34, -56.87, 0.006, 288.33, -42.06);
insert into SHOT values (603, 511, 530, 31, 1.110, 307.19, -46.32, 1.112, 306.57, -46.02, 0.010, 250.03, 15.59);
insert into SHOT values (604, 511, 531, 31, 0.610, 163.57, -60.56, 0.609, 164.58, -60.42, 0.006, 243.25, 12.89);
insert into SHOT values (605, 511, 531, 31, 0.610, 162.88, -60.38, 0.609, 164.58, -60.42, 0.009, 257.94, 1.84);
insert into SHOT values (606, 511, 531, 31, 0.610, 163.56, -60.43, 0.609, 164.58, -60.42, 0.005, 256.15, 5.87);
insert into SHOT values (607, 531, 532, 31, 0.410, 204.58, 87.30, 0.410, 225.00, 88.02, 0.008, 345.43, 3.33);
insert into SHOT values (608, 531, 533, 31, 0.430, 279.43, -74.20, 0.435, 280.30, -75.09, 0.008, 81.55, -48.33);
insert into SHOT values (609, 531, 534, 31, 0.510, 249.10, 3.67, 0.504, 249.04, 3.41, 0.006, 74.04, -24.95);
insert into SHOT values (610, 531, 535, 31, 0.800, 197.25, -3.70, 0.799, 197.53, -3.59, 0.004, 306.62, 21.81);
insert into SHOT values (611, 531, 536, 31, 3.490, 163.79, -2.16, 3.490, 163.85, -2.13, 0.004, 252.50, 22.34);
insert into SHOT values (612, 531, 537, 31, 2.870, 158.71, -3.59, 2.871, 158.72, -3.59, 0.001, 181.00, -14.67);
insert into SHOT values (613, 531, 538, 31, 3.830, 158.85, 3.37, 3.824, 158.81, 3.30, 0.008, 4.75, -41.31);
insert into SHOT values (614, 531, 539, 31, 0.400, 8.11, 1.04, 0.405, 8.53, 1.42, 0.006, 41.36, 26.83);
insert into SHOT values (615, 531, 540, 31, 0.840, 343.25, -6.93, 0.841, 343.30, -6.83, 0.002, 11.78, 41.10);
insert into SHOT values (616, 531, 541, 31, 0.640, 324.60, -63.98, 0.644, 325.18, -64.22, 0.006, 66.52, -59.43);
insert into SHOT values (617, 531, 542, 31, 0.810, 249.90, -30.73, 0.810, 249.73, -31.22, 0.007, 100.61, -57.23);
insert into SHOT values (618, 531, 543, 31, 2.670, 240.40, -49.98, 2.673, 240.30, -50.08, 0.006, 123.69, -56.61);
insert into SHOT values (619, 531, 544, 31, 1.410, 259.67, -50.94, 1.412, 259.58, -51.19, 0.007, 99.43, -51.20);
insert into SHOT values (620, 531, 545, 31, 1.080, 275.19, -53.48, 1.082, 275.36, -53.54, 0.003, 2.36, -47.86);
insert into SHOT values (621, 531, 546, 31, 1.940, 260.92, -61.83, 1.937, 261.16, -61.96, 0.006, 43.99, 1.89);
insert into SHOT values (622, 531, 547, 31, 0.790, 144.59, -3.93, 0.790, 144.29, -4.35, 0.007, 54.72, -55.12);
insert into SHOT values (623, 531, 548, 31, 2.300, 152.51, 1.28, 2.299, 152.54, 1.25, 0.002, 261.92, -44.25);
insert into SHOT values (624, 531, 549, 31, 6.030, 155.73, 1.82, 6.027, 155.69, 1.81, 0.005, 32.17, -16.61);
insert into SHOT values (625, 531, 550, 31, 6.000, 155.96, 1.68, 5.992, 155.96, 1.63, 0.010, 336.11, -36.81);
insert into SHOT values (626, 531, 551, 31, 5.960, 155.87, 1.85, 5.956, 155.80, 1.83, 0.008, 36.79, -16.80);
insert into SHOT values (627, 531, 552, 31, 6.030, 157.14, 0.57, 6.017, 156.80, 0.86, 0.048, 46.57, 38.32);
insert into SHOT values (628, 531, 552, 31, 6.010, 156.84, 0.87, 6.017, 156.80, 0.86, 0.008, 127.31, -8.68);
insert into SHOT values (629, 531, 552, 31, 6.010, 156.47, 1.05, 6.017, 156.80, 0.86, 0.041, 234.51, -29.51);
insert into SHOT values (630, 552, 553, 31, 0.520, 73.70, -12.34, 0.526, 72.98, -13.18, 0.012, 18.14, -48.62);
insert into SHOT values (631, 552, 554, 31, 0.840, 87.78, 28.68, 0.842, 87.68, 28.37, 0.005, 68.07, -38.82);
insert into SHOT values (632, 552, 555, 31, 1.340, 106.97, 32.98, 1.331, 107.14, 32.74, 0.011, 249.52, -59.85);
insert into SHOT values (633, 552, 556, 31, 0.700, 92.16, 45.06, 0.693, 92.34, 44.98, 0.007, 251.62, -51.78);
insert into SHOT values (634, 552, 557, 31, 0.450, 336.24, -80.67, 0.456, 336.80, -80.39, 0.007, 349.37, -61.10);
insert into SHOT values (635, 552, 558, 31, 0.470, 139.04, -73.14, 0.470, 138.01, -73.35, 0.003, 12.28, -3.85);
insert into SHOT values (636, 552, 559, 31, 0.660, 104.73, -42.21, 0.662, 104.32, -42.85, 0.008, 327.04, -52.09);
insert into SHOT values (637, 552, 560, 31, 0.970, 144.01, -28.06, 0.968, 144.07, -28.36, 0.005, 310.70, -43.08);
insert into SHOT values (638, 552, 561, 31, 1.300, 143.01, -10.74, 1.302, 142.95, -11.07, 0.008, 83.50, -78.80);
insert into SHOT values (639, 552, 562, 31, 2.830, 143.55, 0.18, 2.824, 143.50, 0.00, 0.011, 348.00, -53.77);
insert into SHOT values (640, 552, 563, 31, 2.130, 137.60, -1.60, 2.131, 137.47, -1.61, 0.005, 61.87, -6.17);
insert into SHOT values (641, 552, 564, 31, 3.080, 142.78, 8.54, 3.073, 142.75, 8.42, 0.009, 336.61, -51.09);
insert into SHOT values (642, 552, 565, 31, 3.650, 148.35, 1.07, 3.642, 148.36, 0.94, 0.012, 323.22, -44.76);
insert into SHOT values (643, 552, 566, 31, 2.110, 149.57, 1.49, 2.112, 149.55, 1.36, 0.005, 127.14, -66.61);
insert into SHOT values (644, 552, 567, 31, 5.270, 152.46, -0.29, 5.251, 152.56, -0.33, 0.021, 307.53, -9.00);
insert into SHOT values (645, 552, 567, 31, 5.250, 152.52, -0.27, 5.251, 152.56, -0.33, 0.006, 226.50, -56.48);
insert into SHOT values (646, 552, 567, 31, 5.240, 152.74, -0.34, 5.251, 152.56, -0.33, 0.020, 95.86, 3.12);
insert into SHOT values (647, 567, 568, 31, 4.150, 251.85, -86.91, 4.156, 251.57, -86.95, 0.007, 96.98, -66.75);
insert into SHOT values (648, 567, 569, 31, 3.850, 302.12, -51.95, 3.848, 302.08, -51.94, 0.002, 189.06, 46.16);
insert into SHOT values (649, 567, 570, 31, 0.640, 347.77, 49.70, 0.639, 347.32, 50.08, 0.005, 206.92, 20.34);
insert into SHOT values (650, 567, 571, 31, 1.220, 336.98, 55.37, 1.218, 337.13, 55.22, 0.004, 30.23, -60.18);
insert into SHOT values (651, 567, 572, 31, 1.630, 345.96, 54.71, 1.628, 345.82, 54.79, 0.004, 203.62, -6.91);
insert into SHOT values (652, 567, 573, 31, 0.900, 319.41, 48.88, 0.904, 319.09, 48.79, 0.005, 276.28, 22.07);
insert into SHOT values (653, 567, 574, 31, 0.770, 294.02, 42.58, 0.771, 293.86, 42.44, 0.002, 249.55, -23.76);
insert into SHOT values (654, 567, 575, 31, 0.840, 270.80, 15.87, 0.842, 270.71, 15.85, 0.002, 238.56, 6.90);
insert into SHOT values (655, 567, 576, 31, 0.710, 273.84, -21.85, 0.714, 273.47, -22.21, 0.008, 211.01, -50.03);
insert into SHOT values (656, 567, 577, 31, 1.270, 132.45, 83.56, 1.268, 135.00, 83.60, 0.007, 232.94, -17.24);
insert into SHOT values (657, 567, 578, 31, 1.370, 159.25, 38.48, 1.366, 159.19, 38.47, 0.004, 0.65, -40.38);
insert into SHOT values (658, 567, 579, 31, 4.380, 147.52, 23.57, 4.384, 147.50, 23.53, 0.006, 129.18, -14.94);
insert into SHOT values (659, 567, 580, 31, 2.680, 141.61, 21.41, 2.684, 141.66, 21.41, 0.005, 172.94, 21.06);
insert into SHOT values (660, 567, 581, 31, 0.910, 197.43, 28.06, 0.914, 197.31, 28.06, 0.004, 171.97, 26.59);
insert into SHOT values (661, 567, 582, 31, 0.860, 189.62, 59.29, 0.859, 189.25, 59.51, 0.005, 48.35, 7.57);
insert into SHOT values (662, 567, 583, 31, 0.930, 206.60, -9.33, 0.929, 206.57, -9.29, 0.001, 58.19, 35.88);
insert into SHOT values (663, 567, 584, 31, 1.190, 199.69, -66.28, 1.190, 199.57, -66.34, 0.002, 61.19, -19.77);
insert into SHOT values (664, 567, 585, 31, 3.990, 132.56, 56.57, 3.988, 132.05, 56.61, 0.020, 33.05, 0.31);
insert into SHOT values (665, 567, 585, 31, 3.990, 131.84, 56.57, 3.988, 132.05, 56.61, 0.009, 244.14, 0.72);
insert into SHOT values (666, 567, 585, 31, 3.990, 131.92, 56.52, 3.988, 132.05, 56.61, 0.008, 273.80, 14.60);
insert into SHOT values (667, 585, 586, 31, 1.470, 154.03, -4.18, 1.471, 154.13, -4.29, 0.004, 225.73, -45.57);
insert into SHOT values (668, 585, 587, 31, 1.850, 148.82, -4.26, 1.854, 148.72, -4.33, 0.006, 108.42, -26.76);
insert into SHOT values (669, 585, 588, 31, 3.230, 143.08, 9.60, 3.231, 143.17, 9.62, 0.005, 218.67, 15.14);
insert into SHOT values (670, 585, 589, 31, 1.300, 131.46, -1.99, 1.297, 131.56, -2.21, 0.006, 273.24, -52.99);
insert into SHOT values (671, 585, 590, 31, 1.330, 109.04, -1.04, 1.335, 109.25, -1.29, 0.009, 154.36, -40.49);
insert into SHOT values (672, 585, 591, 31, 1.470, 93.67, -3.53, 1.466, 93.92, -3.52, 0.007, 214.63, 3.94);
insert into SHOT values (673, 585, 592, 31, 1.500, 80.62, -3.92, 1.503, 80.79, -4.20, 0.009, 137.95, -54.83);
insert into SHOT values (674, 585, 593, 31, 2.350, 71.38, -4.02, 2.346, 71.57, -4.16, 0.010, 190.12, -31.36);
insert into SHOT values (675, 585, 594, 31, 2.980, 72.08, -28.23, 2.980, 72.26, -28.24, 0.008, 166.90, -3.01);
insert into SHOT values (676, 585, 595, 31, 2.440, 60.00, -7.27, 2.443, 60.05, -7.29, 0.004, 92.83, -17.54);
insert into SHOT values (677, 585, 596, 31, 3.150, 45.73, -20.21, 3.151, 45.82, -20.24, 0.005, 136.41, -20.64);
insert into SHOT values (678, 585, 597, 31, 3.000, 42.16, -9.43, 2.999, 42.26, -9.40, 0.005, 136.30, 16.33);
insert into SHOT values (679, 585, 598, 31, 3.200, 24.54, -26.10, 3.196, 24.51, -26.18, 0.006, 220.60, -22.06);
insert into SHOT values (680, 585, 599, 31, 3.210, 14.17, -12.63, 3.204, 14.26, -12.62, 0.008, 155.45, 13.69);
insert into SHOT values (681, 585, 600, 31, 2.600, 355.42, -20.03, 2.595, 355.53, -20.06, 0.007, 134.31, 4.30);
insert into SHOT values (682, 585, 601, 31, 3.950, 344.56, -4.29, 3.944, 344.51, -4.36, 0.008, 191.20, -33.21);
insert into SHOT values (683, 585, 602, 31, 2.500, 339.27, -30.86, 2.498, 339.19, -31.09, 0.010, 182.99, -47.00);
insert into SHOT values (684, 585, 603, 31, 1.240, 352.05, -55.03, 1.241, 351.87, -55.27, 0.006, 203.75, -42.52);
insert into SHOT values (685, 585, 604, 31, 1.370, 336.21, -3.26, 1.368, 336.25, -3.35, 0.003, 131.86, -41.78);
insert into SHOT values (686, 585, 605, 31, 2.270, 350.56, 14.02, 2.267, 350.58, 14.04, 0.003, 154.43, 1.39);
insert into SHOT values (687, 585, 606, 31, 4.260, 15.76, 29.12, 4.257, 15.75, 29.10, 0.004, 206.02, -59.33);
insert into SHOT values (688, 585, 607, 31, 5.760, 32.43, 44.61, 5.756, 32.45, 44.58, 0.005, 137.07, -74.06);
insert into SHOT values (689, 585, 608, 31, 6.680, 70.33, 51.81, 6.680, 70.34, 51.80, 0.001, 101.01, -14.21);
insert into SHOT values (690, 585, 609, 31, 7.820, 305.91, -54.23, 7.823, 305.92, -54.27, 0.006, 113.39, -64.06);
insert into SHOT values (691, 585, 610, 31, 4.820, 291.11, -67.62, 4.822, 291.10, -67.66, 0.004, 115.30, -53.42);
insert into SHOT values (692, 585, 611, 31, 3.320, 230.96, -75.29, 3.319, 230.28, -75.25, 0.010, 151.97, 6.61);
insert into SHOT values (693, 585, 612, 31, 6.740, 211.27, -71.01, 6.748, 211.23, -70.99, 0.009, 196.17, -50.56);
insert into SHOT values (694, 585, 613, 31, 7.050, 91.13, 47.94, 7.046, 91.21, 47.93, 0.008, 195.76, -30.67);
insert into SHOT values (695, 585, 614, 31, 7.570, 91.18, 47.94, 7.570, 91.24, 47.94, 0.006, 181.35, -3.07);
insert into SHOT values (696, 585, 615, 31, 7.070, 90.95, 47.93, 7.074, 90.97, 47.92, 0.004, 112.72, 24.87);
insert into SHOT values (697, 585, 616, 31, 7.010, 91.84, 47.79, 7.011, 92.07, 47.76, 0.019, 171.64, -6.67);
insert into SHOT values (698, 585, 616, 31, 7.010, 92.03, 47.86, 7.011, 92.07, 47.76, 0.013, 109.42, -37.96);
insert into SHOT values (699, 585, 616, 31, 7.020, 92.13, 47.77, 7.011, 92.07, 47.76, 0.011, 317.34, -47.58);
insert into SHOT values (700, 616, 617, 31, 1.430, 352.95, 86.05, 1.434, 354.29, 85.98, 0.005, 43.05, 47.97);
insert into SHOT values (701, 616, 618, 31, 2.600, 254.51, 84.05, 2.604, 254.93, 84.06, 0.004, 352.17, 63.49);
insert into SHOT values (702, 616, 619, 31, 6.140, 219.71, 74.48, 6.143, 219.81, 74.51, 0.005, 354.95, 44.98);
insert into SHOT values (703, 616, 620, 31, 4.700, 227.59, 64.35, 4.702, 227.59, 64.40, 0.004, 45.24, 46.25);
insert into SHOT values (704, 616, 621, 31, 3.180, 242.12, 49.27, 3.183, 242.20, 49.20, 0.006, 272.75, 2.12);
insert into SHOT values (705, 616, 622, 31, 0.860, 241.31, 27.87, 0.864, 241.75, 28.33, 0.010, 328.17, 53.74);
insert into SHOT values (706, 616, 623, 31, 0.900, 263.19, 0.91, 0.907, 263.03, 1.26, 0.009, 242.99, 38.19);
insert into SHOT values (707, 616, 624, 31, 2.070, 294.44, 9.43, 2.073, 294.56, 9.44, 0.005, 349.53, 9.21);
insert into SHOT values (708, 616, 625, 31, 2.390, 319.37, 15.39, 2.392, 319.40, 15.52, 0.006, 22.42, 77.25);
insert into SHOT values (709, 616, 626, 31, 1.930, 302.42, 49.60, 1.932, 302.30, 49.53, 0.004, 261.39, 3.20);
insert into SHOT values (710, 616, 627, 31, 2.500, 276.64, 72.41, 2.507, 276.84, 72.46, 0.007, 9.48, 68.77);
insert into SHOT values (711, 616, 628, 31, 5.970, 164.45, 60.50, 5.973, 164.40, 60.53, 0.005, 41.42, 54.03);
insert into SHOT values (712, 616, 629, 31, 6.170, 159.51, 52.08, 6.172, 159.46, 52.10, 0.004, 54.18, 38.87);
insert into SHOT values (713, 616, 630, 31, 4.970, 154.59, 60.07, 4.972, 154.68, 60.10, 0.005, 267.88, 34.92);
insert into SHOT values (714, 616, 631, 31, 4.510, 175.48, 49.21, 4.516, 175.53, 49.23, 0.007, 217.73, 56.63);
insert into SHOT values (715, 616, 632, 31, 4.660, 154.09, 39.14, 4.659, 154.07, 39.13, 0.002, 34.13, -50.17);
insert into SHOT values (716, 616, 633, 31, 2.920, 147.21, 42.89, 2.923, 147.20, 42.90, 0.003, 137.25, 52.33);
insert into SHOT values (717, 616, 634, 31, 3.390, 174.59, 31.28, 3.386, 174.64, 31.32, 0.005, 323.87, -1.70);
insert into SHOT values (718, 616, 635, 31, 4.200, 155.81, 24.12, 4.204, 155.84, 24.15, 0.005, 192.83, 47.42);
insert into SHOT values (719, 616, 636, 31, 3.810, 147.80, 18.67, 3.805, 147.81, 18.70, 0.006, 321.76, 3.67);
insert into SHOT values (720, 616, 637, 31, 3.790, 172.77, 2.53, 3.793, 172.87, 2.57, 0.008, 239.76, 19.69);
insert into SHOT values (721, 616, 638, 31, 1.700, 186.08, 3.07, 1.702, 186.08, 3.03, 0.002, 185.73, -27.61);
insert into SHOT values (722, 616, 639, 31, 0.930, 207.82, 3.98, 0.929, 207.67, 4.32, 0.006, 80.00, 60.96);
insert into SHOT values (723, 616, 640, 31, 2.200, 190.01, -26.16, 2.195, 189.94, -26.22, 0.006, 35.18, -0.67);
insert into SHOT values (724, 616, 641, 31, 1.860, 324.82, -69.91, 1.853, 324.57, -69.86, 0.007, 220.74, 66.92);
insert into SHOT values (725, 616, 642, 31, 6.030, 171.95, 61.97, 6.034, 171.87, 62.05, 0.010, 28.80, 47.95);
insert into SHOT values (726, 616, 643, 31, 6.010, 172.11, 62.02, 6.011, 172.04, 62.05, 0.005, 44.61, 30.86);
insert into SHOT values (727, 585, 644, 31, 0.000, 0.00, 0.00, 0.000, 90.00, 0.00, 0.000, 90.00, 0.00);
insert into SHOT values (728, 585, 645, 31, 5.950, 212.56, -68.29, 5.962, 213.41, -67.80, 0.061, 245.77, 7.45);
insert into SHOT values (729, 585, 645, 31, 5.950, 213.81, -67.58, 5.962, 213.41, -67.80, 0.031, 76.34, -40.17);
insert into SHOT values (730, 585, 645, 31, 5.970, 213.87, -67.66, 5.962, 213.41, -67.80, 0.025, 80.48, 4.39);
insert into SHOT values (731, 645, 646, 31, 1.540, 85.81, 80.29, 1.542, 85.60, 80.27, 0.002, 43.07, 55.83);
insert into SHOT values (732, 645, 647, 31, 1.050, 79.24, 64.30, 1.055, 78.69, 64.22, 0.007, 28.10, 34.37);
insert into SHOT values (733, 645, 648, 31, 0.530, 79.84, 38.61, 0.531, 80.31, 38.43, 0.004, 142.47, -10.71);
insert into SHOT values (734, 645, 649, 31, 0.500, 81.55, -4.55, 0.506, 82.03, -4.53, 0.008, 114.89, -2.49);
insert into SHOT values (735, 645, 650, 31, 0.630, 106.64, -2.91, 0.637, 106.44, -2.70, 0.007, 88.62, 15.48);
insert into SHOT values (736, 645, 651, 31, 1.130, 122.68, -6.30, 1.135, 122.70, -6.07, 0.007, 127.48, 34.47);
insert into SHOT values (737, 645, 652, 31, 2.360, 130.96, -6.25, 2.368, 130.87, -6.30, 0.009, 104.29, -19.53);
insert into SHOT values (738, 645, 653, 31, 2.290, 136.01, -6.64, 2.292, 136.07, -6.51, 0.006, 176.91, 53.94);
insert into SHOT values (739, 645, 654, 31, 3.350, 133.81, -23.51, 3.356, 133.81, -23.54, 0.006, 136.94, -38.09);
insert into SHOT values (740, 645, 655, 31, 2.370, 126.13, -26.80, 2.373, 126.17, -26.80, 0.003, 152.48, -24.99);
insert into SHOT values (741, 645, 656, 31, 1.270, 108.61, -51.89, 1.275, 108.43, -51.67, 0.007, 88.94, -5.80);
insert into SHOT values (742, 645, 657, 31, 2.200, 85.97, -81.16, 2.197, 86.63, -81.08, 0.006, 143.83, 39.70);
insert into SHOT values (743, 645, 658, 31, 2.240, 357.26, 45.74, 2.236, 357.43, 45.70, 0.007, 108.06, -40.44);
insert into SHOT values (744, 645, 659, 31, 2.830, 359.10, 28.37, 2.833, 359.08, 28.46, 0.005, 282.54, 80.25);
insert into SHOT values (745, 645, 660, 31, 2.710, 357.87, 6.50, 2.710, 357.87, 6.57, 0.003, 174.05, 77.34);
insert into SHOT values (746, 645, 661, 31, 2.450, 5.45, -29.71, 2.450, 5.66, -29.60, 0.009, 77.96, 27.74);
insert into SHOT values (747, 645, 662, 31, 2.250, 22.36, -50.69, 2.252, 22.62, -50.59, 0.008, 77.16, 6.41);
insert into SHOT values (748, 645, 663, 31, 3.420, 130.40, -2.42, 3.423, 130.26, -2.34, 0.010, 59.70, 25.83);
insert into SHOT values (749, 645, 663, 31, 3.420, 130.41, -2.41, 3.423, 130.26, -2.34, 0.010, 58.39, 21.53);
insert into SHOT values (750, 645, 663, 31, 3.420, 130.36, -2.29, 3.423, 130.26, -2.34, 0.008, 63.85, -26.31);
insert into SHOT values (751, 663, 664, 31, 2.700, 290.29, 78.73, 2.703, 289.80, 78.66, 0.006, 239.57, 19.33);
insert into SHOT values (752, 663, 665, 31, 1.580, 185.45, 73.91, 1.583, 186.48, 73.76, 0.010, 244.08, 11.44);
insert into SHOT values (753, 663, 666, 31, 3.170, 169.27, 29.95, 3.170, 169.30, 29.90, 0.003, 225.81, -53.52);
insert into SHOT values (754, 663, 667, 31, 2.660, 172.36, 10.63, 2.658, 172.52, 10.62, 0.008, 278.59, -5.07);
insert into SHOT values (755, 663, 668, 31, 3.740, 167.40, 11.32, 3.740, 167.40, 11.25, 0.004, 179.16, -75.35);
insert into SHOT values (756, 663, 669, 31, 1.260, 165.03, 9.49, 1.260, 165.07, 9.60, 0.003, 299.55, 62.54);
insert into SHOT values (757, 663, 670, 31, 2.130, 176.31, 3.09, 2.137, 176.51, 2.95, 0.011, 222.52, -25.31);
insert into SHOT values (758, 663, 671, 31, 1.840, 178.12, -15.75, 1.840, 178.38, -15.77, 0.008, 269.75, -3.88);
insert into SHOT values (759, 663, 672, 31, 2.400, 175.08, -26.36, 2.408, 175.21, -26.38, 0.010, 210.68, -26.74);
insert into SHOT values (760, 663, 673, 31, 0.950, 160.34, -13.36, 0.949, 160.39, -13.40, 0.001, 292.97, -24.79);
insert into SHOT values (761, 663, 674, 31, 3.310, 183.80, -72.60, 3.312, 184.04, -72.56, 0.005, 241.88, -16.36);
insert into SHOT values (762, 663, 675, 31, 2.430, 244.10, -79.79, 2.429, 244.03, -79.71, 0.003, 233.76, 25.85);
insert into SHOT values (763, 663, 676, 31, 0.850, 29.28, -86.69, 0.851, 26.57, -86.99, 0.005, 234.96, -16.17);
insert into SHOT values (764, 663, 677, 31, 0.400, 243.75, -10.45, 0.409, 243.43, -9.87, 0.010, 230.11, 15.21);
insert into SHOT values (765, 663, 678, 31, 1.250, 332.40, 56.31, 1.250, 331.59, 56.30, 0.010, 242.97, -0.37);
insert into SHOT values (766, 663, 679, 31, 1.210, 319.61, 9.48, 1.215, 319.40, 9.47, 0.007, 278.46, 6.03);
insert into SHOT values (767, 663, 680, 31, 3.620, 309.50, 2.48, 3.619, 309.50, 2.53, 0.003, 123.89, 76.60);
insert into SHOT values (768, 663, 681, 31, 0.750, 295.12, 9.28, 0.748, 294.83, 9.23, 0.004, 177.59, -12.61);
insert into SHOT values (769, 663, 682, 31, 3.380, 309.73, -41.13, 3.376, 309.57, -41.12, 0.008, 195.80, 23.40);
insert into SHOT values (770, 663, 683, 31, 2.500, 240.14, -79.68, 2.501, 239.47, -79.57, 0.007, 192.79, -3.53);
insert into SHOT values (771, 663, 684, 31, 2.760, 171.24, 4.11, 2.769, 171.25, 3.94, 0.012, 175.38, -40.22);
insert into SHOT values (772, 663, 684, 31, 2.770, 171.38, 4.03, 2.769, 171.25, 3.94, 0.008, 71.69, -37.13);
insert into SHOT values (773, 663, 684, 31, 2.780, 171.16, 3.97, 2.769, 171.25, 3.94, 0.012, 329.19, -11.55);
insert into SHOT values (774, 684, 685, 31, 6.450, 99.33, 73.23, 6.453, 99.61, 73.28, 0.011, 217.68, 22.38);
insert into SHOT values (775, 684, 686, 31, 2.550, 81.50, 77.45, 2.549, 81.57, 77.63, 0.008, 256.65, 6.43);
insert into SHOT values (776, 684, 687, 31, 2.360, 98.20, 64.07, 2.366, 98.37, 64.17, 0.008, 206.68, 67.46);
insert into SHOT values (777, 684, 688, 31, 1.200, 64.81, 64.48, 1.203, 64.44, 64.93, 0.011, 269.69, 42.13);
insert into SHOT values (778, 684, 689, 31, 0.640, 60.96, 39.37, 0.641, 60.83, 39.78, 0.005, 266.26, 57.52);
insert into SHOT values (779, 684, 690, 31, 0.500, 62.33, -2.72, 0.497, 62.40, -2.31, 0.005, 230.27, 51.02);
insert into SHOT values (780, 684, 691, 31, 1.550, 95.58, -61.08, 1.542, 96.17, -61.13, 0.011, 220.18, 35.76);
insert into SHOT values (781, 684, 692, 31, 1.030, 89.91, -49.50, 1.022, 90.00, -49.76, 0.010, 263.29, 19.69);
insert into SHOT values (782, 684, 693, 31, 3.340, 101.57, -82.11, 3.332, 102.53, -82.05, 0.012, 174.12, 46.03);
insert into SHOT values (783, 684, 694, 31, 1.760, 121.38, -82.71, 1.754, 122.28, -82.64, 0.007, 190.14, 56.86);
insert into SHOT values (784, 684, 695, 31, 1.000, 194.79, -86.00, 0.993, 195.95, -85.79, 0.008, 220.64, 66.01);
insert into SHOT values (785, 684, 696, 31, 1.870, 145.12, 2.84, 1.872, 145.46, 3.06, 0.013, 225.86, 33.18);
insert into SHOT values (786, 684, 697, 31, 0.970, 130.67, 5.04, 0.968, 130.79, 5.33, 0.006, 264.17, 58.85);
insert into SHOT values (787, 684, 698, 31, 0.490, 79.94, -10.77, 0.485, 80.34, -10.69, 0.006, 224.17, 15.36);
insert into SHOT values (788, 684, 699, 31, 0.810, 12.85, -0.95, 0.801, 12.99, -0.72, 0.010, 180.71, 19.65);
insert into SHOT values (789, 684, 700, 31, 1.210, 3.40, 2.17, 1.203, 3.34, 2.38, 0.008, 193.71, 30.13);
insert into SHOT values (790, 684, 701, 31, 2.560, 157.56, -7.21, 2.572, 157.66, -7.15, 0.013, 177.56, 5.89);
insert into SHOT values (791, 684, 701, 31, 2.580, 157.47, -7.10, 2.572, 157.66, -7.15, 0.012, 293.67, -5.28);
insert into SHOT values (792, 684, 701, 31, 2.570, 157.62, -7.16, 2.572, 157.66, -7.15, 0.002, 202.92, 8.12);
insert into SHOT values (793, 701, 702, 31, 2.280, 149.49, 77.51, 2.283, 149.24, 77.64, 0.006, 355.99, 39.33);
insert into SHOT values (794, 701, 702, 31, 2.280, 149.36, 77.49, 2.283, 149.24, 77.64, 0.007, 340.96, 38.44);
insert into SHOT values (795, 701, 702, 31, 2.280, 149.28, 78.01, 2.283, 149.24, 77.64, 0.015, 147.90, -0.98);
insert into SHOT values (796, 702, 703, 31, 0.270, 57.87, -2.77, 0.269, 58.67, -2.13, 0.005, 154.72, 38.79);
insert into SHOT values (797, 702, 704, 31, 0.640, 59.35, 42.43, 0.634, 59.04, 42.67, 0.007, 262.70, -15.61);
insert into SHOT values (798, 702, 705, 31, 1.590, 132.59, 7.60, 1.592, 132.69, 7.58, 0.003, 185.00, -4.78);
insert into SHOT values (799, 702, 706, 31, 1.200, 124.80, -58.56, 1.196, 125.22, -58.53, 0.006, 235.11, 38.25);
insert into SHOT values (800, 702, 707, 31, 1.500, 323.85, -5.36, 1.503, 323.97, -5.35, 0.004, 13.53, 1.64);
insert into SHOT values (801, 702, 708, 31, 2.850, 143.10, 1.28, 2.851, 143.13, 1.21, 0.004, 207.71, -65.66);
insert into SHOT values (802, 702, 708, 31, 2.850, 142.90, 1.18, 2.851, 143.13, 1.21, 0.012, 229.99, 6.51);
insert into SHOT values (803, 702, 708, 31, 2.850, 143.27, 1.21, 2.851, 143.13, 1.21, 0.007, 58.42, -1.50);
insert into SHOT values (804, 708, 709, 31, 0.450, 271.50, 48.99, 0.454, 271.91, 48.56, 0.005, 295.24, 4.64);
insert into SHOT values (805, 708, 710, 31, 5.570, 178.64, -71.20, 5.566, 178.72, -71.24, 0.006, 330.03, 28.56);
insert into SHOT values (806, 708, 711, 31, 0.380, 263.52, -3.98, 0.383, 263.99, -3.00, 0.008, 309.81, 55.72);
insert into SHOT values (807, 708, 712, 31, 0.460, 228.93, -16.43, 0.458, 228.69, -16.48, 0.003, 92.81, 2.35);
insert into SHOT values (808, 708, 713, 31, 1.180, 198.32, -15.91, 1.183, 198.43, -15.70, 0.006, 230.57, 39.03);
insert into SHOT values (809, 708, 714, 31, 2.190, 183.76, -12.06, 2.193, 183.74, -12.11, 0.004, 171.41, -39.22);
insert into SHOT values (810, 708, 715, 31, 0.800, 175.61, -15.12, 0.800, 175.54, -15.21, 0.002, 87.44, -56.30);
insert into SHOT values (811, 708, 716, 31, 2.010, 184.85, -1.18, 2.008, 184.86, -1.14, 0.003, 357.69, 30.33);
insert into SHOT values (812, 708, 716, 31, 2.010, 184.87, -1.13, 2.008, 184.86, -1.14, 0.002, 14.44, -8.44);
insert into SHOT values (813, 708, 716, 31, 2.010, 184.96, -1.17, 2.008, 184.86, -1.14, 0.004, 61.26, 13.70);
insert into SHOT values (814, 716, 717, 31, 0.360, 175.25, -49.67, 0.355, 175.03, -49.47, 0.005, 17.90, 62.62);
insert into SHOT values (815, 716, 718, 31, 0.510, 68.56, 31.23, 0.508, 68.20, 32.08, 0.008, 275.74, 43.15);
insert into SHOT values (816, 716, 719, 31, 4.620, 358.70, -71.08, 4.620, 358.47, -71.05, 0.006, 291.44, 3.47);
insert into SHOT values (817, 716, 720, 31, 0.680, 333.81, -57.71, 0.673, 333.43, -57.88, 0.008, 176.89, 39.02);
insert into SHOT values (818, 716, 721, 31, 0.490, 45.69, -51.88, 0.482, 45.00, -51.99, 0.009, 258.63, 39.87);
insert into SHOT values (819, 716, 722, 31, 1.330, 155.37, -5.59, 1.326, 155.38, -5.62, 0.004, 333.04, -6.98);
insert into SHOT values (820, 716, 723, 31, 2.480, 155.73, 3.80, 2.481, 155.92, 3.93, 0.010, 239.76, 34.35);
insert into SHOT values (821, 716, 723, 31, 2.480, 155.82, 3.84, 2.481, 155.92, 3.93, 0.006, 233.00, 41.45);
insert into SHOT values (822, 716, 723, 31, 2.480, 155.79, 3.91, 2.481, 155.92, 3.93, 0.006, 233.87, 8.82);
insert into SHOT values (823, 723, 724, 31, 1.060, 34.70, 50.43, 1.059, 34.85, 49.89, 0.010, 49.07, -43.77);
insert into SHOT values (824, 723, 725, 31, 1.230, 359.29, 18.61, 1.233, 359.51, 18.43, 0.007, 45.27, -21.97);
insert into SHOT values (825, 723, 726, 31, 3.900, 343.28, 1.96, 3.906, 343.33, 1.91, 0.008, 10.84, -25.20);
insert into SHOT values (826, 723, 727, 31, 1.360, 337.73, -0.77, 1.359, 337.96, -0.84, 0.006, 73.77, -17.17);
insert into SHOT values (827, 723, 728, 31, 0.870, 351.94, -6.15, 0.874, 352.06, -6.57, 0.008, 19.83, -60.94);
insert into SHOT values (828, 723, 729, 31, 3.900, 169.48, -73.22, 3.904, 169.19, -73.33, 0.010, 32.35, -36.20);
insert into SHOT values (829, 723, 730, 31, 4.720, 167.79, -71.47, 4.723, 167.64, -71.55, 0.008, 24.32, -35.10);
insert into SHOT values (830, 723, 731, 31, 0.300, 93.37, -70.16, 0.297, 90.00, -70.35, 0.007, 344.66, 19.46);
insert into SHOT values (831, 723, 732, 31, 0.630, 237.95, -58.33, 0.632, 238.74, -58.76, 0.007, 3.65, -34.58);
insert into SHOT values (832, 723, 733, 31, 3.460, 164.53, -45.85, 3.458, 164.35, -45.83, 0.008, 69.27, 18.85);
insert into SHOT values (833, 723, 734, 31, 1.990, 156.49, -49.59, 1.993, 156.22, -49.69, 0.008, 61.43, -37.78);
insert into SHOT values (834, 723, 735, 31, 4.800, 159.03, -48.84, 4.805, 159.04, -48.89, 0.006, 265.08, -84.39);
insert into SHOT values (835, 723, 736, 31, 3.870, 163.00, -30.77, 3.864, 163.04, -30.65, 0.010, 267.81, 77.43);
insert into SHOT values (836, 723, 736, 31, 3.860, 163.14, -30.66, 3.864, 163.04, -30.65, 0.008, 108.40, -12.45);
insert into SHOT values (837, 723, 736, 31, 3.860, 163.11, -30.47, 3.864, 163.04, -30.65, 0.014, 45.08, -69.12);
insert into SHOT values (838, 736, 737, 31, 2.220, 267.31, 32.20, 2.221, 267.26, 32.09, 0.005, 242.47, -36.94);
insert into SHOT values (839, 736, 738, 31, 1.440, 270.29, 29.67, 1.438, 270.46, 29.60, 0.005, 17.93, -36.05);
insert into SHOT values (840, 736, 739, 31, 1.910, 239.17, 21.30, 1.909, 239.26, 21.19, 0.005, 315.93, -53.90);
insert into SHOT values (841, 736, 740, 31, 2.620, 239.38, 22.51, 2.615, 239.40, 22.48, 0.005, 45.95, -37.11);
insert into SHOT values (842, 736, 741, 31, 2.250, 249.15, 27.26, 2.250, 249.21, 27.25, 0.002, 335.27, -15.25);
insert into SHOT values (843, 736, 742, 31, 2.850, 233.12, 15.41, 2.853, 233.13, 15.45, 0.004, 244.27, 46.96);
insert into SHOT values (844, 736, 743, 31, 3.100, 226.66, 5.85, 3.094, 226.71, 5.94, 0.008, 23.72, 29.49);
insert into SHOT values (845, 736, 744, 31, 3.230, 228.00, 1.28, 3.230, 228.01, 1.24, 0.002, 342.23, -69.84);
insert into SHOT values (846, 736, 745, 31, 1.330, 240.49, 13.65, 1.322, 240.64, 13.56, 0.009, 35.75, -25.36);
insert into SHOT values (847, 736, 746, 31, 1.210, 223.94, 15.36, 1.210, 223.96, 15.34, 0.001, 293.50, -51.85);
insert into SHOT values (848, 736, 747, 31, 1.460, 346.15, -62.63, 1.462, 346.17, -62.75, 0.004, 158.30, -62.01);
insert into SHOT values (849, 736, 748, 31, 8.560, 320.26, -80.72, 8.562, 320.30, -80.74, 0.004, 120.24, -35.26);
insert into SHOT values (850, 736, 749, 31, 0.740, 313.90, 27.89, 0.745, 314.38, 28.02, 0.008, 11.12, 30.21);
insert into SHOT values (851, 736, 750, 31, 1.250, 300.99, 59.83, 1.252, 301.43, 59.63, 0.007, 347.39, -5.73);
insert into SHOT values (852, 736, 751, 31, 1.770, 274.95, 68.12, 1.769, 275.19, 68.00, 0.005, 317.31, -30.79);
insert into SHOT values (853, 736, 752, 31, 1.140, 279.74, 3.13, 1.138, 279.63, 3.02, 0.004, 143.70, -35.11);
insert into SHOT values (854, 736, 753, 31, 0.610, 256.44, -2.61, 0.607, 256.65, -2.83, 0.004, 39.64, -30.77);
insert into SHOT values (855, 736, 754, 31, 2.490, 225.13, 37.92, 2.491, 225.00, 37.89, 0.005, 153.33, -3.12);
insert into SHOT values (856, 736, 754, 31, 2.500, 225.07, 37.74, 2.491, 225.00, 37.89, 0.011, 57.14, -0.99);
insert into SHOT values (857, 736, 754, 31, 2.490, 225.01, 37.77, 2.491, 225.00, 37.89, 0.006, 52.74, 62.46);
insert into SHOT values (858, 754, 755, 31, 8.980, 241.17, -79.67, 8.987, 241.22, -79.61, 0.011, 249.37, -29.16);
insert into SHOT values (859, 754, 756, 31, 0.880, 133.17, -71.35, 0.884, 133.53, -71.82, 0.009, 295.79, -46.85);
insert into SHOT values (860, 754, 757, 31, 1.980, 98.19, -8.42, 1.972, 98.25, -8.46, 0.009, 263.58, -0.47);
insert into SHOT values (861, 754, 758, 31, 1.760, 81.19, 22.35, 1.753, 81.12, 22.48, 0.009, 274.60, 4.89);
insert into SHOT values (862, 754, 759, 31, 0.620, 68.49, 43.63, 0.618, 67.48, 44.09, 0.010, 306.00, 13.34);
insert into SHOT values (863, 754, 760, 31, 4.580, 103.17, 39.42, 4.578, 103.25, 39.47, 0.007, 232.49, 14.95);
insert into SHOT values (864, 754, 761, 31, 2.580, 59.92, 33.23, 2.572, 59.86, 33.25, 0.009, 257.44, -26.66);
insert into SHOT values (865, 754, 762, 31, 1.830, 29.12, 26.36, 1.823, 28.92, 26.37, 0.009, 252.79, -16.95);
insert into SHOT values (866, 754, 763, 31, 1.760, 352.82, -10.16, 1.762, 352.71, -10.14, 0.004, 288.82, 7.14);
insert into SHOT values (867, 754, 764, 31, 1.540, 248.11, -48.52, 1.547, 248.20, -48.59, 0.007, 274.79, -60.60);
insert into SHOT values (868, 754, 765, 31, 1.890, 198.73, -32.87, 1.890, 198.78, -33.03, 0.005, 355.47, -51.52);
insert into SHOT values (869, 754, 766, 31, 2.640, 190.67, -31.53, 2.639, 190.76, -31.53, 0.004, 291.74, 9.02);
insert into SHOT values (870, 754, 767, 31, 3.650, 185.23, -25.32, 3.645, 185.40, -25.34, 0.011, 301.28, 5.32);
insert into SHOT values (871, 754, 768, 31, 2.650, 182.64, -24.66, 2.656, 182.85, -24.70, 0.011, 244.97, -23.40);
insert into SHOT values (872, 754, 769, 31, 3.340, 177.54, -20.84, 3.342, 177.61, -20.86, 0.005, 250.78, -22.70);
insert into SHOT values (873, 754, 770, 31, 6.100, 174.50, -16.78, 6.096, 174.49, -16.78, 0.004, 3.99, 17.32);
insert into SHOT values (874, 754, 771, 31, 1.980, 168.01, -7.21, 1.977, 168.23, -7.26, 0.008, 280.45, -10.33);
insert into SHOT values (875, 754, 772, 31, 2.500, 153.15, -7.83, 2.496, 153.33, -7.83, 0.009, 267.90, 3.89);
insert into SHOT values (876, 754, 773, 31, 2.270, 133.59, -6.63, 2.264, 133.56, -6.59, 0.006, 326.09, 20.31);
insert into SHOT values (877, 754, 774, 31, 1.910, 105.58, -2.48, 1.901, 105.57, -2.41, 0.009, 287.25, 17.34);
insert into SHOT values (878, 754, 775, 31, 1.640, 60.77, -12.13, 1.632, 60.70, -12.38, 0.011, 252.21, -29.08);
insert into SHOT values (879, 754, 776, 31, 1.420, 53.40, -58.72, 1.425, 53.29, -58.90, 0.007, 282.02, -73.04);
insert into SHOT values (880, 754, 777, 31, 1.270, 193.45, -62.23, 1.273, 193.80, -62.55, 0.009, 336.69, -46.36);
insert into SHOT values (881, 754, 778, 31, 6.040, 178.96, -19.92, 6.033, 178.99, -19.96, 0.009, 338.23, -14.40);
insert into SHOT values (882, 754, 778, 31, 6.030, 178.82, -19.98, 6.033, 178.99, -19.96, 0.017, 256.09, 1.34);
insert into SHOT values (883, 754, 778, 31, 6.030, 178.99, -19.90, 6.033, 178.99, -19.96, 0.008, 176.57, -82.83);
insert into SHOT values (884, 778, 779, 31, 1.130, 248.96, 82.52, 1.130, 250.35, 82.44, 0.004, 316.13, -5.62);
insert into SHOT values (885, 778, 780, 31, 2.740, 93.04, 49.03, 2.745, 93.18, 48.95, 0.008, 128.18, 8.59);
insert into SHOT values (886, 778, 781, 31, 2.380, 66.15, 47.44, 2.376, 66.15, 47.43, 0.004, 248.72, -51.11);
insert into SHOT values (887, 778, 782, 31, 2.620, 42.24, 41.28, 2.626, 42.33, 41.22, 0.007, 69.96, 12.24);
insert into SHOT values (888, 778, 783, 31, 3.660, 16.63, 31.24, 3.663, 16.70, 31.24, 0.005, 70.33, 21.35);
insert into SHOT values (889, 778, 784, 31, 1.820, 346.91, 30.94, 1.821, 347.03, 31.08, 0.006, 97.44, 50.04);
insert into SHOT values (890, 778, 785, 31, 7.150, 355.38, 20.65, 7.151, 355.37, 20.64, 0.002, 315.53, -44.07);
insert into SHOT values (891, 778, 786, 31, 3.800, 345.57, 12.21, 3.801, 345.66, 12.15, 0.007, 60.50, -30.11);
insert into SHOT values (892, 778, 787, 31, 1.470, 336.49, 9.85, 1.472, 336.44, 9.78, 0.003, 310.13, -26.60);
insert into SHOT values (893, 778, 788, 31, 1.920, 330.79, 18.96, 1.912, 330.88, 18.92, 0.009, 128.70, -25.89);
insert into SHOT values (894, 778, 789, 31, 1.530, 324.89, 3.64, 1.532, 324.85, 3.74, 0.004, 296.82, 54.87);
insert into SHOT values (895, 778, 790, 31, 2.020, 315.39, -2.19, 2.024, 315.40, -2.27, 0.005, 320.97, -35.98);
insert into SHOT values (896, 778, 791, 31, 2.730, 309.85, -3.29, 2.731, 309.94, -3.36, 0.005, 34.40, -37.67);
insert into SHOT values (897, 778, 792, 31, 2.730, 299.38, -18.29, 2.731, 299.33, -18.35, 0.004, 217.81, -56.92);
insert into SHOT values (898, 778, 793, 31, 4.960, 293.42, -21.28, 4.960, 293.46, -21.28, 0.003, 19.50, 2.05);
insert into SHOT values (899, 778, 794, 31, 5.540, 281.84, -23.42, 5.534, 281.82, -23.43, 0.007, 119.28, 17.57);
insert into SHOT values (900, 778, 795, 31, 5.790, 270.05, -26.89, 5.787, 270.00, -26.92, 0.006, 138.67, -12.26);
insert into SHOT values (901, 778, 796, 31, 4.700, 255.37, -26.37, 4.696, 255.40, -26.42, 0.006, 50.90, -23.07);
insert into SHOT values (902, 778, 797, 31, 7.030, 260.69, -32.58, 7.023, 260.67, -32.57, 0.008, 106.31, 42.60);
insert into SHOT values (903, 778, 798, 31, 2.650, 274.26, -38.19, 2.653, 274.12, -38.18, 0.006, 212.00, -15.87);
insert into SHOT values (904, 778, 799, 31, 7.200, 276.58, -40.34, 7.198, 276.59, -40.34, 0.002, 57.96, 18.61);
insert into SHOT values (905, 778, 800, 31, 2.440, 291.75, -30.05, 2.437, 291.70, -30.04, 0.004, 147.44, 30.57);
insert into SHOT values (906, 778, 801, 31, 7.740, 283.97, -32.34, 7.735, 283.99, -32.36, 0.006, 77.90, 4.22);
insert into SHOT values (907, 778, 802, 31, 7.620, 275.54, -34.30, 7.613, 275.57, -34.30, 0.007, 67.27, 34.47);
insert into SHOT values (908, 778, 803, 31, 9.600, 276.44, -30.64, 9.601, 276.46, -30.62, 0.005, 325.97, 30.78);
insert into SHOT values (909, 778, 804, 31, 10.420, 276.47, -30.71, 10.418, 276.47, -30.71, 0.002, 73.26, 39.11);
insert into SHOT values (910, 778, 805, 31, 10.230, 276.37, -30.67, 10.227, 276.40, -30.69, 0.006, 51.32, -16.23);
insert into SHOT values (911, 778, 806, 31, 9.620, 276.44, -30.80, 9.618, 276.60, -30.77, 0.024, 2.60, 14.16);
insert into SHOT values (912, 778, 806, 31, 9.620, 276.55, -30.73, 9.618, 276.60, -30.77, 0.010, 37.85, -26.48);
insert into SHOT values (913, 778, 806, 31, 9.620, 276.87, -30.69, 9.618, 276.60, -30.77, 0.041, 175.32, -14.17);
insert into SHOT values (914, 806, 807, 31, 0.870, 21.00, -15.44, 0.876, 20.79, -15.23, 0.007, 355.75, 12.82);
insert into SHOT values (915, 806, 808, 31, 3.930, 316.52, -27.92, 3.930, 316.52, -27.91, 0.001, 296.35, 16.64);
insert into SHOT values (916, 806, 809, 31, 4.370, 305.99, -31.12, 4.368, 305.98, -31.00, 0.009, 297.53, 68.40);
insert into SHOT values (917, 806, 810, 31, 1.740, 276.74, -45.38, 1.739, 277.01, -45.02, 0.012, 316.31, 43.13);
insert into SHOT values (918, 806, 811, 31, 3.280, 253.50, -52.74, 3.282, 253.66, -52.67, 0.007, 303.90, 4.30);
insert into SHOT values (919, 806, 812, 31, 2.340, 225.64, -44.02, 2.331, 225.73, -44.03, 0.009, 25.26, 40.37);
insert into SHOT values (920, 806, 813, 31, 2.310, 199.53, -30.64, 2.305, 199.71, -30.50, 0.010, 299.41, 48.63);
insert into SHOT values (921, 806, 814, 31, 1.370, 176.76, -24.97, 1.367, 176.77, -24.65, 0.008, 258.13, 88.65);
insert into SHOT values (922, 806, 815, 31, 1.080, 177.26, -17.81, 1.073, 177.19, -17.91, 0.007, 6.83, 2.66);
insert into SHOT values (923, 806, 816, 31, 1.010, 143.08, 2.32, 1.001, 143.13, 2.29, 0.009, 317.63, -5.49);
insert into SHOT values (924, 806, 817, 31, 2.680, 102.88, 21.58, 2.681, 102.75, 21.67, 0.007, 5.78, 37.73);
insert into SHOT values (925, 806, 818, 31, 2.730, 86.36, -3.04, 2.730, 86.21, -2.94, 0.008, 354.57, 34.50);
insert into SHOT values (926, 806, 819, 31, 9.280, 310.74, -85.22, 9.273, 310.84, -85.18, 0.010, 322.49, 49.02);
insert into SHOT values (927, 806, 820, 31, 5.420, 46.52, -70.10, 5.414, 46.54, -70.06, 0.007, 67.71, 77.13);
insert into SHOT values (928, 806, 821, 31, 4.980, 59.84, -69.35, 4.982, 59.65, -69.29, 0.008, 11.19, 0.34);
insert into SHOT values (929, 806, 822, 31, 1.980, 354.75, -74.21, 1.976, 354.71, -74.07, 0.006, 348.61, 56.13);
insert into SHOT values (930, 806, 823, 31, 1.730, 318.63, -57.30, 1.725, 318.47, -57.18, 0.006, 238.81, 65.23);
insert into SHOT values (931, 806, 824, 31, 3.660, 265.55, -38.23, 3.660, 265.62, -38.14, 0.007, 310.35, 45.80);
insert into SHOT values (932, 806, 825, 31, 1.100, 332.70, -23.24, 1.098, 332.93, -23.05, 0.006, 62.87, 45.15);
insert into SHOT values (933, 806, 826, 31, 3.590, 264.78, -38.16, 3.584, 264.92, -38.07, 0.011, 8.91, 49.63);
insert into SHOT values (934, 806, 827, 31, 1.310, 265.02, -37.91, 1.307, 265.01, -37.73, 0.005, 230.81, 84.85);
insert into SHOT values (935, 806, 828, 31, 3.630, 264.74, -38.08, 3.634, 264.79, -38.05, 0.005, 292.63, -12.86);
insert into SHOT values (936, 806, 829, 31, 3.620, 262.50, -39.28, 3.626, 262.85, -39.16, 0.020, 322.99, 5.39);
insert into SHOT values (937, 806, 829, 31, 3.620, 262.79, -38.98, 3.626, 262.85, -39.16, 0.013, 29.65, -74.08);
insert into SHOT values (938, 806, 829, 31, 3.630, 262.75, -39.33, 3.626, 262.85, -39.16, 0.012, 313.29, 59.23);
insert into SHOT values (939, 829, 830, 31, 0.220, 160.24, 74.57, 0.229, 161.57, 73.96, 0.009, 177.54, 58.19);
insert into SHOT values (940, 829, 831, 31, 1.820, 202.00, -23.58, 1.818, 201.80, -23.33, 0.010, 125.20, 53.57);
insert into SHOT values (941, 829, 832, 31, 1.030, 202.81, -19.53, 1.031, 202.35, -19.26, 0.009, 129.26, 27.89);
insert into SHOT values (942, 829, 833, 31, 0.900, 193.13, -28.93, 0.900, 193.16, -28.54, 0.006, 200.19, 60.05);
insert into SHOT values (943, 829, 834, 31, 0.880, 182.03, -58.26, 0.877, 181.22, -57.57, 0.013, 138.97, 40.72);
insert into SHOT values (944, 829, 835, 31, 1.140, 168.00, -75.20, 1.139, 168.31, -74.93, 0.006, 186.04, 22.79);
insert into SHOT values (945, 829, 836, 31, 0.750, 150.09, -83.40, 0.746, 147.99, -82.73, 0.010, 126.96, 29.81);
insert into SHOT values (946, 829, 837, 31, 1.770, 255.22, -34.19, 1.764, 254.92, -34.13, 0.010, 138.91, 28.26);
insert into SHOT values (947, 829, 838, 31, 1.620, 256.55, -27.45, 1.611, 256.26, -27.34, 0.012, 124.47, 34.34);
insert into SHOT values (948, 829, 839, 31, 4.480, 274.50, -29.67, 4.475, 274.42, -29.59, 0.009, 173.35, 54.42);
insert into SHOT values (949, 829, 840, 31, 2.420, 271.38, -38.98, 2.418, 271.22, -38.95, 0.006, 172.71, 23.26);
insert into SHOT values (950, 829, 841, 31, 1.610, 225.35, -71.68, 1.603, 225.00, -71.48, 0.009, 179.75, 62.60);
insert into SHOT values (951, 829, 842, 31, 4.210, 90.01, 23.20, 4.211, 90.15, 23.22, 0.009, 177.30, 9.16);
insert into SHOT values (952, 829, 843, 31, 2.610, 106.78, 24.03, 2.620, 106.77, 24.10, 0.011, 103.17, 42.18);
insert into SHOT values (953, 829, 844, 31, 2.030, 126.99, 17.84, 2.042, 127.05, 17.97, 0.013, 138.33, 39.51);
insert into SHOT values (954, 829, 845, 31, 1.920, 125.43, 29.67, 1.922, 125.50, 29.63, 0.003, 167.28, -7.83);
insert into SHOT values (955, 829, 846, 31, 1.230, 124.35, 35.49, 1.238, 124.48, 35.57, 0.008, 147.21, 45.31);
insert into SHOT values (956, 829, 847, 31, 1.330, 121.25, -11.61, 1.336, 121.26, -11.22, 0.011, 123.65, 45.66);
insert into SHOT values (957, 829, 848, 31, 1.570, 136.06, -39.55, 1.575, 136.33, -39.42, 0.008, 180.18, -2.07);
insert into SHOT values (958, 829, 849, 31, 5.530, 286.94, -26.42, 5.518, 286.93, -26.36, 0.013, 111.62, 52.47);
insert into SHOT values (959, 829, 849, 31, 5.530, 287.25, -26.27, 5.518, 286.93, -26.36, 0.031, 169.23, -4.44);
insert into SHOT values (960, 829, 849, 31, 5.530, 286.81, -26.41, 5.518, 286.93, -26.36, 0.017, 55.74, 35.55);
insert into SHOT values (961, 849, 850, 31, 0.500, 77.56, 87.99, 0.500, 45.00, 88.38, 0.009, 311.13, 1.86);
insert into SHOT values (962, 849, 851, 31, 0.660, 168.35, 43.86, 0.657, 168.93, 44.46, 0.009, 314.92, 17.33);
insert into SHOT values (963, 849, 852, 31, 0.890, 178.07, 23.02, 0.883, 178.59, 23.36, 0.012, 318.79, 9.68);
insert into SHOT values (964, 849, 853, 31, 1.240, 176.56, 5.85, 1.238, 176.74, 5.56, 0.008, 288.19, -56.50);
insert into SHOT values (965, 849, 854, 31, 4.880, 213.78, -35.30, 4.882, 213.85, -35.28, 0.006, 273.88, -0.56);
insert into SHOT values (966, 849, 855, 31, 4.180, 207.71, -23.57, 4.182, 207.84, -23.54, 0.009, 282.47, 9.51);
insert into SHOT values (967, 849, 856, 31, 3.090, 252.23, -17.73, 3.094, 252.43, -17.69, 0.011, 318.97, 5.23);
insert into SHOT values (968, 849, 857, 31, 1.550, 244.91, -37.89, 1.547, 245.32, -37.87, 0.009, 345.97, 12.13);
insert into SHOT values (969, 849, 858, 31, 4.540, 99.76, 26.65, 4.528, 99.67, 26.64, 0.014, 311.29, -28.11);
insert into SHOT values (970, 849, 859, 31, 2.100, 87.00, 36.30, 2.098, 86.95, 36.23, 0.004, 354.79, -66.11);
insert into SHOT values (971, 849, 860, 31, 2.620, 121.47, 12.55, 2.617, 121.39, 12.58, 0.005, 346.31, 7.56);
insert into SHOT values (972, 849, 861, 31, 1.640, 125.52, 2.89, 1.636, 125.54, 2.80, 0.004, 297.26, -37.44);
insert into SHOT values (973, 849, 862, 31, 1.070, 102.10, 1.66, 1.063, 101.94, 1.62, 0.007, 305.95, -7.93);
insert into SHOT values (974, 849, 863, 31, 0.690, 101.06, -23.93, 0.682, 101.13, -24.25, 0.009, 276.29, -0.77);
insert into SHOT values (975, 849, 864, 31, 0.770, 174.11, -67.27, 0.768, 174.09, -67.68, 0.006, 354.90, 1.90);
insert into SHOT values (976, 849, 865, 31, 1.600, 243.87, -38.37, 1.606, 244.05, -38.51, 0.008, 303.11, -56.53);
insert into SHOT values (977, 849, 865, 31, 1.610, 243.87, -38.28, 1.606, 244.05, -38.51, 0.008, 35.26, -17.80);
insert into SHOT values (978, 849, 865, 31, 1.600, 243.92, -38.36, 1.606, 244.05, -38.51, 0.008, 296.36, -63.54);
insert into SHOT values (979, 865, 866, 31, 2.750, 105.90, 66.53, 2.756, 105.95, 66.65, 0.008, 270.87, 66.04);
insert into SHOT values (980, 865, 867, 31, 1.450, 158.34, -57.05, 1.448, 158.60, -56.70, 0.010, 188.86, 43.57);
insert into SHOT values (981, 865, 867, 31, 1.440, 157.41, -56.13, 1.448, 158.60, -56.70, 0.023, 272.99, -38.12);
insert into SHOT values (982, 865, 867, 31, 1.450, 158.18, -56.99, 1.448, 158.60, -56.70, 0.010, 208.50, 38.08);
insert into SHOT values (983, 867, 868, 31, 2.690, 185.93, 0.05, 2.684, 185.77, 0.21, 0.012, 54.69, 38.28);
insert into SHOT values (984, 867, 869, 31, 1.020, 173.20, 19.70, 1.020, 172.80, 20.08, 0.009, 60.62, 40.46);
insert into SHOT values (985, 867, 870, 31, 1.830, 230.96, 46.61, 1.826, 230.84, 46.75, 0.007, 74.15, 1.28);
insert into SHOT values (986, 867, 871, 31, 1.990, 293.78, 56.59, 1.998, 294.23, 56.71, 0.012, 18.41, 45.78);
insert into SHOT values (987, 867, 872, 31, 0.940, 323.22, 6.05, 0.941, 323.25, 6.10, 0.002, 346.46, 34.55);
insert into SHOT values (988, 867, 873, 31, 2.080, 308.93, 5.85, 2.081, 308.92, 6.07, 0.008, 240.82, 87.01);
insert into SHOT values (989, 867, 874, 31, 1.770, 302.76, -13.30, 1.766, 303.14, -13.09, 0.014, 47.25, 31.69);
insert into SHOT values (990, 867, 875, 31, 1.790, 279.40, -14.08, 1.787, 279.63, -13.92, 0.009, 24.35, 37.75);
insert into SHOT values (991, 867, 876, 31, 1.890, 260.04, -10.51, 1.889, 260.08, -10.37, 0.005, 11.41, 73.14);
insert into SHOT values (992, 867, 877, 31, 1.970, 230.10, -13.89, 1.960, 230.12, -13.88, 0.010, 46.73, 16.60);
insert into SHOT values (993, 867, 878, 31, 2.850, 176.11, -14.30, 2.844, 176.05, -14.25, 0.007, 26.37, 33.55);
insert into SHOT values (994, 867, 879, 31, 2.560, 229.51, -50.91, 2.548, 229.55, -51.00, 0.013, 43.19, 32.02);
insert into SHOT values (995, 867, 880, 31, 6.320, 179.60, -62.95, 6.310, 179.60, -62.95, 0.010, 359.08, 64.85);
insert into SHOT values (996, 867, 881, 31, 20.320, 120.49, -76.14, 20.313, 120.46, -76.12, 0.010, 92.17, 56.89);
insert into SHOT values (997, 867, 882, 31, 4.330, 324.03, -76.10, 4.328, 324.33, -76.01, 0.009, 6.76, 21.31);
insert into SHOT values (998, 867, 883, 31, 3.810, 260.77, -70.46, 3.807, 260.91, -70.58, 0.009, 60.63, 3.67);
insert into SHOT values (999, 867, 884, 31, 0.240, 326.83, -77.03, 0.237, 329.04, -75.77, 0.006, 353.86, 38.13);
insert into SHOT values (1000, 867, 885, 31, 38.770, 81.06, -76.69, 38.762, 81.04, -76.68, 0.010, 43.61, 64.55);
insert into SHOT values (1001, 867, 886, 31, 22.110, 91.72, -80.77, 22.109, 91.29, -80.73, 0.031, 29.88, 6.97);
insert into SHOT values (1002, 867, 886, 31, 22.110, 90.79, -80.67, 22.109, 91.29, -80.73, 0.039, 218.29, -3.66);
insert into SHOT values (1003, 867, 886, 31, 22.110, 91.79, -80.78, 22.109, 91.29, -80.73, 0.036, 31.97, 6.86);
insert into SHOT values (1004, 886, 887, 31, 9.220, 128.93, 73.20, 9.224, 129.06, 73.20, 0.007, 209.08, 29.30);
insert into SHOT values (1005, 886, 888, 31, 7.190, 114.23, 59.62, 7.191, 114.31, 59.56, 0.009, 151.87, -17.45);
insert into SHOT values (1006, 886, 889, 31, 5.840, 100.82, 38.53, 5.844, 100.84, 38.53, 0.004, 131.43, 30.57);
insert into SHOT values (1007, 886, 890, 31, 4.780, 93.17, 20.35, 4.784, 93.19, 20.30, 0.006, 112.66, -21.90);
insert into SHOT values (1008, 886, 891, 31, 2.750, 122.18, 18.48, 2.752, 122.17, 18.43, 0.003, 110.48, -32.37);
insert into SHOT values (1009, 886, 892, 31, 4.230, 141.53, 42.96, 4.234, 141.54, 42.86, 0.008, 146.46, -19.56);
insert into SHOT values (1010, 886, 893, 31, 5.590, 163.58, 66.49, 5.594, 163.60, 66.50, 0.004, 198.06, 74.74);
insert into SHOT values (1011, 886, 894, 31, 9.220, 321.61, 72.61, 9.221, 321.63, 72.62, 0.002, 83.73, 48.07);
insert into SHOT values (1012, 886, 895, 31, 3.150, 8.56, 37.64, 3.149, 8.55, 37.81, 0.009, 190.96, 43.21);
insert into SHOT values (1013, 886, 896, 31, 2.290, 16.53, 22.87, 2.287, 16.54, 22.90, 0.003, 186.70, 0.22);
insert into SHOT values (1014, 886, 897, 31, 2.160, 18.00, -16.69, 2.153, 18.08, -16.74, 0.008, 175.26, 2.49);
insert into SHOT values (1015, 886, 898, 31, 3.770, 46.85, -10.82, 3.768, 46.86, -10.86, 0.004, 211.99, -37.67);
insert into SHOT values (1016, 886, 899, 31, 4.440, 52.89, -10.49, 4.437, 52.92, -10.52, 0.005, 201.69, -20.40);
insert into SHOT values (1017, 886, 900, 31, 4.680, 80.80, -10.63, 4.678, 80.87, -10.59, 0.006, 185.46, 31.30);
insert into SHOT values (1018, 886, 901, 31, 9.190, 73.78, -52.48, 9.188, 73.80, -52.51, 0.006, 231.47, -10.73);
insert into SHOT values (1019, 886, 902, 31, 5.500, 110.79, -67.43, 5.500, 110.84, -67.46, 0.004, 258.33, -19.03);
insert into SHOT values (1020, 886, 903, 31, 2.310, 1.76, -70.53, 2.312, 1.49, -70.54, 0.004, 276.41, -29.71);
insert into SHOT values (1021, 886, 904, 31, 3.270, 19.03, -56.13, 3.264, 18.93, -56.14, 0.007, 236.36, 45.15);
insert into SHOT values (1022, 886, 905, 31, 6.240, 47.71, -54.57, 6.236, 47.80, -54.54, 0.007, 135.16, 38.10);
insert into SHOT values (1023, 886, 906, 31, 14.940, 60.46, -66.44, 14.937, 60.52, -66.43, 0.008, 132.54, 36.63);
insert into SHOT values (1024, 886, 907, 31, 15.810, 41.52, -69.43, 15.805, 41.56, -69.46, 0.010, 193.75, 12.17);
insert into SHOT values (1025, 886, 908, 31, 10.440, 86.75, -79.22, 10.434, 86.77, -79.21, 0.006, 146.83, 81.71);
insert into SHOT values (1026, 886, 909, 31, 16.940, 63.73, -79.00, 16.941, 63.75, -79.00, 0.002, 112.13, -36.74);
insert into SHOT values (1027, 886, 910, 31, 16.530, 87.86, -67.62, 16.526, 87.91, -67.61, 0.007, 172.83, 44.35);
insert into SHOT values (1028, 886, 911, 31, 11.630, 63.68, -79.54, 11.622, 63.80, -79.56, 0.009, 202.29, 45.28);
insert into SHOT values (1029, 886, 912, 31, 16.600, 76.61, -69.46, 16.596, 76.70, -69.45, 0.011, 155.35, 25.93);
insert into SHOT values (1030, 886, 913, 31, 16.560, 76.42, -69.29, 16.559, 76.46, -69.30, 0.006, 206.50, -0.70);
insert into SHOT values (1031, 886, 914, 31, 16.540, 76.49, -69.29, 16.539, 76.56, -69.28, 0.007, 157.47, 9.93);
insert into SHOT values (1032, 886, 915, 31, 16.650, 75.43, -71.04, 16.645, 75.45, -71.02, 0.008, 101.73, 56.91);
insert into SHOT values (1033, 886, 916, 31, 16.730, 74.42, -71.38, 16.727, 74.48, -71.37, 0.008, 135.92, 33.33);
insert into SHOT values (1034, 886, 917, 31, 16.640, 75.78, -71.07, 16.648, 73.85, -71.10, 0.182, 343.11, -3.14);
insert into SHOT values (1035, 886, 917, 31, 16.660, 72.75, -71.13, 16.648, 73.85, -71.10, 0.105, 160.76, 8.02);
insert into SHOT values (1036, 886, 917, 31, 16.660, 73.01, -71.05, 16.648, 73.85, -71.10, 0.081, 175.82, 4.98);
insert into SHOT values (1037, 917, 918, 31, 2.750, 186.41, -2.81, 2.750, 186.27, -2.92, 0.008, 94.11, -37.88);
insert into SHOT values (1038, 917, 919, 31, 2.470, 201.28, -2.28, 2.468, 201.15, -2.32, 0.006, 92.32, -16.88);
insert into SHOT values (1039, 917, 920, 31, 2.560, 227.37, -4.37, 2.555, 227.23, -4.49, 0.010, 98.86, -31.29);
insert into SHOT values (1040, 917, 921, 31, 3.560, 249.16, -2.86, 3.559, 249.07, -2.90, 0.006, 149.81, -22.00);
insert into SHOT values (1041, 917, 922, 31, 4.010, 271.84, -1.29, 4.003, 271.86, -1.29, 0.007, 79.54, 2.25);
insert into SHOT values (1042, 917, 923, 31, 7.280, 290.37, -1.96, 7.278, 290.35, -1.97, 0.003, 163.65, -20.84);
insert into SHOT values (1043, 917, 924, 31, 5.340, 310.25, -1.99, 5.339, 310.29, -2.04, 0.006, 60.96, -51.27);
insert into SHOT values (1044, 917, 925, 31, 4.580, 323.10, 1.04, 4.573, 323.18, 1.00, 0.010, 101.65, -17.93);
insert into SHOT values (1045, 917, 926, 31, 4.970, 323.42, 5.78, 4.965, 323.48, 5.78, 0.007, 96.28, -4.39);
insert into SHOT values (1046, 917, 927, 31, 2.790, 341.08, 4.52, 2.788, 341.11, 4.53, 0.002, 119.84, 3.46);
insert into SHOT values (1047, 917, 928, 31, 1.710, 7.10, 4.47, 1.709, 7.42, 4.36, 0.010, 100.53, -19.11);
insert into SHOT values (1048, 917, 929, 31, 1.460, 30.49, 2.91, 1.454, 30.63, 2.76, 0.008, 178.51, -32.42);
insert into SHOT values (1049, 917, 930, 31, 0.790, 91.33, 9.54, 0.791, 91.47, 9.46, 0.002, 149.36, -22.69);
insert into SHOT values (1050, 917, 931, 31, 1.040, 139.65, 7.48, 1.044, 139.70, 7.15, 0.007, 150.24, -48.37);
insert into SHOT values (1051, 917, 932, 31, 4.040, 283.22, -13.90, 4.031, 283.15, -13.92, 0.010, 131.43, 2.88);
insert into SHOT values (1052, 917, 933, 31, 3.510, 244.12, 33.12, 3.510, 243.96, 33.16, 0.009, 144.41, 14.36);
insert into SHOT values (1053, 917, 934, 31, 6.580, 222.28, 68.81, 6.575, 222.27, 68.79, 0.005, 162.41, -86.60);
insert into SHOT values (1054, 917, 935, 31, 15.910, 206.82, 81.94, 15.907, 206.68, 81.95, 0.007, 83.17, -23.48);
insert into SHOT values (1055, 917, 936, 31, 6.120, 126.78, 83.48, 6.120, 126.87, 83.43, 0.005, 139.00, -4.60);
insert into SHOT values (1056, 917, 937, 31, 2.870, 86.78, 71.42, 2.872, 86.89, 71.29, 0.007, 101.07, -3.34);
insert into SHOT values (1057, 917, 938, 31, 1.450, 94.95, 56.85, 1.447, 95.06, 56.76, 0.004, 178.20, -68.40);
insert into SHOT values (1058, 917, 939, 31, 12.670, 171.02, 56.41, 12.670, 170.98, 56.37, 0.010, 136.98, -26.75);
insert into SHOT values (1059, 917, 940, 31, 19.530, 170.05, 41.35, 19.529, 170.02, 41.34, 0.007, 86.46, -21.24);
insert into SHOT values (1060, 917, 941, 31, 18.470, 168.01, 34.82, 18.465, 168.01, 34.81, 0.007, 0.93, -71.37);
insert into SHOT values (1061, 917, 942, 31, 6.660, 180.31, 34.07, 6.662, 180.31, 34.05, 0.003, 182.67, -16.59);
insert into SHOT values (1062, 917, 943, 31, 5.430, 168.03, 31.70, 5.429, 168.01, 31.67, 0.004, 106.67, -59.96);
insert into SHOT values (1063, 917, 944, 31, 6.470, 172.29, 34.87, 6.471, 172.21, 34.87, 0.008, 87.58, 7.23);
insert into SHOT values (1064, 917, 945, 31, 6.350, 157.42, 47.72, 6.355, 157.45, 47.70, 0.006, 183.43, 18.62);
insert into SHOT values (1065, 917, 946, 31, 6.750, 171.57, 35.79, 6.754, 171.60, 35.79, 0.005, 215.43, 28.19);
insert into SHOT values (1066, 917, 946, 31, 6.750, 171.83, 35.82, 6.754, 171.60, 35.79, 0.022, 95.78, -0.96);
insert into SHOT values (1067, 917, 946, 31, 6.750, 171.56, 35.85, 6.754, 171.60, 35.79, 0.009, 200.71, -20.70);
insert into SHOT values (1068, 946, 947, 31, 0.910, 241.69, 6.55, 0.914, 241.74, 6.28, 0.006, 252.84, -41.76);
insert into SHOT values (1069, 946, 948, 31, 1.010, 243.64, 45.95, 1.006, 243.80, 45.72, 0.006, 336.62, -71.67);
insert into SHOT values (1070, 946, 949, 31, 1.930, 206.65, 66.31, 1.932, 206.90, 66.39, 0.005, 324.62, 35.00);
insert into SHOT values (1071, 946, 950, 31, 2.330, 168.16, 67.19, 2.330, 168.44, 67.33, 0.007, 307.32, 18.28);
insert into SHOT values (1072, 946, 951, 31, 2.900, 137.28, 56.59, 2.897, 137.29, 56.66, 0.005, 313.58, -9.70);
insert into SHOT values (1073, 946, 952, 31, 1.680, 103.41, 54.16, 1.681, 103.47, 54.03, 0.004, 120.74, -27.49);
insert into SHOT values (1074, 946, 953, 31, 1.240, 88.32, 36.50, 1.244, 88.28, 36.49, 0.004, 77.97, 32.99);
insert into SHOT values (1075, 946, 954, 31, 1.120, 84.92, 17.65, 1.118, 84.61, 17.71, 0.006, 330.69, 3.76);
insert into SHOT values (1076, 946, 955, 31, 1.090, 86.14, -45.64, 1.090, 86.24, -45.68, 0.002, 195.46, -27.13);
insert into SHOT values (1077, 946, 956, 31, 1.260, 99.83, -73.00, 1.264, 99.46, -73.22, 0.007, 314.15, -50.60);
insert into SHOT values (1078, 946, 957, 31, 1.720, 127.17, 9.98, 1.718, 127.07, 10.05, 0.004, 2.70, 28.90);
insert into SHOT values (1079, 946, 958, 31, 3.100, 140.89, 9.72, 3.100, 140.84, 9.66, 0.004, 71.17, -51.39);
insert into SHOT values (1080, 946, 959, 31, 5.210, 150.45, 8.09, 5.210, 150.50, 8.05, 0.006, 234.49, -33.62);
insert into SHOT values (1081, 946, 960, 31, 1.850, 315.54, 3.33, 1.849, 315.66, 3.41, 0.005, 63.12, 32.37);
insert into SHOT values (1082, 946, 961, 31, 9.100, 347.32, 5.64, 9.105, 347.31, 5.61, 0.007, 336.20, -38.84);
insert into SHOT values (1083, 946, 962, 31, 3.010, 14.85, 1.74, 3.011, 14.82, 1.71, 0.003, 330.17, -32.85);
insert into SHOT values (1084, 946, 963, 31, 0.770, 271.19, -53.15, 0.772, 271.25, -53.42, 0.004, 76.35, -65.68);
insert into SHOT values (1085, 946, 964, 31, 4.380, 162.13, -4.00, 4.381, 162.15, -4.06, 0.005, 207.56, -69.67);
insert into SHOT values (1086, 946, 965, 31, 4.400, 162.35, -4.14, 4.398, 162.35, -4.17, 0.003, 342.62, -49.17);
insert into SHOT values (1087, 946, 966, 31, 4.340, 162.12, -4.04, 4.356, 162.32, -4.08, 0.022, 204.78, -10.95);
insert into SHOT values (1088, 946, 966, 31, 4.370, 162.46, -4.03, 4.356, 162.32, -4.08, 0.018, 20.76, -9.26);
insert into SHOT values (1089, 946, 966, 31, 4.360, 162.23, -4.08, 4.356, 162.32, -4.08, 0.007, 281.32, 1.63);
insert into SHOT values (1090, 966, 967, 31, 9.040, 212.37, 81.80, 9.042, 212.33, 81.80, 0.003, 162.81, 66.82);
insert into SHOT values (1091, 966, 968, 31, 8.060, 220.45, 80.80, 8.063, 220.26, 80.83, 0.007, 84.14, 31.19);
insert into SHOT values (1092, 966, 969, 31, 10.000, 216.86, 80.78, 9.999, 216.87, 80.79, 0.002, 29.88, -19.47);
insert into SHOT values (1093, 966, 970, 31, 5.780, 318.55, 76.46, 5.781, 318.89, 76.46, 0.008, 45.47, 4.54);
insert into SHOT values (1094, 966, 971, 31, 6.190, 345.02, 55.99, 6.191, 345.12, 55.95, 0.007, 42.66, -8.87);
insert into SHOT values (1095, 966, 972, 31, 3.760, 17.47, 71.66, 3.762, 17.67, 71.62, 0.005, 73.08, 11.05);
insert into SHOT values (1096, 966, 973, 31, 3.700, 261.96, 67.42, 3.701, 261.87, 67.53, 0.008, 100.88, 27.86);
insert into SHOT values (1097, 966, 974, 31, 5.040, 220.67, 62.55, 5.036, 220.63, 62.58, 0.005, 62.09, -28.89);
insert into SHOT values (1098, 966, 975, 31, 5.680, 188.53, 67.89, 5.676, 188.36, 67.93, 0.009, 59.27, -15.61);
insert into SHOT values (1099, 966, 976, 31, 1.310, 184.18, 58.50, 1.311, 184.21, 58.67, 0.004, 357.65, 48.88);
insert into SHOT values (1100, 966, 977, 31, 1.480, 320.71, 38.92, 1.480, 320.64, 38.94, 0.001, 215.10, 8.35);
insert into SHOT values (1101, 966, 978, 31, 4.180, 335.02, 39.90, 4.180, 335.11, 39.88, 0.005, 52.60, -13.35);
insert into SHOT values (1102, 966, 979, 31, 3.380, 0.96, 16.98, 3.379, 1.06, 17.04, 0.007, 110.65, 25.02);
insert into SHOT values (1103, 966, 980, 31, 2.270, 16.46, -3.18, 2.276, 16.36, -3.27, 0.008, 340.94, -31.12);
insert into SHOT values (1104, 966, 981, 31, 2.670, 355.31, -10.18, 2.670, 355.42, -10.14, 0.005, 80.31, 21.01);
insert into SHOT values (1105, 966, 982, 31, 3.360, 342.63, -17.14, 3.366, 342.64, -17.11, 0.006, 345.58, 2.13);
insert into SHOT values (1106, 966, 983, 31, 1.040, 331.46, -28.71, 1.037, 331.74, -28.83, 0.006, 102.68, -3.93);
insert into SHOT values (1107, 966, 984, 31, 0.510, 195.85, -86.28, 0.511, 198.43, -86.45, 0.002, 332.27, -27.45);
insert into SHOT values (1108, 966, 985, 31, 3.970, 208.43, -20.21, 3.963, 208.43, -20.23, 0.007, 30.48, 11.53);
insert into SHOT values (1109, 966, 985, 31, 3.970, 208.32, -20.21, 3.963, 208.43, -20.23, 0.010, 344.94, 8.43);
insert into SHOT values (1110, 966, 985, 31, 3.960, 208.43, -20.17, 3.963, 208.43, -20.23, 0.005, 195.77, -75.42);
insert into SHOT values (1111, 985, 986, 31, 2.180, 10.45, 11.21, 2.179, 10.52, 11.38, 0.007, 143.93, 59.59);
insert into SHOT values (1112, 985, 987, 31, 0.890, 0.79, 62.45, 0.890, 1.40, 62.56, 0.005, 110.37, 11.27);
insert into SHOT values (1113, 985, 988, 31, 10.490, 70.07, 74.08, 10.493, 70.12, 74.06, 0.006, 99.24, 24.89);
insert into SHOT values (1114, 985, 989, 31, 4.690, 172.53, 85.42, 4.695, 172.30, 85.44, 0.005, 44.77, 69.47);
insert into SHOT values (1115, 985, 990, 31, 5.400, 163.41, 2.53, 5.400, 163.41, 2.55, 0.002, 298.16, 77.79);
insert into SHOT values (1116, 985, 991, 31, 9.760, 161.19, -5.50, 9.762, 161.21, -5.47, 0.007, 212.78, 50.46);
insert into SHOT values (1117, 985, 992, 31, 2.230, 145.85, -4.08, 2.230, 145.81, -4.11, 0.002, 58.92, -40.59);
insert into SHOT values (1118, 985, 993, 31, 2.500, 123.23, -3.07, 2.502, 123.24, -2.98, 0.005, 137.36, 55.55);
insert into SHOT values (1119, 985, 994, 31, 5.410, 118.48, 1.17, 5.415, 118.46, 1.16, 0.006, 97.69, -4.64);
insert into SHOT values (1120, 985, 995, 31, 3.890, 117.10, 10.29, 3.896, 117.17, 10.35, 0.009, 156.71, 36.21);
insert into SHOT values (1121, 985, 996, 31, 5.210, 116.58, 7.44, 5.210, 116.57, 7.50, 0.006, 355.26, 73.62);
insert into SHOT values (1122, 985, 997, 31, 4.290, 97.77, 2.59, 4.294, 97.77, 2.67, 0.007, 99.11, 58.40);
insert into SHOT values (1123, 985, 998, 31, 4.070, 84.08, 1.46, 4.073, 84.08, 1.55, 0.007, 83.25, 64.23);
insert into SHOT values (1124, 985, 999, 31, 4.100, 73.87, 2.44, 4.106, 73.86, 2.51, 0.008, 68.28, 45.52);
insert into SHOT values (1125, 985, 1000, 31, 2.120, 57.67, 2.39, 2.119, 57.74, 2.43, 0.003, 175.95, 29.77);
insert into SHOT values (1126, 985, 1001, 31, 3.100, 63.64, 26.94, 3.103, 63.81, 27.03, 0.010, 151.97, 34.62);
insert into SHOT values (1127, 985, 1002, 31, 5.510, 72.35, 49.41, 5.515, 72.47, 49.44, 0.010, 151.94, 36.17);
insert into SHOT values (1128, 985, 1003, 31, 3.660, 90.44, -33.98, 3.661, 90.57, -33.86, 0.010, 142.71, 33.59);
insert into SHOT values (1129, 985, 1004, 31, 3.320, 95.69, -60.68, 3.317, 95.64, -60.61, 0.005, 62.17, 61.59);
insert into SHOT values (1130, 985, 1005, 31, 2.560, 136.14, -84.83, 2.561, 136.74, -84.77, 0.004, 177.52, -6.45);
insert into SHOT values (1131, 985, 1006, 31, 3.910, 99.57, -77.25, 3.907, 100.01, -77.24, 0.008, 187.99, 28.53);
insert into SHOT values (1132, 985, 1007, 31, 10.160, 162.89, -1.12, 10.162, 162.88, -1.13, 0.003, 136.81, -34.04);
insert into SHOT values (1133, 985, 1008, 31, 9.480, 158.63, -1.24, 9.486, 158.60, -1.21, 0.009, 121.02, 34.60);
insert into SHOT values (1134, 985, 1009, 31, 22.360, 161.36, 1.68, 22.364, 161.35, 1.69, 0.008, 107.40, 33.86);
insert into SHOT values (1135, 985, 1010, 31, 9.660, 158.29, 0.15, 9.667, 158.26, 0.18, 0.010, 128.03, 29.01);
insert into SHOT values (1136, 985, 1011, 31, 9.660, 158.31, 0.03, 9.636, 158.25, 0.12, 0.030, 359.59, 29.84);
insert into SHOT values (1137, 985, 1011, 31, 9.610, 158.16, 0.17, 9.636, 158.25, 0.12, 0.031, 189.64, -15.74);
insert into SHOT values (1138, 985, 1011, 31, 9.630, 158.33, 0.20, 9.636, 158.25, 0.12, 0.020, 92.63, -44.08);
insert into SHOT values (1139, 1011, 1012, 31, 2.200, 279.26, -10.68, 2.195, 279.33, -10.50, 0.009, 60.31, 60.97);
insert into SHOT values (1140, 1011, 1013, 31, 0.770, 279.79, 28.76, 0.773, 279.32, 28.59, 0.007, 225.22, -4.04);
insert into SHOT values (1141, 1011, 1014, 31, 1.340, 274.00, 59.39, 1.346, 274.21, 59.55, 0.007, 15.23, 69.67);
insert into SHOT values (1142, 1011, 1015, 31, 3.670, 268.28, 80.73, 3.678, 268.06, 80.76, 0.008, 157.74, 72.92);
insert into SHOT values (1143, 1011, 1016, 31, 5.310, 222.28, 86.86, 5.318, 222.27, 86.80, 0.010, 221.99, 50.98);
insert into SHOT values (1144, 1011, 1017, 31, 6.570, 145.76, 76.29, 6.578, 145.70, 76.27, 0.009, 125.29, 56.69);
insert into SHOT values (1145, 1011, 1018, 31, 3.630, 98.29, 62.11, 3.632, 98.46, 62.12, 0.005, 183.13, 17.51);
insert into SHOT values (1146, 1011, 1019, 31, 2.000, 101.91, 8.88, 1.997, 101.99, 8.93, 0.004, 237.80, 17.10);
insert into SHOT values (1147, 1011, 1020, 31, 4.510, 148.49, 1.97, 4.510, 148.43, 2.03, 0.007, 57.37, 44.50);
insert into SHOT values (1148, 1011, 1021, 31, 9.260, 165.43, 0.90, 9.259, 165.42, 0.93, 0.005, 36.56, 73.22);
insert into SHOT values (1149, 1011, 1022, 31, 13.840, 167.39, 5.80, 13.844, 167.38, 5.80, 0.005, 126.64, 15.45);
insert into SHOT values (1150, 1011, 1023, 31, 10.160, 179.52, 1.18, 10.162, 179.55, 1.18, 0.006, 243.77, 7.72);
insert into SHOT values (1151, 1011, 1024, 31, 5.220, 200.52, -11.21, 5.225, 200.56, -11.15, 0.008, 228.81, 35.18);
insert into SHOT values (1152, 1011, 1025, 31, 8.440, 175.78, -12.54, 8.443, 175.76, -12.52, 0.006, 134.44, 25.49);
insert into SHOT values (1153, 1011, 1026, 31, 5.000, 163.37, -36.38, 4.998, 163.41, -36.31, 0.007, 215.66, 58.16);
insert into SHOT values (1154, 1011, 1027, 31, 1.830, 70.27, 6.44, 1.828, 70.37, 6.60, 0.006, 203.59, 48.18);
insert into SHOT values (1155, 1011, 1028, 31, 2.540, 39.04, 4.70, 2.540, 38.91, 4.74, 0.006, 310.35, 17.73);
insert into SHOT values (1156, 1011, 1029, 31, 3.350, 26.10, 4.84, 3.353, 26.10, 4.96, 0.008, 32.00, 69.46);
insert into SHOT values (1157, 1011, 1030, 31, 2.650, 5.03, 4.26, 2.648, 5.00, 4.33, 0.004, 214.25, 46.16);
insert into SHOT values (1158, 1011, 1031, 31, 3.410, 355.69, -27.26, 3.407, 355.64, -27.25, 0.004, 219.02, 28.37);
insert into SHOT values (1159, 1011, 1032, 31, 10.720, 337.47, -6.10, 10.722, 337.50, -6.10, 0.006, 45.46, -8.02);
insert into SHOT values (1160, 1011, 1033, 31, 6.660, 334.58, -20.84, 6.658, 334.59, -20.85, 0.003, 133.47, -14.68);
insert into SHOT values (1161, 1011, 1034, 31, 1.590, 323.36, -49.39, 1.585, 323.24, -49.19, 0.007, 259.49, 71.21);
insert into SHOT values (1162, 1011, 1035, 31, 1.680, 328.69, 49.98, 1.681, 328.67, 50.14, 0.005, 154.77, 45.89);
insert into SHOT values (1163, 1011, 1036, 31, 3.190, 11.45, 29.13, 3.192, 11.39, 29.26, 0.008, 251.39, 64.94);
insert into SHOT values (1164, 1011, 1037, 31, 4.650, 23.19, 41.85, 4.651, 23.16, 41.96, 0.009, 225.46, 53.81);
insert into SHOT values (1165, 1011, 1038, 31, 6.920, 5.25, 33.12, 6.918, 5.25, 33.12, 0.002, 192.87, -36.52);
insert into SHOT values (1166, 1011, 1039, 31, 8.710, 0.26, 48.10, 8.717, 0.30, 48.12, 0.009, 48.06, 55.49);
insert into SHOT values (1167, 1011, 1040, 31, 6.530, 352.47, 64.14, 6.532, 352.53, 64.19, 0.006, 138.38, 38.58);
insert into SHOT values (1168, 1011, 1041, 31, 11.460, 344.10, 32.61, 11.460, 344.06, 32.63, 0.008, 232.56, 30.69);
insert into SHOT values (1169, 1011, 1042, 31, 7.880, 345.20, 47.20, 7.889, 345.19, 47.22, 0.009, 327.15, 62.24);
insert into SHOT values (1170, 1011, 1043, 31, 10.040, 337.31, 7.41, 10.035, 337.30, 7.44, 0.008, 174.53, 42.50);
insert into SHOT values (1171, 1011, 1044, 31, 12.010, 341.31, 12.72, 12.012, 341.33, 12.74, 0.007, 58.35, 48.92);
insert into SHOT values (1172, 1011, 1045, 31, 4.450, 336.55, -21.62, 4.447, 336.47, -21.64, 0.006, 215.25, -3.57);
insert into SHOT values (1173, 1011, 1046, 31, 16.070, 170.07, 9.85, 16.074, 170.07, 9.85, 0.004, 184.75, 12.60);
insert into SHOT values (1174, 1011, 1047, 31, 16.060, 170.05, 9.96, 16.060, 170.06, 9.97, 0.004, 270.66, 35.45);
insert into SHOT values (1175, 1011, 1048, 31, 15.880, 169.93, 9.90, 15.877, 169.95, 9.90, 0.006, 295.69, -2.28);
insert into SHOT values (1176, 1011, 1049, 31, 15.680, 169.82, 8.98, 15.677, 169.81, 8.99, 0.005, 33.76, 27.65);
insert into SHOT values (1177, 1011, 1050, 31, 15.750, 169.88, 8.92, 15.753, 169.90, 8.95, 0.009, 237.17, 59.07);
insert into SHOT values (1178, 1011, 1051, 31, 15.780, 169.77, 8.93, 15.779, 169.76, 8.93, 0.002, 57.78, 16.59);
insert into SHOT values (1179, 1011, 1052, 31, 15.710, 170.11, 8.54, 15.708, 170.10, 8.60, 0.018, 18.07, 73.06);
insert into SHOT values (1180, 1011, 1052, 31, 15.700, 170.12, 8.55, 15.708, 170.10, 8.60, 0.018, 128.06, 64.13);
insert into SHOT values (1181, 1011, 1052, 31, 15.710, 170.06, 8.64, 15.708, 170.10, 8.60, 0.015, 262.63, -42.07);
insert into SHOT values (1182, 946, 1053, 31, 4.200, 276.20, -54.87, 4.202, 275.95, -54.95, 0.012, 166.30, -23.95);
insert into SHOT values (1183, 946, 1053, 31, 4.190, 275.93, -54.88, 4.202, 275.95, -54.95, 0.013, 291.69, -78.45);
insert into SHOT values (1184, 946, 1053, 31, 4.200, 275.81, -55.10, 4.202, 275.95, -54.95, 0.012, 305.85, 21.94);
insert into SHOT values (1185, 1053, 1054, 31, 2.050, 157.64, 4.28, 2.051, 157.57, 4.47, 0.007, 75.94, 71.28);
insert into SHOT values (1186, 1053, 1055, 31, 5.210, 161.63, -3.64, 5.206, 161.60, -3.63, 0.005, 16.82, 9.23);
insert into SHOT values (1187, 1053, 1056, 31, 2.460, 154.54, -2.06, 2.462, 154.48, -2.10, 0.004, 96.05, -26.21);
insert into SHOT values (1188, 1053, 1057, 31, 6.820, 148.99, -13.08, 6.815, 148.99, -13.06, 0.006, 326.18, 38.37);
insert into SHOT values (1189, 1053, 1058, 31, 2.380, 121.07, -5.42, 2.379, 121.01, -5.31, 0.006, 11.25, 59.37);
insert into SHOT values (1190, 1053, 1059, 31, 0.870, 80.69, -0.87, 0.871, 80.75, -0.66, 0.004, 115.06, 61.80);
insert into SHOT values (1191, 1053, 1060, 31, 0.840, 20.10, 1.52, 0.842, 20.16, 2.04, 0.008, 44.78, 75.29);
insert into SHOT values (1192, 1053, 1061, 31, 3.360, 94.26, 69.25, 3.359, 94.33, 69.19, 0.004, 118.71, -32.11);
insert into SHOT values (1193, 1053, 1062, 31, 0.740, 99.42, 78.59, 0.746, 97.59, 78.29, 0.008, 54.64, 34.05);
insert into SHOT values (1194, 1053, 1063, 31, 5.490, 194.30, -82.16, 5.490, 194.04, -82.23, 0.008, 41.23, -9.90);
insert into SHOT values (1195, 1053, 1064, 31, 5.390, 172.36, -60.20, 5.382, 172.26, -60.20, 0.010, 38.26, 49.24);
insert into SHOT values (1196, 1053, 1065, 31, 6.650, 150.22, -62.67, 6.644, 150.16, -62.63, 0.009, 91.34, 64.91);
insert into SHOT values (1197, 1053, 1066, 31, 2.030, 98.17, -65.81, 2.031, 98.23, -65.61, 0.007, 105.12, 14.30);
insert into SHOT values (1198, 1053, 1067, 31, 5.760, 225.93, -75.49, 5.752, 225.85, -75.55, 0.010, 61.33, 38.61);
insert into SHOT values (1199, 1053, 1068, 31, 5.800, 300.60, -88.35, 5.792, 302.74, -88.35, 0.010, 36.92, 50.60);
insert into SHOT values (1200, 1053, 1069, 31, 6.790, 101.84, -80.15, 6.785, 101.21, -80.40, 0.033, 304.32, -0.16);
insert into SHOT values (1201, 1053, 1069, 31, 6.790, 99.00, -80.66, 6.785, 101.21, -80.40, 0.053, 155.60, 10.81);
insert into SHOT values (1202, 1053, 1069, 31, 6.780, 102.88, -80.37, 6.785, 101.21, -80.40, 0.034, 7.54, -9.50);
insert into SHOT values (1203, 1069, 1070, 31, 2.870, 135.58, 42.07, 2.867, 135.57, 42.05, 0.004, 325.12, -56.28);
insert into SHOT values (1204, 1069, 1071, 31, 2.180, 99.98, 32.63, 2.184, 100.03, 32.70, 0.005, 134.62, 60.10);
insert into SHOT values (1205, 1069, 1072, 31, 3.430, 141.23, 51.41, 3.430, 141.26, 51.38, 0.002, 171.48, -26.60);
insert into SHOT values (1206, 1069, 1073, 31, 3.010, 29.55, 9.84, 3.015, 29.67, 9.93, 0.009, 89.65, 37.27);
insert into SHOT values (1207, 1069, 1074, 31, 3.670, 10.72, 3.22, 3.670, 10.70, 3.28, 0.004, 260.72, 67.48);
insert into SHOT values (1208, 1069, 1075, 31, 1.840, 325.27, 8.61, 1.841, 325.52, 8.75, 0.009, 53.09, 29.35);
insert into SHOT values (1209, 1069, 1076, 31, 2.160, 354.46, 13.58, 2.161, 354.53, 13.65, 0.004, 85.88, 46.25);
insert into SHOT values (1210, 1069, 1077, 31, 2.680, 345.81, 45.25, 2.678, 345.89, 45.20, 0.004, 72.18, -51.27);
insert into SHOT values (1211, 1069, 1078, 31, 4.650, 34.81, 51.56, 4.652, 34.73, 51.49, 0.007, 357.52, -18.49);
insert into SHOT values (1212, 1069, 1079, 31, 5.620, 63.56, 73.70, 5.625, 63.60, 73.75, 0.007, 225.34, 60.64);
insert into SHOT values (1213, 1069, 1080, 31, 2.740, 84.75, 84.97, 2.741, 85.24, 84.96, 0.002, 158.72, 14.55);
insert into SHOT values (1214, 1069, 1081, 31, 3.990, 83.57, -60.23, 3.988, 83.63, -60.19, 0.004, 144.09, 56.09);
insert into SHOT values (1215, 1069, 1082, 31, 3.830, 125.49, -84.97, 3.825, 124.16, -84.92, 0.010, 53.03, 32.51);
insert into SHOT values (1216, 1069, 1083, 31, 3.810, 349.12, -70.78, 3.811, 349.41, -70.83, 0.007, 104.09, -18.78);
insert into SHOT values (1217, 1069, 1084, 31, 5.570, 17.92, -59.88, 5.572, 17.92, -59.89, 0.002, 357.73, -76.44);
insert into SHOT values (1218, 1069, 1085, 31, 9.570, 27.88, -56.65, 9.566, 27.88, -56.64, 0.004, 204.94, 82.90);
insert into SHOT values (1219, 1069, 1086, 31, 8.210, 52.10, -63.29, 8.207, 52.04, -63.27, 0.005, 329.48, 46.91);
insert into SHOT values (1220, 1069, 1087, 31, 11.780, 65.46, -67.25, 11.779, 65.51, -67.22, 0.007, 108.43, 29.02);
insert into SHOT values (1221, 1069, 1088, 31, 8.450, 93.50, -77.11, 8.445, 93.33, -77.05, 0.012, 59.12, 35.52);
insert into SHOT values (1222, 1069, 1088, 31, 8.440, 93.14, -77.05, 8.445, 93.33, -77.05, 0.008, 167.40, -35.43);
insert into SHOT values (1223, 1069, 1088, 31, 8.440, 93.50, -77.01, 8.445, 93.33, -77.05, 0.009, 328.16, -41.15);
insert into SHOT values (1224, 1088, 1089, 31, 0.690, 183.62, 30.71, 0.692, 183.88, 31.33, 0.008, 308.91, 66.79);
insert into SHOT values (1225, 1088, 1090, 31, 0.780, 127.64, 15.03, 0.782, 127.48, 14.82, 0.004, 89.19, -33.18);
insert into SHOT values (1226, 1088, 1091, 31, 1.180, 105.77, 5.02, 1.180, 105.81, 5.35, 0.007, 246.52, 78.76);
insert into SHOT values (1227, 1088, 1092, 31, 1.760, 73.87, 2.22, 1.761, 73.83, 2.28, 0.002, 21.46, 50.32);
insert into SHOT values (1228, 1088, 1093, 31, 3.190, 31.01, 5.07, 3.188, 31.09, 5.04, 0.005, 138.58, -22.96);
insert into SHOT values (1229, 1088, 1094, 31, 2.570, 312.01, 16.55, 2.570, 312.04, 16.50, 0.002, 20.52, -57.01);
insert into SHOT values (1230, 1088, 1095, 31, 3.900, 346.31, 7.09, 3.901, 346.25, 7.07, 0.004, 266.77, -18.66);
insert into SHOT values (1231, 1088, 1096, 31, 5.070, 5.76, 4.76, 5.073, 5.79, 4.75, 0.004, 44.27, -9.76);
insert into SHOT values (1232, 1088, 1097, 31, 3.840, 13.89, 5.23, 3.838, 13.93, 5.23, 0.003, 137.46, -0.60);
insert into SHOT values (1233, 1088, 1098, 31, 5.490, 5.23, 26.41, 5.492, 5.25, 26.38, 0.004, 27.53, -26.16);
insert into SHOT values (1234, 1088, 1099, 31, 6.220, 351.18, 31.56, 6.224, 351.21, 31.58, 0.006, 44.98, 50.19);
insert into SHOT values (1235, 1088, 1100, 31, 4.810, 353.42, 31.87, 4.812, 353.40, 31.86, 0.003, 316.63, 7.17);
insert into SHOT values (1236, 1088, 1101, 31, 8.790, 354.19, 41.24, 8.797, 354.19, 41.25, 0.007, 348.07, 51.59);
insert into SHOT values (1237, 1088, 1102, 31, 4.300, 10.67, 42.72, 4.307, 10.74, 42.69, 0.008, 42.71, 20.56);
insert into SHOT values (1238, 1088, 1103, 31, 4.090, 32.67, 50.07, 4.094, 32.72, 50.08, 0.005, 87.12, 51.32);
insert into SHOT values (1239, 1088, 1104, 31, 2.600, 35.92, 43.92, 2.607, 35.89, 43.97, 0.007, 21.45, 61.14);
insert into SHOT values (1240, 1088, 1105, 31, 3.280, 24.91, 59.73, 3.287, 25.02, 59.76, 0.008, 82.99, 63.18);
insert into SHOT values (1241, 1088, 1106, 31, 4.620, 329.76, 49.86, 4.617, 329.73, 49.87, 0.004, 180.95, -31.45);
insert into SHOT values (1242, 1088, 1107, 31, 4.020, 288.31, 61.89, 4.025, 288.43, 61.88, 0.007, 339.94, 38.39);
insert into SHOT values (1243, 1088, 1108, 31, 2.300, 234.40, 72.03, 2.302, 234.74, 72.03, 0.005, 315.39, 27.01);
insert into SHOT values (1244, 1088, 1109, 31, 1.960, 136.73, 77.33, 1.958, 135.94, 77.27, 0.007, 60.46, -20.35);
insert into SHOT values (1245, 1088, 1110, 31, 2.670, 32.92, 60.38, 2.671, 32.97, 60.30, 0.004, 51.32, -16.80);
insert into SHOT values (1246, 1088, 1111, 31, 5.950, 359.23, 69.35, 5.953, 359.18, 69.34, 0.003, 316.10, 41.20);
insert into SHOT values (1247, 1088, 1112, 31, 4.370, 102.75, -60.03, 4.365, 102.70, -59.99, 0.006, 24.39, 70.93);
insert into SHOT values (1248, 1088, 1113, 31, 3.770, 65.91, -57.42, 3.763, 65.84, -57.40, 0.008, 293.14, 62.38);
insert into SHOT values (1249, 1088, 1114, 31, 4.340, 50.55, -55.27, 4.334, 50.58, -55.22, 0.007, 144.65, 79.16);
insert into SHOT values (1250, 1088, 1115, 31, 4.420, 39.66, -53.26, 4.421, 39.64, -53.19, 0.006, 29.13, 21.05);
insert into SHOT values (1251, 1088, 1116, 31, 5.530, 11.85, -42.85, 5.531, 11.81, -42.83, 0.003, 310.32, 14.31);
insert into SHOT values (1252, 1088, 1117, 31, 5.360, 0.95, -56.38, 5.359, 0.96, -56.34, 0.004, 16.58, 50.84);
insert into SHOT values (1253, 1088, 1118, 31, 4.670, 6.90, -68.32, 4.669, 7.00, -68.35, 0.004, 134.66, -5.17);
insert into SHOT values (1254, 1088, 1119, 31, 11.190, 67.70, -72.83, 11.157, 67.88, -72.84, 0.035, 205.09, 64.55);
insert into SHOT values (1255, 1088, 1119, 31, 11.140, 67.93, -72.88, 11.157, 67.88, -72.84, 0.019, 54.47, -45.29);
insert into SHOT values (1256, 1088, 1119, 31, 11.160, 67.93, -72.86, 11.157, 67.88, -72.84, 0.006, 26.02, 42.86);
insert into SHOT values (1257, 1119, 1120, 31, 1.590, 188.09, 0.74, 1.587, 188.33, 0.72, 0.007, 302.87, -4.11);
insert into SHOT values (1258, 1119, 1121, 31, 1.710, 246.25, 3.98, 1.709, 246.14, 3.69, 0.009, 154.59, -69.31);
insert into SHOT values (1259, 1119, 1122, 31, 2.810, 288.62, 3.75, 2.814, 288.69, 3.67, 0.007, 329.43, -34.63);
insert into SHOT values (1260, 1119, 1123, 31, 3.750, 358.06, -8.89, 3.747, 357.99, -8.90, 0.005, 238.30, -5.13);
insert into SHOT values (1261, 1119, 1124, 31, 3.320, 325.81, -11.34, 3.320, 325.77, -11.47, 0.008, 196.66, -69.16);
insert into SHOT values (1262, 1119, 1125, 31, 5.720, 332.22, -11.68, 5.724, 332.25, -11.69, 0.005, 10.65, -25.99);
insert into SHOT values (1263, 1119, 1126, 31, 2.450, 295.07, -7.08, 2.449, 295.09, -7.27, 0.008, 95.32, -74.17);
insert into SHOT values (1264, 1119, 1127, 31, 2.880, 283.06, -8.29, 2.883, 282.96, -8.38, 0.007, 223.62, -40.71);
insert into SHOT values (1265, 1119, 1128, 31, 12.470, 342.03, 19.50, 12.469, 342.01, 19.49, 0.004, 248.98, -34.91);
insert into SHOT values (1266, 1119, 1129, 31, 4.060, 344.81, 17.92, 4.058, 344.85, 17.79, 0.010, 48.71, -72.41);
insert into SHOT values (1267, 1119, 1130, 31, 4.080, 332.18, 15.35, 4.082, 332.13, 15.34, 0.004, 274.48, -0.54);
insert into SHOT values (1268, 1119, 1131, 31, 5.260, 330.76, 36.03, 5.257, 330.72, 36.00, 0.005, 230.09, -54.88);
insert into SHOT values (1269, 1119, 1132, 31, 3.790, 312.01, 32.16, 3.791, 311.97, 32.02, 0.010, 294.12, -48.19);
insert into SHOT values (1270, 1119, 1133, 31, 3.850, 295.58, 43.52, 3.852, 295.65, 43.47, 0.005, 337.82, -12.93);
insert into SHOT values (1271, 1119, 1134, 31, 2.160, 199.43, 39.49, 2.158, 199.63, 39.42, 0.007, 290.17, -31.92);
insert into SHOT values (1272, 1119, 1135, 31, 2.750, 261.84, 53.62, 2.750, 261.92, 53.48, 0.007, 285.75, -35.75);
insert into SHOT values (1273, 1119, 1136, 31, 4.990, 7.27, -50.65, 4.992, 7.26, -50.65, 0.002, 345.70, -40.03);
insert into SHOT values (1274, 1119, 1137, 31, 5.540, 327.95, -41.54, 5.547, 327.99, -41.56, 0.008, 4.89, -49.01);
insert into SHOT values (1275, 1119, 1138, 31, 6.150, 319.65, -43.35, 6.159, 319.62, -43.38, 0.010, 291.58, -59.78);
insert into SHOT values (1276, 1119, 1139, 31, 3.370, 313.10, -36.36, 3.373, 313.21, -36.36, 0.006, 15.55, -19.39);
insert into SHOT values (1277, 1119, 1140, 31, 2.710, 278.70, -66.52, 2.715, 278.50, -66.52, 0.006, 218.90, -45.80);
insert into SHOT values (1278, 1119, 1141, 31, 1.880, 162.03, -54.53, 1.887, 162.40, -54.68, 0.011, 250.73, -51.95);
insert into SHOT values (1279, 1119, 1142, 31, 8.150, 81.80, -80.13, 8.150, 81.75, -80.15, 0.003, 285.23, -12.46);
insert into SHOT values (1280, 1119, 1143, 31, 7.080, 334.03, -74.70, 7.079, 334.54, -74.76, 0.018, 88.65, -2.95);
insert into SHOT values (1281, 1119, 1143, 31, 7.070, 335.47, -74.92, 7.079, 334.54, -74.76, 0.037, 280.34, -5.36);
insert into SHOT values (1282, 1119, 1143, 31, 7.070, 334.20, -74.65, 7.079, 334.54, -74.76, 0.020, 108.88, -38.45);
insert into SHOT values (1283, 1143, 1144, 31, 4.980, 147.74, -0.48, 4.980, 147.71, -0.46, 0.003, 60.39, 37.37);
insert into SHOT values (1284, 1143, 1145, 31, 5.210, 131.69, 2.51, 5.211, 131.65, 2.53, 0.004, 59.56, 26.71);
insert into SHOT values (1285, 1143, 1146, 31, 4.770, 120.79, 2.59, 4.768, 120.82, 2.64, 0.006, 257.60, 51.32);
insert into SHOT values (1286, 1143, 1147, 31, 1.770, 76.40, 5.40, 1.767, 76.52, 5.52, 0.006, 212.14, 33.69);
insert into SHOT values (1287, 1143, 1148, 31, 2.510, 192.19, 0.68, 2.507, 192.21, 0.69, 0.003, 359.29, 3.74);
insert into SHOT values (1288, 1143, 1149, 31, 2.500, 237.82, 0.37, 2.503, 237.90, 0.46, 0.006, 289.17, 41.64);
insert into SHOT values (1289, 1143, 1150, 31, 1.810, 294.42, 0.37, 1.812, 294.44, 0.32, 0.003, 311.32, -32.93);
insert into SHOT values (1290, 1143, 1151, 31, 2.790, 336.97, 2.66, 2.795, 337.02, 2.67, 0.005, 3.44, 5.76);
insert into SHOT values (1291, 1143, 1152, 31, 2.740, 357.30, 0.85, 2.743, 357.28, 0.84, 0.004, 344.25, -10.56);
insert into SHOT values (1292, 1143, 1153, 31, 2.500, 281.43, 22.07, 2.500, 281.46, 22.09, 0.001, 44.67, 27.91);
insert into SHOT values (1293, 1143, 1154, 31, 3.350, 279.37, 46.37, 3.354, 279.46, 46.43, 0.006, 10.12, 54.56);
insert into SHOT values (1294, 1143, 1155, 31, 28.810, 269.34, 82.86, 28.813, 269.36, 82.86, 0.004, 28.55, 67.38);
insert into SHOT values (1295, 1143, 1156, 31, 7.890, 139.93, 87.39, 7.888, 139.57, 87.42, 0.005, 345.47, -19.55);
insert into SHOT values (1296, 1143, 1157, 31, 5.810, 114.32, 72.28, 5.815, 114.39, 72.30, 0.006, 219.74, 68.30);
insert into SHOT values (1297, 1143, 1158, 31, 5.130, 125.82, 61.07, 5.129, 125.81, 61.10, 0.003, 316.34, 2.95);
insert into SHOT values (1298, 1143, 1159, 31, 8.930, 117.89, 36.11, 8.929, 117.84, 36.09, 0.007, 36.82, -25.20);
insert into SHOT values (1299, 1143, 1160, 31, 5.760, 120.02, 19.84, 5.760, 120.02, 19.89, 0.005, 298.52, 74.08);
insert into SHOT values (1300, 1143, 1161, 31, 4.830, 124.06, 5.03, 4.830, 123.99, 4.99, 0.007, 40.47, -29.53);
insert into SHOT values (1301, 1143, 1162, 31, 4.590, 130.72, -11.77, 4.593, 130.67, -11.81, 0.006, 72.31, -39.12);
insert into SHOT values (1302, 1143, 1163, 31, 4.540, 264.97, -13.08, 4.543, 264.95, -12.97, 0.009, 244.76, 54.43);
insert into SHOT values (1303, 1143, 1163, 31, 4.550, 265.16, -12.95, 4.543, 264.95, -12.97, 0.018, 151.92, -1.09);
insert into SHOT values (1304, 1143, 1163, 31, 4.540, 264.83, -13.11, 4.543, 264.95, -12.97, 0.014, 323.19, 42.81);
insert into SHOT values (1305, 1163, 1164, 31, 0.550, 148.69, -4.19, 0.554, 148.32, -4.14, 0.005, 105.30, 2.07);
insert into SHOT values (1306, 1163, 1165, 31, 0.590, 189.72, -1.10, 0.589, 189.78, -1.95, 0.009, 344.05, -80.32);
insert into SHOT values (1307, 1163, 1166, 31, 0.500, 268.38, 2.83, 0.500, 268.85, 2.29, 0.006, 348.88, -48.15);
insert into SHOT values (1308, 1163, 1167, 31, 1.590, 326.65, 3.80, 1.592, 326.81, 3.60, 0.007, 24.70, -45.80);
insert into SHOT values (1309, 1163, 1168, 31, 2.670, 333.53, -2.02, 2.672, 333.53, -2.15, 0.006, 335.14, -75.44);
insert into SHOT values (1310, 1163, 1169, 31, 1.560, 354.27, 4.92, 1.563, 354.47, 4.77, 0.007, 55.84, -31.22);
insert into SHOT values (1311, 1163, 1170, 31, 2.470, 5.39, 7.32, 2.470, 5.38, 7.21, 0.005, 352.46, -78.34);
insert into SHOT values (1312, 1163, 1171, 31, 1.060, 32.91, 5.37, 1.061, 32.64, 4.87, 0.011, 319.76, -60.29);
insert into SHOT values (1313, 1163, 1172, 31, 2.180, 51.95, 45.46, 2.178, 51.63, 45.36, 0.009, 331.53, -23.94);
insert into SHOT values (1314, 1163, 1173, 31, 1.950, 54.48, 29.86, 1.956, 54.34, 29.73, 0.008, 25.52, -6.00);
insert into SHOT values (1315, 1163, 1174, 31, 0.720, 54.73, -6.40, 0.722, 54.09, -7.16, 0.013, 328.62, -50.56);
insert into SHOT values (1316, 1163, 1175, 31, 0.760, 52.29, -66.33, 0.764, 51.63, -66.38, 0.005, 337.70, -47.21);
insert into SHOT values (1317, 1163, 1176, 31, 2.540, 241.23, -48.27, 2.541, 241.31, -48.40, 0.006, 28.04, -46.43);
insert into SHOT values (1318, 1163, 1177, 31, 0.590, 240.39, -11.62, 0.585, 240.75, -11.83, 0.006, 23.75, -10.87);
insert into SHOT values (1319, 1163, 1178, 31, 1.180, 156.33, -15.53, 1.181, 156.14, -15.72, 0.006, 70.34, -47.04);
insert into SHOT values (1320, 1163, 1179, 31, 5.920, 159.44, -40.80, 5.916, 159.46, -40.86, 0.007, 327.39, -13.88);
insert into SHOT values (1321, 1163, 1180, 31, 1.150, 159.10, -82.81, 1.158, 158.96, -83.09, 0.010, 343.21, -62.72);
insert into SHOT values (1322, 1163, 1181, 31, 1.370, 328.21, -44.10, 1.378, 328.24, -44.18, 0.008, 335.53, -57.98);
insert into SHOT values (1323, 1163, 1182, 31, 1.480, 342.14, 17.16, 1.481, 342.33, 16.88, 0.009, 42.54, -50.60);
insert into SHOT values (1324, 1163, 1183, 31, 0.200, 3.55, 88.45, 0.200, 0.00, 87.14, 0.005, 355.84, 0.91);
insert into SHOT values (1325, 1163, 1184, 31, 2.500, 247.97, -48.97, 2.506, 248.46, -49.30, 0.021, 4.81, -42.02);
insert into SHOT values (1326, 1163, 1184, 31, 2.510, 248.56, -49.42, 2.506, 248.46, -49.30, 0.007, 183.76, 63.35);
insert into SHOT values (1327, 1163, 1184, 31, 2.510, 248.57, -49.15, 2.506, 248.46, -49.30, 0.008, 91.15, -9.47);
insert into SHOT values (1328, 1184, 1185, 31, 1.120, 239.27, -6.82, 1.124, 239.30, -6.64, 0.005, 246.92, 34.10);
insert into SHOT values (1329, 1184, 1186, 31, 0.390, 250.78, -9.32, 0.397, 250.64, -8.70, 0.008, 243.38, 23.17);
insert into SHOT values (1330, 1184, 1187, 31, 0.190, 284.35, 10.06, 0.189, 285.52, 9.12, 0.005, 18.87, -39.71);
insert into SHOT values (1331, 1184, 1188, 31, 0.710, 41.38, 0.74, 0.708, 41.57, 0.81, 0.003, 165.58, 16.60);
insert into SHOT values (1332, 1184, 1189, 31, 0.490, 80.63, 0.55, 0.487, 80.54, 0.00, 0.006, 273.78, -53.76);
insert into SHOT values (1333, 1184, 1190, 31, 0.360, 138.74, -1.12, 0.355, 139.57, -1.61, 0.008, 274.42, -21.85);
insert into SHOT values (1334, 1184, 1191, 31, 0.570, 183.93, -7.14, 0.566, 184.09, -7.11, 0.005, 343.78, 10.84);
insert into SHOT values (1335, 1184, 1192, 31, 0.910, 196.73, -5.82, 0.912, 196.64, -5.66, 0.004, 168.65, 36.56);
insert into SHOT values (1336, 1184, 1193, 31, 0.880, 221.69, -1.12, 0.885, 221.79, -1.29, 0.006, 238.28, -26.27);
insert into SHOT values (1337, 1184, 1194, 31, 0.620, 171.45, 81.14, 0.617, 173.66, 81.56, 0.007, 316.56, -23.09);
insert into SHOT values (1338, 1184, 1195, 31, 0.890, 216.00, 36.75, 0.891, 215.91, 36.51, 0.004, 195.29, -38.18);
insert into SHOT values (1339, 1184, 1196, 31, 1.080, 229.72, 5.63, 1.083, 229.51, 5.30, 0.008, 180.55, -49.28);
insert into SHOT values (1340, 1184, 1197, 31, 1.100, 233.39, -15.42, 1.097, 233.46, -15.33, 0.004, 26.68, 42.89);
insert into SHOT values (1341, 1184, 1198, 31, 1.740, 235.60, -39.06, 1.744, 235.84, -39.10, 0.007, 302.55, -30.04);
insert into SHOT values (1342, 1184, 1199, 31, 1.730, 243.36, -32.57, 1.733, 243.61, -32.45, 0.008, 298.48, 9.56);
insert into SHOT values (1343, 1184, 1199, 31, 1.720, 243.34, -32.34, 1.733, 243.61, -32.45, 0.015, 280.28, -40.79);
insert into SHOT values (1344, 1184, 1199, 31, 1.730, 243.59, -32.17, 1.733, 243.61, -32.45, 0.009, 49.17, -76.91);
insert into SHOT values (1345, 1199, 1200, 31, 1.010, 301.02, -5.85, 1.005, 300.67, -5.71, 0.008, 172.32, 20.55);
insert into SHOT values (1346, 1199, 1201, 31, 0.570, 325.24, -0.48, 0.569, 325.75, 0.00, 0.007, 70.76, 42.22);
insert into SHOT values (1347, 1199, 1202, 31, 0.440, 352.88, 4.11, 0.435, 353.37, 5.28, 0.011, 141.28, 50.29);
insert into SHOT values (1348, 1199, 1203, 31, 0.530, 45.70, 4.53, 0.533, 45.76, 5.39, 0.008, 61.93, 75.42);
insert into SHOT values (1349, 1199, 1204, 31, 1.070, 80.85, -6.66, 1.070, 80.80, -6.44, 0.004, 36.73, 73.10);
insert into SHOT values (1350, 1199, 1205, 31, 0.350, 107.43, -3.04, 0.357, 107.93, -1.60, 0.012, 129.06, 45.47);
insert into SHOT values (1351, 1199, 1206, 31, 1.090, 299.54, 4.03, 1.082, 299.42, 4.24, 0.009, 135.51, 21.74);
insert into SHOT values (1352, 1199, 1207, 31, 1.000, 305.46, 34.41, 1.002, 305.62, 34.67, 0.005, 55.27, 63.63);
insert into SHOT values (1353, 1199, 1208, 31, 0.770, 350.39, 62.29, 0.776, 350.27, 62.77, 0.009, 184.30, 69.96);
insert into SHOT values (1354, 1199, 1209, 31, 1.590, 49.10, 66.58, 1.591, 49.50, 66.62, 0.005, 148.46, 12.59);
insert into SHOT values (1355, 1199, 1210, 31, 0.630, 90.38, 37.50, 0.634, 91.15, 37.95, 0.009, 178.30, 44.10);
insert into SHOT values (1356, 1199, 1211, 31, 1.140, 86.16, -31.89, 1.142, 86.46, -31.69, 0.007, 138.68, 19.31);
insert into SHOT values (1357, 1199, 1212, 31, 1.550, 66.88, -4.92, 1.547, 67.09, -4.82, 0.007, 182.32, 24.70);
insert into SHOT values (1358, 1199, 1213, 31, 3.310, 284.64, -46.38, 3.305, 284.46, -46.32, 0.009, 185.29, 40.91);
insert into SHOT values (1359, 1199, 1213, 31, 3.320, 284.73, -46.24, 3.305, 284.46, -46.32, 0.019, 142.12, 24.09);
insert into SHOT values (1360, 1199, 1213, 31, 3.310, 284.25, -46.32, 3.305, 284.46, -46.32, 0.010, 37.74, 22.49);
insert into SHOT values (1361, 1213, 1214, 31, 3.010, 352.57, 0.88, 3.016, 352.57, 0.76, 0.008, 351.82, -47.62);
insert into SHOT values (1362, 1213, 1215, 31, 1.460, 0.98, 4.51, 1.464, 0.78, 4.31, 0.008, 314.05, -35.21);
insert into SHOT values (1363, 1213, 1216, 31, 1.290, 16.07, 1.54, 1.289, 15.76, 1.33, 0.008, 277.01, -33.66);
insert into SHOT values (1364, 1213, 1217, 31, 1.560, 57.02, 1.04, 1.562, 57.02, 1.10, 0.003, 58.93, 42.18);
insert into SHOT values (1365, 1213, 1218, 31, 1.970, 79.49, 0.71, 1.963, 79.43, 0.58, 0.008, 275.76, -32.84);
insert into SHOT values (1366, 1213, 1219, 31, 1.270, 104.56, -0.60, 1.271, 104.58, -0.90, 0.007, 131.21, -80.39);
insert into SHOT values (1367, 1213, 1220, 31, 0.660, 163.97, 4.67, 0.657, 164.05, 4.36, 0.005, 323.56, -53.40);
insert into SHOT values (1368, 1213, 1221, 31, 0.990, 129.87, 4.47, 0.983, 130.03, 4.67, 0.008, 289.81, 19.59);
insert into SHOT values (1369, 1213, 1222, 31, 2.380, 280.50, -85.58, 2.377, 282.53, -85.55, 0.007, 3.03, 23.93);
insert into SHOT values (1370, 1213, 1223, 31, 2.350, 53.68, -72.78, 2.355, 53.79, -72.86, 0.006, 194.66, -68.28);
insert into SHOT values (1371, 1213, 1224, 31, 1.750, 60.73, -49.75, 1.749, 60.70, -50.02, 0.008, 245.94, -31.97);
insert into SHOT values (1372, 1213, 1225, 31, 1.700, 66.42, -9.93, 1.697, 66.35, -10.18, 0.008, 271.68, -55.43);
insert into SHOT values (1373, 1213, 1226, 31, 1.080, 77.01, 24.93, 1.074, 76.96, 24.77, 0.007, 268.09, -50.52);
insert into SHOT values (1374, 1213, 1227, 31, 0.630, 72.50, 49.89, 0.624, 72.47, 50.30, 0.008, 253.88, -13.91);
insert into SHOT values (1375, 1213, 1228, 31, 1.880, 28.61, 86.33, 1.874, 28.61, 86.17, 0.008, 28.62, -51.08);
insert into SHOT values (1376, 1213, 1229, 31, 2.190, 88.01, -54.75, 2.189, 88.18, -54.84, 0.005, 219.31, -17.18);
insert into SHOT values (1377, 1213, 1229, 31, 2.190, 88.27, -54.74, 2.189, 88.18, -54.84, 0.004, 296.45, -23.34);
insert into SHOT values (1378, 1213, 1229, 31, 2.200, 88.15, -54.63, 2.189, 88.18, -54.84, 0.013, 265.04, 17.06);
insert into SHOT values (1379, 1229, 1230, 31, 0.690, 238.80, -2.11, 0.687, 239.32, -2.50, 0.009, 358.42, -32.55);
insert into SHOT values (1380, 1229, 1231, 31, 1.680, 257.09, -4.24, 1.677, 257.21, -4.45, 0.008, 35.24, -47.60);
insert into SHOT values (1381, 1229, 1232, 31, 1.220, 288.40, -3.40, 1.216, 288.73, -3.30, 0.008, 45.03, 16.58);
insert into SHOT values (1382, 1229, 1233, 31, 0.990, 303.49, -4.87, 0.991, 303.85, -5.21, 0.009, 25.04, -43.43);
insert into SHOT values (1383, 1229, 1234, 31, 2.380, 309.77, 29.22, 2.382, 309.74, 29.14, 0.004, 289.58, -26.47);
insert into SHOT values (1384, 1229, 1234, 31, 2.380, 309.67, 29.24, 2.382, 309.74, 29.14, 0.005, 341.16, -29.48);
insert into SHOT values (1385, 1229, 1234, 31, 2.400, 309.67, 29.22, 2.382, 309.74, 29.14, 0.018, 120.10, -39.23);
insert into SHOT values (1386, 1234, 1235, 31, 0.460, 304.49, 5.34, 0.463, 304.38, 6.20, 0.008, 284.56, 70.22);
insert into SHOT values (1387, 1234, 1236, 31, 0.980, 338.07, 8.43, 0.981, 338.20, 8.80, 0.007, 70.30, 71.02);
insert into SHOT values (1388, 1234, 1237, 31, 1.820, 359.47, 7.38, 1.826, 359.37, 7.55, 0.009, 327.34, 45.46);
insert into SHOT values (1389, 1234, 1238, 31, 2.600, 11.08, 7.92, 2.604, 11.18, 7.95, 0.006, 61.21, 16.70);
insert into SHOT values (1390, 1234, 1239, 31, 0.630, 26.25, 9.94, 0.636, 26.57, 9.96, 0.007, 58.08, 10.85);
insert into SHOT values (1391, 1234, 1240, 31, 0.510, 71.44, 4.30, 0.511, 70.50, 4.49, 0.009, 345.41, 11.84);
insert into SHOT values (1392, 1234, 1241, 31, 1.700, 107.25, -2.13, 1.696, 107.15, -2.03, 0.005, 327.40, 35.41);
insert into SHOT values (1393, 1234, 1242, 31, 2.110, 144.41, -5.84, 2.103, 144.33, -5.73, 0.009, 346.99, 33.34);
insert into SHOT values (1394, 1234, 1243, 31, 0.360, 185.70, 0.84, 0.351, 184.90, 1.63, 0.011, 35.11, 25.28);
insert into SHOT values (1395, 1234, 1244, 31, 1.560, 352.13, 10.71, 1.562, 352.13, 10.70, 0.002, 355.87, 3.28);
insert into SHOT values (1396, 1234, 1245, 31, 1.340, 356.13, 32.65, 1.347, 356.46, 32.81, 0.010, 54.93, 43.23);
insert into SHOT values (1397, 1234, 1246, 31, 1.340, 56.60, 75.83, 1.342, 57.26, 75.64, 0.006, 95.35, 7.13);
insert into SHOT values (1398, 1234, 1247, 31, 2.000, 127.25, 72.02, 2.006, 127.06, 72.18, 0.009, 338.85, 62.72);
insert into SHOT values (1399, 1234, 1248, 31, 1.500, 147.50, 45.80, 1.501, 147.53, 46.00, 0.005, 316.41, 59.53);
insert into SHOT values (1400, 1234, 1249, 31, 2.390, 153.58, 23.00, 2.393, 153.55, 23.13, 0.006, 78.30, 79.54);
insert into SHOT values (1401, 1234, 1250, 31, 1.510, 148.88, -5.85, 1.506, 148.64, -5.71, 0.008, 31.47, 29.21);
insert into SHOT values (1402, 1234, 1251, 31, 2.320, 151.94, -34.57, 2.313, 151.82, -34.50, 0.009, 13.28, 46.97);
insert into SHOT values (1403, 1234, 1252, 31, 0.430, 137.53, -43.97, 0.432, 137.60, -43.93, 0.002, 148.82, -35.91);
insert into SHOT values (1404, 1234, 1253, 31, 3.110, 11.01, 15.03, 3.113, 11.31, 14.89, 0.018, 84.15, -21.55);
insert into SHOT values (1405, 1234, 1253, 31, 3.110, 11.24, 14.74, 3.113, 11.31, 14.89, 0.009, 89.42, 66.71);
insert into SHOT values (1406, 1234, 1253, 31, 3.100, 11.41, 14.88, 3.113, 11.31, 14.89, 0.014, 348.40, 16.31);
insert into SHOT values (1407, 1253, 1254, 31, 0.590, 343.02, 4.02, 0.590, 342.18, 3.89, 0.009, 250.40, -8.98);
insert into SHOT values (1408, 1253, 1255, 31, 2.590, 323.86, 5.29, 2.593, 323.66, 5.31, 0.010, 253.24, 7.32);
insert into SHOT values (1409, 1253, 1256, 31, 1.040, 316.17, 5.18, 1.044, 316.17, 5.49, 0.007, 315.94, 57.35);
insert into SHOT values (1410, 1253, 1257, 31, 0.730, 298.42, 3.25, 0.739, 298.30, 3.10, 0.010, 289.15, -8.27);
insert into SHOT values (1411, 1253, 1258, 31, 0.830, 250.61, -7.78, 0.833, 250.91, -7.59, 0.006, 305.19, 24.21);
insert into SHOT values (1412, 1253, 1259, 31, 1.260, 209.64, 2.66, 1.269, 209.80, 2.71, 0.010, 231.25, 8.96);
insert into SHOT values (1413, 1253, 1260, 31, 2.620, 194.30, -1.80, 2.623, 194.35, -1.75, 0.005, 232.61, 29.83);
insert into SHOT values (1414, 1253, 1261, 31, 1.830, 178.12, -1.57, 1.832, 178.12, -1.56, 0.002, 180.45, 4.75);
insert into SHOT values (1415, 1253, 1262, 31, 0.760, 163.79, -1.44, 0.760, 163.95, -1.51, 0.002, 258.02, -22.83);
insert into SHOT values (1416, 1253, 1263, 31, 1.630, 333.89, 1.36, 1.628, 333.75, 1.41, 0.005, 221.23, 16.92);
insert into SHOT values (1417, 1253, 1264, 31, 3.070, 337.49, 30.44, 3.070, 337.31, 30.54, 0.010, 232.20, 28.72);
insert into SHOT values (1418, 1253, 1265, 31, 2.160, 333.65, 57.56, 2.160, 333.43, 57.43, 0.007, 286.78, -26.18);
insert into SHOT values (1419, 1253, 1266, 31, 1.820, 324.76, 88.39, 1.821, 323.13, 88.43, 0.002, 195.68, 21.41);
insert into SHOT values (1420, 1253, 1267, 31, 1.670, 173.34, 67.33, 1.669, 173.76, 67.31, 0.005, 261.59, -11.73);
insert into SHOT values (1421, 1253, 1268, 31, 2.440, 170.12, 36.00, 2.446, 170.39, 36.06, 0.012, 238.80, 29.68);
insert into SHOT values (1422, 1253, 1269, 31, 1.670, 176.63, 7.63, 1.667, 176.88, 7.58, 0.008, 287.86, -12.75);
insert into SHOT values (1423, 1253, 1270, 31, 1.830, 337.24, 9.22, 1.825, 337.14, 9.14, 0.007, 191.61, -28.90);
insert into SHOT values (1424, 1253, 1270, 31, 1.830, 337.77, 9.22, 1.825, 337.14, 9.14, 0.021, 233.94, -8.89);
insert into SHOT values (1425, 1253, 1270, 31, 1.820, 337.31, 9.16, 1.825, 337.14, 9.14, 0.007, 288.23, 2.13);
insert into SHOT values (1426, 1270, 1271, 31, 1.640, 320.94, 0.24, 1.643, 321.18, 0.35, 0.008, 27.42, 22.91);
insert into SHOT values (1427, 1270, 1272, 31, 1.000, 309.91, -3.70, 0.995, 310.10, -3.46, 0.007, 92.58, 39.70);
insert into SHOT values (1428, 1270, 1273, 31, 0.550, 278.71, -1.35, 0.548, 279.46, -1.05, 0.008, 27.50, 21.28);
insert into SHOT values (1429, 1270, 1274, 31, 0.520, 244.52, -6.63, 0.513, 244.44, -6.71, 0.007, 70.65, 0.33);
insert into SHOT values (1430, 1270, 1275, 31, 0.570, 212.80, -8.86, 0.563, 212.55, -8.16, 0.010, 56.21, 51.84);
insert into SHOT values (1431, 1270, 1276, 31, 2.120, 327.02, 0.28, 2.119, 327.13, 0.27, 0.004, 67.75, -4.76);
insert into SHOT values (1432, 1270, 1277, 31, 1.590, 326.71, 17.09, 1.588, 326.83, 17.21, 0.005, 95.46, 33.14);
insert into SHOT values (1433, 1270, 1278, 31, 1.330, 331.12, 37.46, 1.335, 331.26, 37.37, 0.006, 358.88, 11.01);
insert into SHOT values (1434, 1270, 1279, 31, 2.030, 1.50, 70.74, 2.034, 1.71, 70.76, 0.004, 75.85, 54.82);
insert into SHOT values (1435, 1270, 1280, 31, 1.620, 93.96, 81.77, 1.628, 92.39, 81.51, 0.012, 55.20, 32.38);
insert into SHOT values (1436, 1270, 1281, 31, 1.620, 152.98, 57.41, 1.622, 152.55, 57.65, 0.010, 26.10, 31.88);
insert into SHOT values (1437, 1270, 1282, 31, 2.770, 158.16, 31.90, 2.773, 158.02, 32.02, 0.009, 60.90, 46.58);
insert into SHOT values (1438, 1270, 1283, 31, 3.370, 166.99, 0.91, 3.367, 166.95, 1.02, 0.007, 25.02, 62.31);
insert into SHOT values (1439, 1270, 1284, 31, 2.090, 299.27, -41.18, 2.091, 299.34, -41.29, 0.005, 67.54, -58.61);
insert into SHOT values (1440, 1270, 1284, 31, 2.090, 298.95, -41.22, 2.091, 299.34, -41.29, 0.011, 31.87, -14.68);
insert into SHOT values (1441, 1270, 1284, 31, 2.090, 299.04, -41.40, 2.091, 299.34, -41.29, 0.009, 4.06, 13.37);
insert into SHOT values (1442, 1284, 1285, 31, 0.280, 302.38, -3.96, 0.275, 303.11, -2.09, 0.011, 86.03, 57.65);
insert into SHOT values (1443, 1284, 1286, 31, 0.830, 326.80, -5.17, 0.827, 326.89, -4.86, 0.006, 122.72, 56.90);
insert into SHOT values (1444, 1284, 1287, 31, 4.070, 338.93, -4.45, 4.064, 338.88, -4.37, 0.009, 190.66, 41.46);
insert into SHOT values (1445, 1284, 1288, 31, 1.710, 343.17, -4.29, 1.706, 343.27, -4.03, 0.009, 120.31, 61.48);
insert into SHOT values (1446, 1284, 1289, 31, 0.730, 7.81, 9.39, 0.727, 8.02, 9.50, 0.004, 148.94, 12.26);
insert into SHOT values (1447, 1284, 1290, 31, 0.570, 49.76, 5.44, 0.564, 50.06, 6.11, 0.009, 205.64, 39.35);
insert into SHOT values (1448, 1284, 1291, 31, 0.490, 96.86, 0.15, 0.494, 96.98, 1.16, 0.010, 112.76, 66.41);
insert into SHOT values (1449, 1284, 1292, 31, 1.230, 133.64, 6.12, 1.239, 133.68, 6.49, 0.012, 140.49, 48.83);
insert into SHOT values (1450, 1284, 1293, 31, 0.670, 147.83, 7.01, 0.680, 147.72, 7.60, 0.012, 140.11, 41.64);
insert into SHOT values (1451, 1284, 1294, 31, 0.500, 174.07, 4.86, 0.505, 174.29, 5.68, 0.009, 198.24, 58.40);
insert into SHOT values (1452, 1284, 1295, 31, 3.350, 136.15, 28.34, 3.351, 136.24, 28.33, 0.005, 215.59, -3.22);
insert into SHOT values (1453, 1284, 1296, 31, 3.040, 358.62, 29.24, 3.041, 358.70, 29.34, 0.007, 115.80, 49.52);
insert into SHOT values (1454, 1284, 1297, 31, 4.140, 311.63, -45.09, 4.135, 311.67, -45.12, 0.005, 109.82, 22.14);
insert into SHOT values (1455, 1284, 1298, 31, 4.150, 296.89, -57.32, 4.147, 296.79, -57.30, 0.005, 203.49, 39.00);
insert into SHOT values (1456, 1284, 1299, 31, 4.120, 310.84, -46.07, 4.117, 310.73, -46.18, 0.010, 165.03, -16.48);
insert into SHOT values (1457, 1284, 1299, 31, 4.110, 310.73, -46.20, 4.117, 310.73, -46.18, 0.007, 311.77, -31.73);
insert into SHOT values (1458, 1284, 1299, 31, 4.130, 310.80, -46.27, 4.117, 310.73, -46.18, 0.015, 168.09, 68.78);
insert into SHOT values (1459, 1299, 1300, 31, 1.050, 359.90, -11.71, 1.051, 0.00, -11.52, 0.004, 44.05, 50.28);
insert into SHOT values (1460, 1299, 1301, 31, 4.050, 300.86, -5.42, 4.050, 300.89, -5.38, 0.003, 29.75, 49.73);
insert into SHOT values (1461, 1299, 1302, 31, 4.810, 324.62, -3.78, 4.808, 324.59, -3.82, 0.004, 198.70, -40.57);
insert into SHOT values (1462, 1299, 1303, 31, 0.900, 357.59, -9.76, 0.903, 357.43, -9.56, 0.005, 324.65, 28.81);
insert into SHOT values (1463, 1299, 1304, 31, 0.410, 65.35, -15.25, 0.413, 64.72, -15.45, 0.005, 5.50, -23.15);
insert into SHOT values (1464, 1299, 1305, 31, 0.500, 113.03, -14.67, 0.503, 112.89, -13.80, 0.008, 99.02, 53.45);
insert into SHOT values (1465, 1299, 1306, 31, 1.710, 132.85, -4.28, 1.710, 132.86, -4.36, 0.002, 208.85, -81.71);
insert into SHOT values (1466, 1299, 1307, 31, 4.520, 150.79, -4.80, 4.520, 150.76, -4.82, 0.003, 54.19, -36.85);
insert into SHOT values (1467, 1299, 1308, 31, 6.660, 160.22, -8.81, 6.658, 160.19, -8.81, 0.004, 41.81, 0.47);
insert into SHOT values (1468, 1299, 1309, 31, 1.890, 168.81, -3.20, 1.889, 168.69, -3.03, 0.007, 72.74, 54.18);
insert into SHOT values (1469, 1299, 1310, 31, 0.800, 173.40, 8.23, 0.804, 173.50, 8.58, 0.007, 196.05, 56.51);
insert into SHOT values (1470, 1299, 1311, 31, 0.290, 265.44, 83.63, 0.292, 270.00, 84.09, 0.004, 39.02, 28.54);
insert into SHOT values (1471, 1299, 1312, 31, 2.020, 53.22, 66.36, 2.021, 52.99, 66.25, 0.005, 13.88, -5.39);
insert into SHOT values (1472, 1299, 1313, 31, 3.830, 56.38, 58.16, 3.835, 56.31, 58.23, 0.007, 296.73, 65.80);
insert into SHOT values (1473, 1299, 1314, 31, 2.110, 51.34, 49.67, 2.112, 51.54, 49.68, 0.005, 129.87, 17.24);
insert into SHOT values (1474, 1299, 1315, 31, 0.960, 53.18, 20.69, 0.962, 53.13, 20.70, 0.002, 30.91, 21.65);
insert into SHOT values (1475, 1299, 1316, 31, 0.460, 54.93, -11.46, 0.461, 54.90, -11.26, 0.002, 46.58, 44.84);
insert into SHOT values (1476, 1299, 1317, 31, 1.360, 17.97, -85.03, 1.355, 19.98, -85.04, 0.006, 119.62, 49.33);
insert into SHOT values (1477, 1299, 1318, 31, 7.230, 248.25, -77.15, 7.231, 248.07, -77.16, 0.006, 140.13, -11.17);
insert into SHOT values (1478, 1299, 1319, 31, 7.300, 254.19, -69.93, 7.293, 254.24, -69.92, 0.007, 8.10, 69.22);
insert into SHOT values (1479, 1299, 1320, 31, 11.160, 253.03, -65.99, 11.154, 253.08, -66.00, 0.008, 31.06, 34.89);
insert into SHOT values (1480, 1299, 1321, 31, 1.850, 256.29, -62.51, 1.849, 256.45, -62.50, 0.003, 350.92, 24.79);
insert into SHOT values (1481, 1299, 1322, 31, 3.020, 336.69, 20.06, 3.025, 336.77, 20.11, 0.007, 28.04, 37.45);
insert into SHOT values (1482, 1299, 1323, 31, 8.200, 292.27, -53.51, 8.200, 292.35, -53.60, 0.015, 81.09, -30.42);
insert into SHOT values (1483, 1299, 1323, 31, 8.200, 292.48, -53.60, 8.200, 292.35, -53.60, 0.011, 199.37, 0.66);
insert into SHOT values (1484, 1299, 1323, 31, 8.200, 292.24, -53.75, 8.200, 292.35, -53.60, 0.023, 321.05, 33.99);
insert into SHOT values (1485, 1323, 1324, 31, 1.010, 155.23, 4.03, 1.014, 155.46, 3.96, 0.006, 202.22, -9.93);
insert into SHOT values (1486, 1323, 1325, 31, 5.410, 147.91, 3.19, 5.413, 147.93, 3.18, 0.004, 173.98, -15.90);
insert into SHOT values (1487, 1323, 1326, 31, 4.400, 125.26, 2.93, 4.404, 125.28, 2.99, 0.006, 149.50, 53.42);
insert into SHOT values (1488, 1323, 1327, 31, 2.260, 90.44, 6.93, 2.266, 90.51, 6.84, 0.008, 112.85, -20.61);
insert into SHOT values (1489, 1323, 1328, 31, 1.970, 52.11, 9.90, 1.968, 52.13, 9.95, 0.003, 220.00, 28.23);
insert into SHOT values (1490, 1323, 1329, 31, 1.380, 12.78, 8.49, 1.378, 12.71, 8.35, 0.004, 241.01, -59.56);
insert into SHOT values (1491, 1323, 1330, 31, 6.110, 331.29, 1.18, 6.110, 331.34, 1.22, 0.007, 62.96, 39.70);
insert into SHOT values (1492, 1323, 1331, 31, 1.240, 329.22, 1.71, 1.234, 329.28, 1.86, 0.007, 138.62, 24.85);
insert into SHOT values (1493, 1323, 1332, 31, 5.490, 146.27, 7.01, 5.491, 146.22, 7.01, 0.005, 68.41, -0.17);
insert into SHOT values (1494, 1323, 1333, 31, 2.950, 137.46, 33.78, 2.953, 137.48, 33.73, 0.004, 146.78, -3.07);
insert into SHOT values (1495, 1323, 1334, 31, 10.810, 94.30, 69.04, 10.807, 94.30, 69.01, 0.006, 90.92, -49.82);
insert into SHOT values (1496, 1323, 1335, 31, 7.490, 50.44, 70.19, 7.495, 50.43, 70.17, 0.006, 42.07, 35.78);
insert into SHOT values (1497, 1323, 1336, 31, 3.400, 4.89, 55.67, 3.402, 5.09, 55.69, 0.007, 94.19, 19.06);
insert into SHOT values (1498, 1323, 1337, 31, 3.230, 344.68, 21.21, 3.225, 344.76, 21.27, 0.007, 126.92, 11.54);
insert into SHOT values (1499, 1323, 1338, 31, 6.450, 71.36, 61.77, 6.446, 71.45, 61.78, 0.006, 189.86, -28.31);
insert into SHOT values (1500, 1323, 1339, 31, 3.950, 66.91, 44.36, 3.951, 66.88, 44.31, 0.004, 41.10, -27.54);
insert into SHOT values (1501, 1323, 1340, 31, 2.450, 66.13, 26.41, 2.454, 66.12, 26.37, 0.004, 58.83, 3.77);
insert into SHOT values (1502, 1323, 1341, 31, 1.330, 67.73, -0.57, 1.328, 67.88, -0.43, 0.005, 190.35, 38.42);
insert into SHOT values (1503, 1323, 1342, 31, 1.280, 78.09, -36.99, 1.279, 78.14, -37.00, 0.001, 200.84, 7.74);
insert into SHOT values (1504, 1323, 1343, 31, 1.680, 106.92, -72.20, 1.680, 107.02, -72.24, 0.001, 248.26, -16.37);
insert into SHOT values (1505, 1323, 1344, 31, 6.440, 180.84, -82.91, 6.440, 180.72, -82.86, 0.006, 162.39, 7.88);
insert into SHOT values (1506, 1323, 1345, 31, 4.070, 220.11, -73.33, 4.070, 220.12, -73.38, 0.004, 36.69, -16.06);
insert into SHOT values (1507, 1323, 1346, 31, 3.000, 174.26, -52.33, 3.000, 174.07, -52.18, 0.010, 131.40, 27.62);
insert into SHOT values (1508, 1323, 1347, 31, 9.680, 286.44, -71.45, 9.682, 286.43, -71.48, 0.005, 113.03, -36.52);
insert into SHOT values (1509, 1323, 1348, 31, 14.680, 301.42, -61.25, 14.677, 301.44, -61.27, 0.006, 99.27, 3.54);
insert into SHOT values (1510, 1323, 1349, 31, 13.400, 304.91, -48.09, 13.397, 304.90, -48.09, 0.003, 179.11, 42.85);
insert into SHOT values (1511, 1323, 1350, 31, 8.680, 313.81, -32.76, 8.681, 313.78, -32.78, 0.005, 218.07, -37.49);
insert into SHOT values (1512, 1323, 1351, 31, 6.420, 252.86, -76.27, 6.424, 253.23, -76.27, 0.010, 336.68, -19.27);
insert into SHOT values (1513, 1323, 1351, 31, 6.420, 253.45, -76.21, 6.424, 253.23, -76.27, 0.009, 120.67, -32.20);
insert into SHOT values (1514, 1323, 1351, 31, 6.420, 253.75, -76.27, 6.424, 253.23, -76.27, 0.014, 168.00, -13.94);
insert into SHOT values (1515, 1351, 1352, 31, 0.750, 151.29, -0.34, 0.752, 151.39, 0.00, 0.005, 187.11, 63.37);
insert into SHOT values (1516, 1351, 1353, 31, 1.590, 183.72, -3.07, 1.585, 183.62, -2.89, 0.007, 34.56, 44.15);
insert into SHOT values (1517, 1351, 1354, 31, 3.150, 202.00, -9.28, 3.145, 201.94, -9.15, 0.009, 62.24, 57.06);
insert into SHOT values (1518, 1351, 1355, 31, 1.830, 107.21, -3.62, 1.835, 107.15, -3.44, 0.008, 86.09, 45.57);
insert into SHOT values (1519, 1351, 1356, 31, 1.390, 66.98, 2.29, 1.391, 67.13, 2.47, 0.006, 151.35, 51.36);
insert into SHOT values (1520, 1351, 1357, 31, 1.130, 41.80, 2.27, 1.127, 41.76, 2.54, 0.006, 236.31, 59.29);
insert into SHOT values (1521, 1351, 1358, 31, 4.530, 344.47, -1.65, 4.527, 344.49, -1.65, 0.004, 139.74, 6.78);
insert into SHOT values (1522, 1351, 1359, 31, 7.000, 332.19, -3.63, 7.001, 332.19, -3.60, 0.003, 320.41, 69.39);
insert into SHOT values (1523, 1351, 1360, 31, 3.030, 323.61, -5.07, 3.029, 323.62, -4.92, 0.008, 56.24, 84.69);
insert into SHOT values (1524, 1351, 1361, 31, 6.920, 316.81, -7.55, 6.914, 316.83, -7.48, 0.011, 106.82, 59.88);
insert into SHOT values (1525, 1351, 1362, 31, 2.600, 303.15, -8.08, 2.596, 303.26, -7.97, 0.008, 65.77, 43.57);
insert into SHOT values (1526, 1351, 1363, 31, 0.800, 287.44, -2.58, 0.798, 287.53, -2.16, 0.007, 78.98, 67.44);
insert into SHOT values (1527, 1351, 1364, 31, 6.960, 325.65, 13.75, 6.958, 325.67, 13.80, 0.007, 108.51, 49.55);
insert into SHOT values (1528, 1351, 1365, 31, 5.760, 341.44, 53.14, 5.764, 341.46, 53.11, 0.005, 357.24, 17.30);
insert into SHOT values (1529, 1351, 1366, 31, 6.530, 22.16, 71.90, 6.534, 22.27, 71.88, 0.006, 76.63, 32.52);
insert into SHOT values (1530, 1351, 1367, 31, 6.120, 62.74, 76.54, 6.128, 62.90, 76.54, 0.009, 123.93, 61.29);
insert into SHOT values (1531, 1351, 1368, 31, 2.980, 99.67, 47.37, 2.986, 99.70, 47.46, 0.008, 156.16, 81.78);
insert into SHOT values (1532, 1351, 1369, 31, 2.270, 104.67, 21.77, 2.273, 104.56, 21.96, 0.009, 9.07, 64.12);
insert into SHOT values (1533, 1351, 1370, 31, 2.350, 102.41, 4.65, 2.352, 102.32, 4.63, 0.004, 36.19, -6.99);
insert into SHOT values (1534, 1351, 1371, 31, 2.230, 99.72, -23.27, 2.229, 99.55, -23.25, 0.006, 7.87, 9.52);
insert into SHOT values (1535, 1351, 1372, 31, 3.830, 90.71, -50.40, 3.828, 90.70, -50.40, 0.002, 282.39, 42.24);
insert into SHOT values (1536, 1351, 1373, 31, 3.620, 84.36, -73.05, 3.617, 84.02, -73.03, 0.007, 357.67, 23.59);
insert into SHOT values (1537, 1351, 1374, 31, 4.650, 50.60, -78.40, 4.646, 50.19, -78.36, 0.009, 338.90, 35.72);
insert into SHOT values (1538, 1351, 1375, 31, 4.750, 7.21, -77.89, 4.746, 7.48, -77.86, 0.007, 74.36, 39.99);
insert into SHOT values (1539, 1351, 1376, 31, 11.350, 320.18, -52.25, 11.348, 320.19, -52.23, 0.005, 355.66, 55.12);
insert into SHOT values (1540, 1351, 1377, 31, 8.570, 309.63, -38.84, 8.568, 309.65, -38.81, 0.005, 24.37, 60.59);
insert into SHOT values (1541, 1351, 1378, 31, 4.870, 32.51, 65.98, 4.872, 32.65, 65.98, 0.005, 110.55, 19.40);
insert into SHOT values (1542, 1351, 1379, 31, 11.270, 39.44, 70.88, 11.272, 39.51, 70.87, 0.005, 100.14, 18.91);
insert into SHOT values (1543, 1351, 1380, 31, 1.780, 36.21, 46.77, 1.786, 36.03, 46.72, 0.007, 357.98, 25.99);
insert into SHOT values (1544, 1351, 1381, 31, 2.480, 45.71, -49.93, 2.475, 45.51, -49.78, 0.010, 332.25, 53.01);
insert into SHOT values (1545, 1351, 1382, 31, 11.340, 218.53, -65.90, 11.337, 218.51, -65.92, 0.005, 62.24, 17.09);
insert into SHOT values (1546, 1351, 1383, 31, 11.280, 217.42, -65.14, 11.273, 217.45, -65.16, 0.008, 14.22, 36.63);
insert into SHOT values (1547, 1351, 1384, 31, 11.290, 216.66, -65.12, 11.289, 216.70, -65.11, 0.005, 275.02, 28.63);
insert into SHOT values (1548, 1351, 1385, 31, 11.280, 214.77, -63.51, 11.274, 214.80, -63.51, 0.007, 346.75, 61.83);
insert into SHOT values (1549, 1351, 1386, 31, 11.390, 214.24, -63.68, 11.380, 214.26, -63.68, 0.011, 17.23, 60.93);
insert into SHOT values (1550, 1351, 1387, 31, 11.370, 214.36, -63.58, 11.364, 214.35, -63.61, 0.009, 40.04, 16.78);
insert into SHOT values (1551, 1351, 1388, 31, 0.000, 0.00, 0.00, 0.000, 90.00, 0.00, 0.000, 90.00, 0.00);
insert into SHOT values (1552, 1351, 1389, 31, 4.130, 323.87, -56.79, 4.126, 323.99, -56.75, 0.007, 51.34, 48.63);
insert into SHOT values (1553, 1351, 1390, 31, 4.210, 324.48, -56.99, 4.210, 324.58, -56.97, 0.004, 37.77, 5.59);
insert into SHOT values (1554, 1351, 1391, 31, 4.140, 324.79, -56.60, 4.133, 324.84, -56.60, 0.008, 116.93, 54.36);
insert into SHOT values (1555, 1351, 1392, 31, 4.210, 322.00, -56.94, 4.210, 322.08, -56.98, 0.004, 86.61, -22.04);
insert into SHOT values (1556, 1351, 1392, 31, 4.210, 322.29, -57.16, 4.210, 322.08, -56.98, 0.016, 285.81, 27.09);
insert into SHOT values (1557, 1351, 1392, 31, 4.220, 322.28, -56.91, 4.210, 322.08, -56.98, 0.014, 182.06, 24.14);
insert into SHOT values (1558, 1392, 1393, 31, 2.680, 279.48, -4.85, 2.676, 279.50, -4.93, 0.005, 87.45, -40.91);
insert into SHOT values (1559, 1392, 1394, 31, 4.190, 299.27, -2.18, 4.189, 299.32, -2.19, 0.004, 39.75, -9.34);
insert into SHOT values (1560, 1392, 1395, 31, 5.510, 313.40, -3.00, 5.511, 313.53, -3.02, 0.012, 40.38, -7.57);
insert into SHOT values (1561, 1392, 1396, 31, 39.290, 322.85, -2.17, 39.295, 322.86, -2.17, 0.007, 3.43, -20.69);
insert into SHOT values (1562, 1392, 1397, 31, 1.850, 345.21, 1.91, 1.852, 345.29, 1.86, 0.003, 41.16, -28.64);
insert into SHOT values (1563, 1392, 1398, 31, 1.230, 28.11, 2.22, 1.236, 28.02, 2.32, 0.006, 8.68, 21.53);
insert into SHOT values (1564, 1392, 1399, 31, 1.230, 58.77, -0.82, 1.238, 58.88, -0.93, 0.009, 74.33, -15.46);
insert into SHOT values (1565, 1392, 1400, 31, 3.430, 131.46, 2.48, 3.426, 131.33, 2.51, 0.009, 12.12, 9.89);
insert into SHOT values (1566, 1392, 1401, 31, 0.430, 110.20, 5.09, 0.435, 108.85, 5.27, 0.011, 45.53, 9.33);
insert into SHOT values (1567, 1392, 1402, 31, 3.450, 126.86, 17.08, 3.445, 126.73, 17.05, 0.009, 9.54, -21.46);
insert into SHOT values (1568, 1392, 1403, 31, 6.470, 126.40, 54.40, 6.472, 126.26, 54.37, 0.010, 59.46, -4.41);
insert into SHOT values (1569, 1392, 1404, 31, 9.290, 88.90, 81.33, 9.286, 88.77, 81.33, 0.005, 357.31, -50.93);
insert into SHOT values (1570, 1392, 1405, 31, 8.510, 356.54, 73.05, 8.511, 356.54, 73.03, 0.004, 355.66, -5.17);
insert into SHOT values (1571, 1392, 1406, 31, 6.210, 322.87, 46.53, 6.215, 322.89, 46.53, 0.005, 343.68, 38.73);
insert into SHOT values (1572, 1392, 1407, 31, 5.530, 316.98, 23.29, 5.532, 317.07, 23.32, 0.009, 40.42, 22.79);
insert into SHOT values (1573, 1392, 1408, 31, 5.410, 317.37, 4.95, 5.413, 317.40, 4.98, 0.006, 4.07, 35.40);
insert into SHOT values (1574, 1392, 1409, 31, 5.580, 322.87, -23.51, 5.577, 322.95, -23.57, 0.010, 86.46, -25.29);
insert into SHOT values (1575, 1392, 1410, 31, 7.480, 316.26, -45.29, 7.483, 316.39, -45.31, 0.012, 45.86, -19.69);
insert into SHOT values (1576, 1392, 1411, 31, 4.440, 327.39, -50.83, 4.442, 327.50, -50.75, 0.008, 9.93, 15.90);
insert into SHOT values (1577, 1392, 1412, 31, 4.640, 337.67, -55.94, 4.638, 337.87, -55.88, 0.010, 49.87, 22.68);
insert into SHOT values (1578, 1392, 1413, 31, 1.100, 49.39, 3.04, 1.108, 49.40, 3.10, 0.008, 50.61, 11.90);
insert into SHOT values (1579, 1392, 1414, 31, 1.570, 48.65, 30.94, 1.571, 48.61, 31.04, 0.003, 292.36, 71.32);
insert into SHOT values (1580, 1392, 1415, 31, 2.340, 47.15, 52.84, 2.349, 46.99, 52.75, 0.011, 23.19, 28.38);
insert into SHOT values (1581, 1392, 1416, 31, 7.870, 44.35, 81.01, 7.867, 44.34, 81.00, 0.003, 28.92, -78.28);
insert into SHOT values (1582, 1392, 1417, 31, 4.700, 217.61, 83.14, 4.703, 217.69, 83.21, 0.007, 28.89, 34.08);
insert into SHOT values (1583, 1392, 1418, 31, 2.940, 234.64, 67.67, 2.939, 234.88, 67.75, 0.007, 8.57, 4.11);
insert into SHOT values (1584, 1392, 1419, 31, 2.120, 246.38, 42.11, 2.118, 246.37, 42.10, 0.002, 81.41, -57.85);
insert into SHOT values (1585, 1392, 1420, 31, 7.420, 317.33, -36.81, 7.432, 317.32, -36.88, 0.015, 299.46, -73.87);
insert into SHOT values (1586, 1392, 1420, 31, 7.470, 317.28, -36.88, 7.432, 317.32, -36.88, 0.039, 129.98, 36.72);
insert into SHOT values (1587, 1392, 1420, 31, 7.420, 317.22, -36.95, 7.432, 317.32, -36.88, 0.018, 351.70, 0.94);
insert into SURVEY values (33, 22, '20150626_spela_diba_lagano', '20150626_spela_diba_lagano.2015.brezno_na_toscu', NULL);
 insert into CENTRELINE values (34, 33, NULL, NULL, NULL, 0.00, 0.00, 0.00);
 insert into CENTRELINE values (35, 33, NULL, '2015-06-26', '2015-06-26', 414.92, 0.00, 0.00);
 insert into SHOT values (1588, 1421, 1422, 35, 0.000, 0.00, 0.00, 0.000, 90.00, 0.00, 0.000, 90.00, 0.00);
insert into SHOT values (1589, 1422, 1423, 35, 5.070, 215.10, -75.70, 5.066, 215.22, -75.73, 0.005, 0.89, 32.56);
insert into SHOT values (1590, 1422, 1423, 35, 5.070, 215.10, -75.70, 5.066, 215.22, -75.73, 0.005, 0.89, 32.56);
insert into SHOT values (1591, 1422, 1423, 35, 5.070, 215.54, -75.75, 5.066, 215.22, -75.73, 0.008, 129.63, 29.60);
insert into SHOT values (1592, 1423, 1424, 35, 1.570, 288.21, 37.46, 1.564, 288.29, 37.39, 0.006, 81.78, -51.71);
insert into SHOT values (1593, 1423, 1425, 35, 1.570, 289.70, 33.65, 1.570, 289.68, 33.66, 0.001, 142.19, 2.78);
insert into SHOT values (1594, 1423, 1426, 35, 1.580, 289.89, 33.34, 1.580, 289.95, 33.41, 0.002, 53.03, 46.49);
insert into SHOT values (1595, 1423, 1427, 35, 1.600, 288.11, 30.00, 1.589, 288.17, 29.81, 0.012, 95.84, -54.88);
insert into SHOT values (1596, 1423, 1427, 35, 1.580, 288.59, 29.84, 1.589, 288.17, 29.81, 0.014, 237.82, 16.41);
insert into SHOT values (1597, 1423, 1427, 35, 1.580, 288.05, 29.86, 1.589, 288.17, 29.81, 0.010, 307.09, 20.37);
insert into SHOT values (1598, 1427, 1428, 35, 0.400, 194.74, -0.96, 0.393, 194.74, -1.46, 0.008, 14.54, -25.21);
insert into SHOT values (1599, 1427, 1429, 35, 1.880, 211.89, 65.70, 1.873, 211.61, 65.95, 0.012, 51.71, -17.21);
insert into SHOT values (1600, 1427, 1430, 35, 1.320, 285.18, -78.01, 1.318, 285.07, -78.21, 0.005, 111.21, 13.56);
insert into SHOT values (1601, 1427, 1431, 35, 4.950, 92.96, -9.56, 4.955, 92.93, -9.53, 0.006, 68.58, 20.38);
insert into SHOT values (1602, 1427, 1432, 35, 1.840, 247.14, 28.42, 1.842, 247.08, 28.55, 0.005, 139.51, 67.63);
insert into SHOT values (1603, 1427, 1433, 35, 2.060, 247.36, 0.79, 2.058, 247.42, 0.84, 0.003, 20.41, 27.30);
insert into SHOT values (1604, 1427, 1434, 35, 4.430, 240.46, -14.94, 4.426, 240.44, -14.93, 0.004, 85.62, 28.28);
insert into SHOT values (1605, 1427, 1435, 35, 3.160, 246.02, -31.53, 3.156, 246.10, -31.52, 0.005, 12.03, 27.66);
insert into SHOT values (1606, 1427, 1436, 35, 3.110, 247.16, -24.37, 3.108, 247.15, -24.32, 0.003, 116.32, 75.15);
insert into SHOT values (1607, 1427, 1437, 35, 4.420, 238.26, -17.06, 4.417, 238.27, -17.12, 0.006, 50.88, -35.64);
insert into SHOT values (1608, 1427, 1437, 35, 4.430, 238.24, -17.05, 4.417, 238.27, -17.12, 0.015, 50.05, -4.33);
insert into SHOT values (1609, 1427, 1437, 35, 4.420, 238.22, -17.14, 4.417, 238.27, -17.12, 0.005, 5.98, 30.24);
insert into SHOT values (1610, 1437, 1438, 35, 1.300, 22.63, 0.39, 1.300, 22.62, 0.44, 0.001, 300.09, 78.61);
insert into SHOT values (1611, 1437, 1439, 35, 3.200, 40.62, 71.14, 3.200, 40.66, 71.26, 0.006, 213.70, 16.18);
insert into SHOT values (1612, 1437, 1440, 35, 4.100, 21.85, 50.07, 4.103, 21.88, 50.15, 0.007, 167.13, 66.53);
insert into SHOT values (1613, 1437, 1441, 35, 1.690, 342.67, 16.57, 1.683, 342.69, 16.57, 0.007, 158.29, -16.20);
insert into SHOT values (1614, 1437, 1442, 35, 1.360, 346.72, -68.52, 1.354, 345.96, -68.56, 0.009, 230.12, 37.19);
insert into SHOT values (1615, 1437, 1443, 35, 0.480, 306.63, 1.29, 0.480, 305.68, 1.19, 0.008, 217.77, -5.76);
insert into SHOT values (1616, 1437, 1444, 35, 4.450, 56.77, 0.10, 4.449, 56.74, 0.13, 0.004, 301.08, 39.51);
insert into SHOT values (1617, 1437, 1445, 35, 1.250, 39.68, 2.47, 1.251, 39.81, 2.75, 0.007, 113.43, 65.04);
insert into SHOT values (1618, 1437, 1446, 35, 1.540, 77.25, -2.28, 1.539, 77.23, -2.23, 0.002, 295.24, 53.80);
insert into SHOT values (1619, 1437, 1447, 35, 1.350, 56.42, -35.69, 1.346, 56.60, -35.93, 0.008, 208.28, -18.23);
insert into SHOT values (1620, 1437, 1448, 35, 2.360, 37.95, -45.60, 2.352, 37.84, -45.58, 0.008, 249.34, 46.59);
insert into SHOT values (1621, 1437, 1449, 35, 2.510, 337.67, -16.99, 2.508, 337.71, -16.92, 0.004, 102.37, 58.83);
insert into SHOT values (1622, 1437, 1450, 35, 5.380, 336.01, -8.23, 5.378, 335.94, -8.23, 0.007, 227.96, 1.09);
insert into SHOT values (1623, 1437, 1451, 35, 5.370, 338.25, -6.55, 5.366, 338.20, -6.53, 0.007, 211.00, 23.05);
insert into SHOT values (1624, 1437, 1452, 35, 5.370, 335.93, -8.22, 5.362, 336.23, -7.93, 0.040, 75.21, 44.14);
insert into SHOT values (1625, 1437, 1452, 35, 5.370, 336.87, -7.39, 5.362, 336.23, -7.93, 0.078, 232.19, -39.00);
insert into SHOT values (1626, 1437, 1452, 35, 5.360, 335.99, -8.10, 5.362, 336.23, -7.93, 0.028, 56.68, 33.53);
insert into SHOT values (1627, 1452, 1453, 35, 0.540, 197.73, -1.25, 0.535, 197.42, -1.07, 0.006, 46.19, 16.25);
insert into SHOT values (1628, 1452, 1454, 35, 1.090, 211.01, 58.87, 1.095, 211.14, 59.18, 0.008, 6.02, 66.78);
insert into SHOT values (1629, 1452, 1455, 35, 1.850, 158.45, 65.77, 1.851, 158.20, 65.96, 0.007, 10.30, 25.39);
insert into SHOT values (1630, 1452, 1456, 35, 2.970, 150.01, 56.19, 2.972, 149.87, 56.20, 0.005, 70.90, 28.53);
insert into SHOT values (1631, 1452, 1457, 35, 3.090, 161.35, 24.53, 3.090, 161.31, 24.67, 0.008, 16.65, 62.88);
insert into SHOT values (1632, 1452, 1458, 35, 4.000, 163.05, 13.69, 3.993, 163.06, 13.76, 0.009, 338.17, 22.28);
insert into SHOT values (1633, 1452, 1459, 35, 2.340, 163.58, 10.77, 2.336, 163.54, 10.86, 0.006, 2.15, 28.50);
insert into SHOT values (1634, 1452, 1460, 35, 0.440, 182.42, 0.54, 0.441, 182.60, 1.30, 0.006, 253.85, 75.80);
insert into SHOT values (1635, 1452, 1461, 35, 1.090, 175.60, -2.47, 1.084, 175.76, -2.12, 0.010, 328.46, 45.82);
insert into SHOT values (1636, 1452, 1462, 35, 2.070, 32.65, -82.46, 2.068, 33.11, -82.37, 0.004, 69.41, 29.64);
insert into SHOT values (1637, 1452, 1463, 35, 2.980, 280.50, -70.91, 2.975, 280.62, -70.83, 0.007, 324.54, 64.38);
insert into SHOT values (1638, 1452, 1464, 35, 2.150, 133.07, -63.97, 2.147, 132.85, -64.00, 0.005, 9.83, 23.60);
insert into SHOT values (1639, 1452, 1465, 35, 1.470, 131.58, -48.97, 1.470, 131.63, -49.05, 0.002, 283.12, -29.81);
insert into SHOT values (1640, 1452, 1466, 35, 1.080, 123.10, -41.01, 1.077, 122.91, -41.24, 0.006, 331.80, -12.91);
insert into SHOT values (1641, 1452, 1467, 35, 2.750, 151.28, -28.26, 2.744, 151.31, -28.28, 0.006, 317.01, 19.51);
insert into SHOT values (1642, 1452, 1468, 35, 2.760, 151.75, -12.64, 2.755, 151.81, -12.58, 0.007, 296.41, 37.00);
insert into SHOT values (1643, 1452, 1469, 35, 4.970, 152.01, -4.84, 4.965, 152.04, -4.85, 0.005, 305.67, -7.33);
insert into SHOT values (1644, 1452, 1470, 35, 1.530, 144.70, -12.88, 1.523, 144.60, -12.90, 0.008, 345.53, 7.97);
insert into SHOT values (1645, 1452, 1471, 35, 3.680, 158.26, 40.59, 3.678, 158.31, 40.73, 0.010, 318.63, 36.24);
insert into SHOT values (1646, 1452, 1472, 35, 1.050, 249.88, 2.06, 1.054, 250.02, 2.17, 0.005, 281.43, 25.14);
insert into SHOT values (1647, 1452, 1473, 35, 2.050, 255.55, -12.39, 2.051, 255.55, -12.39, 0.001, 251.30, -7.07);
insert into SHOT values (1648, 1452, 1474, 35, 1.910, 275.18, -36.41, 1.907, 275.23, -36.33, 0.004, 35.57, 67.95);
insert into SHOT values (1649, 1452, 1475, 35, 1.800, 257.99, -50.63, 1.800, 258.40, -50.56, 0.008, 337.09, 10.45);
insert into SHOT values (1650, 1452, 1476, 35, 4.350, 271.62, -53.85, 4.351, 271.78, -53.78, 0.009, 326.39, 15.71);
insert into SHOT values (1651, 1452, 1477, 35, 3.470, 270.53, -27.48, 3.466, 270.56, -27.30, 0.011, 312.81, 78.67);
insert into SHOT values (1652, 1452, 1477, 35, 3.470, 270.51, -27.13, 3.466, 270.56, -27.30, 0.011, 72.75, -42.06);
insert into SHOT values (1653, 1452, 1477, 35, 3.470, 270.48, -27.20, 3.466, 270.56, -27.30, 0.008, 56.09, -27.51);
insert into SHOT values (1654, 1477, 1478, 35, 0.340, 109.79, 11.38, 0.336, 109.54, 12.01, 0.005, 308.16, 32.25);
insert into SHOT values (1655, 1477, 1479, 35, 3.820, 235.30, 86.78, 3.826, 236.31, 86.76, 0.007, 300.90, 55.23);
insert into SHOT values (1656, 1477, 1480, 35, 4.650, 89.28, 73.01, 4.650, 89.15, 73.12, 0.010, 288.70, 17.89);
insert into SHOT values (1657, 1477, 1481, 35, 4.100, 97.39, 82.97, 4.100, 96.98, 83.08, 0.009, 300.78, 5.30);
insert into SHOT values (1658, 1477, 1482, 35, 3.380, 94.31, 51.33, 3.377, 94.36, 51.42, 0.006, 257.87, 9.66);
insert into SHOT values (1659, 1477, 1483, 35, 3.920, 95.80, 29.51, 3.916, 95.73, 29.53, 0.006, 319.94, -8.22);
insert into SHOT values (1660, 1477, 1484, 35, 3.740, 95.92, -0.43, 3.740, 95.98, -0.31, 0.009, 179.32, 62.12);
insert into SHOT values (1661, 1477, 1485, 35, 3.240, 93.47, -16.81, 3.233, 93.52, -16.72, 0.009, 248.79, 48.07);
insert into SHOT values (1662, 1477, 1486, 35, 0.570, 103.95, -21.33, 0.563, 104.30, -20.81, 0.009, 249.31, 52.33);
insert into SHOT values (1663, 1477, 1487, 35, 2.120, 91.36, -82.52, 2.117, 92.12, -82.67, 0.007, 239.70, 15.99);
insert into SHOT values (1664, 1477, 1488, 35, 2.180, 203.64, -66.84, 2.179, 203.90, -66.63, 0.009, 233.67, 29.29);
insert into SHOT values (1665, 1477, 1489, 35, 2.690, 205.22, -44.45, 2.690, 205.23, -44.34, 0.005, 212.77, 49.00);
insert into SHOT values (1666, 1477, 1490, 35, 4.340, 201.07, -18.44, 4.341, 201.21, -18.40, 0.010, 280.92, 15.56);
insert into SHOT values (1667, 1477, 1490, 35, 4.340, 201.15, -18.48, 4.341, 201.21, -18.40, 0.008, 257.55, 48.88);
insert into SHOT values (1668, 1477, 1490, 35, 4.340, 201.13, -18.31, 4.341, 201.21, -18.40, 0.009, 304.58, -48.92);
insert into SHOT values (1669, 1490, 1491, 35, 0.620, 355.59, -0.50, 0.622, 355.39, 0.00, 0.006, 308.61, 61.16);
insert into SHOT values (1670, 1490, 1492, 35, 1.940, 0.20, -67.06, 1.932, 0.00, -67.15, 0.009, 203.25, 44.51);
insert into SHOT values (1671, 1490, 1493, 35, 1.620, 14.04, -22.16, 1.616, 14.31, -22.18, 0.008, 132.51, 7.36);
insert into SHOT values (1672, 1490, 1494, 35, 2.340, 13.47, 2.51, 2.338, 13.62, 2.70, 0.010, 122.31, 49.39);
insert into SHOT values (1673, 1490, 1495, 35, 1.200, 309.69, 24.15, 1.198, 309.81, 24.14, 0.003, 74.62, -19.49);
insert into SHOT values (1674, 1490, 1496, 35, 4.290, 299.49, 42.63, 4.293, 299.41, 42.67, 0.006, 214.50, 44.81);
insert into SHOT values (1675, 1490, 1497, 35, 5.490, 291.74, 9.56, 5.489, 291.68, 9.54, 0.006, 193.98, -18.29);
insert into SHOT values (1676, 1490, 1498, 35, 7.600, 292.11, -10.32, 7.601, 292.07, -10.31, 0.005, 213.23, 16.49);
insert into SHOT values (1677, 1490, 1499, 35, 3.860, 290.99, -9.34, 3.852, 290.96, -9.26, 0.010, 125.51, 40.79);
insert into SHOT values (1678, 1490, 1500, 35, 3.270, 291.01, -28.00, 3.262, 290.95, -27.98, 0.009, 134.32, 34.98);
insert into SHOT values (1679, 1490, 1501, 35, 2.100, 282.43, -18.69, 2.097, 282.50, -18.63, 0.004, 55.34, 42.60);
insert into SHOT values (1680, 1490, 1502, 35, 1.730, 293.86, -31.05, 1.725, 293.96, -31.07, 0.006, 85.00, 22.87);
insert into SHOT values (1681, 1490, 1503, 35, 1.960, 302.03, -41.61, 1.959, 302.17, -41.59, 0.004, 40.51, 23.02);
insert into SHOT values (1682, 1490, 1504, 35, 3.240, 290.90, -46.72, 3.237, 290.89, -46.81, 0.006, 115.25, -12.45);
insert into SHOT values (1683, 1490, 1505, 35, 1.850, 290.86, -61.14, 1.848, 291.08, -61.23, 0.005, 65.23, 2.75);
insert into SHOT values (1684, 1490, 1506, 35, 0.320, 255.55, 12.90, 0.318, 255.07, 12.71, 0.003, 136.47, -25.75);
insert into SHOT values (1685, 1490, 1507, 35, 0.670, 345.44, 4.26, 0.674, 345.34, 4.26, 0.004, 328.45, 3.40);
insert into SHOT values (1686, 1490, 1508, 35, 4.570, 62.23, 71.68, 4.571, 62.19, 71.69, 0.002, 305.32, 52.57);
insert into SHOT values (1687, 1490, 1509, 35, 1.370, 79.90, 50.76, 1.367, 79.99, 50.84, 0.004, 238.23, -15.90);
insert into SHOT values (1688, 1490, 1510, 35, 1.670, 350.84, 74.45, 1.671, 350.96, 74.53, 0.003, 147.38, 25.58);
insert into SHOT values (1689, 1490, 1511, 35, 3.190, 292.33, -18.77, 3.185, 292.40, -18.68, 0.008, 57.60, 54.69);
insert into SHOT values (1690, 1490, 1512, 35, 5.010, 292.12, -19.21, 5.011, 292.34, -19.10, 0.021, 8.65, 24.25);
insert into SHOT values (1691, 1490, 1512, 35, 5.010, 292.73, -19.21, 5.011, 292.34, -19.10, 0.034, 210.33, 14.59);
insert into SHOT values (1692, 1490, 1512, 35, 5.010, 292.22, -19.06, 5.011, 292.34, -19.10, 0.011, 21.69, -21.58);
insert into SHOT values (1693, 1512, 1513, 35, 2.740, 102.23, -3.30, 2.747, 102.21, -3.34, 0.007, 94.58, -18.89);
insert into SHOT values (1694, 1512, 1514, 35, 3.610, 104.96, 24.74, 3.613, 105.01, 24.71, 0.004, 145.83, -10.20);
insert into SHOT values (1695, 1512, 1515, 35, 3.320, 103.22, 67.44, 3.314, 103.16, 67.40, 0.006, 1.53, -77.78);
insert into SHOT values (1696, 1512, 1516, 35, 2.530, 19.75, 85.71, 2.527, 21.25, 85.62, 0.007, 72.76, -24.69);
insert into SHOT values (1697, 1512, 1517, 35, 1.840, 262.39, 37.95, 1.832, 262.43, 38.07, 0.009, 75.25, -10.43);
insert into SHOT values (1698, 1512, 1518, 35, 2.830, 267.00, 13.65, 2.825, 266.87, 13.72, 0.009, 133.95, 13.79);
insert into SHOT values (1699, 1512, 1519, 35, 3.310, 270.87, -12.18, 3.305, 270.89, -12.23, 0.005, 80.32, -17.57);
insert into SHOT values (1700, 1512, 1520, 35, 2.690, 278.78, -42.31, 2.685, 278.70, -42.39, 0.007, 121.38, 6.12);
insert into SHOT values (1701, 1512, 1521, 35, 1.690, 282.27, -68.81, 1.692, 282.43, -69.07, 0.008, 88.52, -31.66);
insert into SHOT values (1702, 1512, 1522, 35, 1.610, 129.42, -79.05, 1.611, 129.81, -78.82, 0.007, 147.14, 5.68);
insert into SHOT values (1703, 1512, 1523, 35, 1.990, 105.18, -49.88, 1.991, 105.33, -49.77, 0.005, 150.29, 19.78);
insert into SHOT values (1704, 1512, 1524, 35, 0.980, 268.53, 36.79, 0.978, 268.53, 37.10, 0.006, 88.32, 34.14);
insert into SHOT values (1705, 1512, 1525, 35, 0.540, 206.68, 8.10, 0.541, 206.57, 7.43, 0.007, 178.88, -69.23);
insert into SHOT values (1706, 1512, 1526, 35, 3.040, 239.43, 80.94, 3.037, 239.66, 81.00, 0.005, 32.05, -26.89);
insert into SHOT values (1707, 1512, 1527, 35, 1.540, 230.84, -85.74, 1.544, 228.81, -86.05, 0.010, 75.57, -25.34);
insert into SHOT values (1708, 1512, 1528, 35, 1.870, 273.19, -56.30, 1.870, 273.33, -56.52, 0.008, 69.18, -33.70);
insert into SHOT values (1709, 1512, 1529, 35, 2.630, 281.39, -45.95, 2.628, 281.37, -45.99, 0.003, 113.46, 5.44);
insert into SHOT values (1710, 1512, 1530, 35, 4.300, 282.44, -31.31, 4.296, 282.44, -31.42, 0.009, 100.50, -35.32);
insert into SHOT values (1711, 1512, 1531, 35, 2.580, 265.29, -12.39, 2.568, 265.43, -12.37, 0.014, 58.76, 15.02);
insert into SHOT values (1712, 1512, 1531, 35, 2.560, 265.44, -12.46, 2.568, 265.43, -12.37, 0.009, 261.23, 15.74);
insert into SHOT values (1713, 1512, 1531, 35, 2.570, 265.64, -12.38, 2.568, 265.43, -12.37, 0.010, 162.01, 5.89);
insert into SHOT values (1714, 1531, 1532, 35, 0.910, 289.10, -7.26, 0.909, 289.44, -7.58, 0.007, 33.09, -42.21);
insert into SHOT values (1715, 1531, 1533, 35, 3.790, 307.08, -61.18, 3.786, 307.18, -61.27, 0.008, 101.61, 4.18);
insert into SHOT values (1716, 1531, 1534, 35, 1.150, 315.69, 76.20, 1.144, 316.47, 76.04, 0.008, 23.58, -59.26);
insert into SHOT values (1717, 1531, 1535, 35, 4.900, 59.27, 78.34, 4.891, 59.04, 78.31, 0.010, 342.43, -64.94);
insert into SHOT values (1718, 1531, 1536, 35, 4.930, 94.42, 15.03, 4.931, 94.45, 14.93, 0.009, 137.36, -63.87);
insert into SHOT values (1719, 1531, 1537, 35, 2.040, 91.58, -20.57, 2.042, 91.50, -20.65, 0.004, 16.51, -49.43);
insert into SHOT values (1720, 1531, 1538, 35, 1.940, 2.06, -7.15, 1.937, 2.09, -7.41, 0.009, 167.60, -66.23);
insert into SHOT values (1721, 1531, 1539, 35, 1.600, 340.63, -14.68, 1.600, 340.74, -14.85, 0.006, 92.75, -53.51);
insert into SHOT values (1722, 1531, 1540, 35, 4.420, 268.64, -26.33, 4.419, 268.70, -26.33, 0.004, 4.66, 6.35);
insert into SHOT values (1723, 1531, 1541, 35, 3.700, 264.77, -42.11, 3.697, 264.77, -42.13, 0.004, 86.57, 17.01);
insert into SHOT values (1724, 1531, 1542, 35, 4.670, 266.24, -54.16, 4.674, 266.23, -54.18, 0.005, 245.28, -68.85);
insert into SHOT values (1725, 1531, 1543, 35, 1.980, 263.64, 12.01, 1.974, 263.76, 11.98, 0.007, 46.28, -16.98);
insert into SHOT values (1726, 1531, 1544, 35, 2.000, 316.92, -64.23, 1.996, 316.88, -64.38, 0.007, 142.59, 9.67);
insert into SHOT values (1727, 1531, 1545, 35, 1.650, 18.61, -2.95, 1.650, 18.76, -3.13, 0.007, 111.77, -48.74);
insert into SHOT values (1728, 1531, 1546, 35, 2.000, 7.78, -11.90, 2.003, 7.92, -12.10, 0.009, 78.90, -55.71);
insert into SHOT values (1729, 1531, 1547, 35, 1.530, 62.86, 2.19, 1.530, 62.76, 1.87, 0.009, 348.07, -72.73);
insert into SHOT values (1730, 1531, 1548, 35, 2.170, 307.25, -53.25, 2.171, 307.49, -53.28, 0.006, 40.44, -13.33);
insert into SHOT values (1731, 1531, 1549, 35, 3.180, 333.47, -61.52, 3.184, 333.77, -61.57, 0.009, 65.83, -31.06);
insert into SHOT values (1732, 1531, 1550, 35, 6.310, 275.87, -59.76, 6.294, 275.80, -59.80, 0.017, 114.08, 42.79);
insert into SHOT values (1733, 1531, 1550, 35, 6.300, 275.71, -59.85, 6.294, 275.80, -59.80, 0.009, 344.58, 55.09);
insert into SHOT values (1734, 1531, 1550, 35, 6.270, 275.80, -59.67, 6.294, 275.80, -59.80, 0.028, 21.99, -89.93);
insert into SHOT values (1735, 1550, 1551, 35, 0.530, 138.31, 4.42, 0.526, 138.09, 4.37, 0.005, 342.46, -9.94);
insert into SHOT values (1736, 1550, 1552, 35, 5.350, 143.42, -80.02, 5.350, 143.38, -80.08, 0.005, 330.75, -10.38);
insert into SHOT values (1737, 1550, 1553, 35, 6.120, 172.80, -76.71, 6.125, 172.67, -76.68, 0.007, 139.02, -34.85);
insert into SHOT values (1738, 1550, 1554, 35, 1.770, 139.18, -71.74, 1.769, 139.40, -71.77, 0.003, 263.19, 18.87);
insert into SHOT values (1739, 1550, 1555, 35, 1.770, 110.96, -84.04, 1.770, 112.38, -84.04, 0.005, 200.90, 5.42);
insert into SHOT values (1740, 1550, 1556, 35, 1.600, 102.63, -15.24, 1.604, 102.69, -15.18, 0.004, 124.15, 7.56);
insert into SHOT values (1741, 1550, 1557, 35, 1.560, 80.62, -51.55, 1.561, 80.54, -51.42, 0.004, 56.91, 26.26);
insert into SHOT values (1742, 1550, 1558, 35, 1.210, 31.47, -50.11, 1.209, 31.22, -50.31, 0.006, 250.05, -16.35);
insert into SHOT values (1743, 1550, 1559, 35, 0.980, 56.16, 10.46, 0.982, 55.98, 10.56, 0.004, 352.19, 31.77);
insert into SHOT values (1744, 1550, 1560, 35, 1.790, 63.47, 1.17, 1.789, 63.43, 1.28, 0.004, 298.24, 68.78);
insert into SHOT values (1745, 1550, 1561, 35, 8.420, 102.46, 81.22, 8.418, 102.63, 81.25, 0.006, 241.46, -13.26);
insert into SHOT values (1746, 1550, 1562, 35, 7.870, 97.63, 80.34, 7.872, 97.82, 80.33, 0.005, 166.75, 18.38);
insert into SHOT values (1747, 1550, 1563, 35, 5.820, 99.48, 81.11, 5.820, 99.57, 81.08, 0.003, 122.98, -1.40);
insert into SHOT values (1748, 1550, 1564, 35, 0.450, 95.92, 82.50, 0.454, 99.46, 82.30, 0.006, 158.20, 42.20);
insert into SHOT values (1749, 1550, 1565, 35, 7.880, 99.60, 82.64, 7.874, 99.74, 82.67, 0.008, 252.71, -42.35);
insert into SHOT values (1750, 1550, 1566, 35, 2.210, 211.50, 3.33, 2.208, 211.45, 3.38, 0.003, 67.41, 28.47);
insert into SHOT values (1751, 1550, 1567, 35, 2.090, 207.38, -50.52, 2.087, 207.34, -50.48, 0.003, 91.10, 70.47);
insert into SHOT values (1752, 1550, 1568, 35, 1.520, 86.31, 3.13, 1.515, 86.21, 3.03, 0.006, 296.85, -30.22);
insert into SHOT values (1753, 1550, 1569, 35, 1.510, 85.97, 20.77, 1.510, 85.94, 20.55, 0.006, 64.46, -71.80);
insert into SHOT values (1754, 1550, 1570, 35, 2.740, 79.48, 30.62, 2.739, 79.50, 30.50, 0.006, 106.84, -72.51);
insert into SHOT values (1755, 1550, 1571, 35, 3.470, 73.73, 43.90, 3.472, 73.74, 43.95, 0.004, 199.89, 82.26);
insert into SHOT values (1756, 1550, 1572, 35, 2.360, 220.67, -5.26, 2.357, 220.68, -5.35, 0.005, 31.97, -51.45);
insert into SHOT values (1757, 1550, 1572, 35, 2.360, 220.50, -5.06, 2.357, 220.68, -5.35, 0.014, 336.59, -55.18);
insert into SHOT values (1758, 1550, 1572, 35, 2.350, 220.82, -5.44, 2.357, 220.68, -5.35, 0.010, 184.52, 16.13);
insert into SHOT values (1759, 1572, 1573, 35, 1.770, 315.72, 1.01, 1.775, 315.68, 0.97, 0.005, 303.96, -12.63);
insert into SHOT values (1760, 1572, 1574, 35, 2.530, 327.95, 38.78, 2.534, 327.84, 38.87, 0.007, 243.73, 54.89);
insert into SHOT values (1761, 1572, 1575, 35, 3.670, 332.56, 68.56, 3.674, 332.48, 68.58, 0.004, 252.94, 64.35);
insert into SHOT values (1762, 1572, 1576, 35, 4.920, 317.04, 77.03, 4.925, 317.20, 77.05, 0.006, 53.44, 60.27);
insert into SHOT values (1763, 1572, 1577, 35, 3.390, 45.26, -23.19, 3.384, 45.26, -23.15, 0.007, 224.98, 45.70);
insert into SHOT values (1764, 1572, 1578, 35, 3.540, 43.23, 20.90, 3.546, 43.29, 20.99, 0.009, 85.02, 55.56);
insert into SHOT values (1765, 1572, 1579, 35, 5.020, 54.79, 27.16, 5.017, 54.85, 27.16, 0.006, 172.46, -15.94);
insert into SHOT values (1766, 1572, 1580, 35, 1.530, 44.65, -58.08, 1.533, 44.50, -57.97, 0.005, 18.25, -15.99);
insert into SHOT values (1767, 1572, 1581, 35, 2.630, 238.53, -46.24, 2.630, 238.50, -46.26, 0.002, 104.66, -18.35);
insert into SHOT values (1768, 1572, 1582, 35, 5.610, 248.85, -32.95, 5.609, 248.83, -32.94, 0.002, 161.00, 40.78);
insert into SHOT values (1769, 1572, 1583, 35, 5.120, 250.83, -9.57, 5.122, 250.81, -9.55, 0.003, 209.67, 26.29);
insert into SHOT values (1770, 1572, 1584, 35, 4.960, 248.54, 11.51, 4.958, 248.51, 11.52, 0.004, 119.46, 4.32);
insert into SHOT values (1771, 1572, 1585, 35, 1.930, 255.82, 36.22, 1.930, 255.87, 36.21, 0.002, 344.10, -15.55);
insert into SHOT values (1772, 1572, 1586, 35, 2.820, 276.50, 6.09, 2.824, 276.54, 6.10, 0.005, 303.10, 9.95);
insert into SHOT values (1773, 1572, 1587, 35, 1.280, 338.96, 8.45, 1.277, 339.13, 8.56, 0.005, 110.39, 21.44);
insert into SHOT values (1774, 1572, 1588, 35, 4.790, 238.08, 4.02, 4.796, 238.07, 4.07, 0.007, 230.21, 36.80);
insert into SHOT values (1775, 1572, 1589, 35, 4.720, 252.73, -10.54, 4.710, 253.05, -10.52, 0.028, 2.40, 7.00);
insert into SHOT values (1776, 1572, 1589, 35, 4.720, 253.16, -10.65, 4.710, 253.05, -10.52, 0.017, 122.25, 46.77);
insert into SHOT values (1777, 1572, 1589, 35, 4.710, 253.19, -10.61, 4.710, 253.05, -10.52, 0.013, 171.58, 32.61);
insert into SHOT values (1778, 1589, 1590, 35, 2.440, 82.53, 14.36, 2.434, 82.69, 14.27, 0.010, 206.89, -32.17);
insert into SHOT values (1779, 1589, 1591, 35, 4.190, 101.72, 11.56, 4.192, 101.80, 11.56, 0.006, 174.67, 3.23);
insert into SHOT values (1780, 1589, 1592, 35, 0.880, 96.96, 5.23, 0.881, 97.21, 5.21, 0.004, 178.18, -3.24);
insert into SHOT values (1781, 1589, 1593, 35, 2.160, 130.91, -81.01, 2.166, 131.35, -81.15, 0.008, 281.53, -51.56);
insert into SHOT values (1782, 1589, 1594, 35, 0.670, 25.85, -27.95, 0.668, 25.25, -28.64, 0.010, 251.93, -35.17);
insert into SHOT values (1783, 1589, 1595, 35, 0.780, 50.28, 10.22, 0.778, 50.29, 9.62, 0.008, 219.09, -85.26);
insert into SHOT values (1784, 1589, 1596, 35, 6.160, 80.67, 63.28, 6.157, 80.64, 63.29, 0.004, 287.46, -34.24);
insert into SHOT values (1785, 1589, 1597, 35, 4.280, 101.62, 13.51, 4.274, 101.66, 13.53, 0.007, 254.19, 1.12);
insert into SHOT values (1786, 1589, 1598, 35, 3.680, 99.73, 13.79, 3.677, 99.83, 13.69, 0.010, 202.80, -47.87);
insert into SHOT values (1787, 1589, 1599, 35, 2.520, 175.49, -46.21, 2.521, 175.73, -46.21, 0.007, 257.99, -6.73);
insert into SHOT values (1788, 1589, 1600, 35, 1.550, 184.09, 5.39, 1.550, 184.09, 5.18, 0.006, 175.45, -82.01);
insert into SHOT values (1789, 1589, 1601, 35, 2.740, 153.24, -39.25, 2.746, 153.43, -39.32, 0.010, 224.75, -39.97);
insert into SHOT values (1790, 1589, 1602, 35, 1.510, 180.91, -18.18, 1.506, 181.20, -18.19, 0.009, 301.61, 7.56);
insert into SHOT values (1791, 1589, 1602, 35, 1.500, 181.99, -18.10, 1.506, 181.20, -18.19, 0.021, 104.61, -11.18);
insert into SHOT values (1792, 1589, 1602, 35, 1.490, 180.73, -18.20, 1.506, 181.20, -18.19, 0.019, 219.23, -13.72);
insert into SHOT values (1793, 1602, 1603, 35, 0.760, 275.48, 7.58, 0.760, 275.33, 7.56, 0.002, 182.48, -7.37);
insert into SHOT values (1794, 1602, 1604, 35, 3.610, 228.94, 16.05, 3.614, 228.97, 16.06, 0.005, 253.57, 24.30);
insert into SHOT values (1795, 1602, 1605, 35, 5.400, 228.43, 37.74, 5.398, 228.51, 37.69, 0.008, 303.92, -39.88);
insert into SHOT values (1796, 1602, 1606, 35, 6.890, 224.08, -16.08, 6.889, 224.14, -16.10, 0.008, 323.27, -12.33);
insert into SHOT values (1797, 1602, 1607, 35, 2.530, 223.45, -38.38, 2.533, 223.57, -38.31, 0.006, 268.30, 7.64);
insert into SHOT values (1798, 1602, 1608, 35, 2.690, 233.33, -58.61, 2.697, 233.37, -58.53, 0.008, 242.29, -27.94);
insert into SHOT values (1799, 1602, 1609, 35, 1.670, 281.51, -66.55, 1.671, 281.14, -66.27, 0.009, 253.47, 12.73);
insert into SHOT values (1800, 1602, 1610, 35, 1.650, 309.48, -69.57, 1.656, 309.43, -69.40, 0.008, 304.90, -29.66);
insert into SHOT values (1801, 1602, 1611, 35, 2.270, 5.37, -38.00, 2.270, 5.14, -38.07, 0.008, 262.82, -18.16);
insert into SHOT values (1802, 1602, 1612, 35, 3.040, 221.93, -28.42, 3.044, 221.97, -28.45, 0.005, 254.90, -41.79);
insert into SHOT values (1803, 1602, 1612, 35, 3.040, 221.89, -28.38, 3.044, 221.97, -28.45, 0.007, 284.55, -49.67);
insert into SHOT values (1804, 1602, 1612, 35, 3.050, 221.73, -28.48, 3.044, 221.97, -28.45, 0.013, 332.70, 20.02);
insert into SHOT values (1805, 1612, 1613, 35, 0.460, 149.53, 26.24, 0.462, 149.74, 25.64, 0.006, 169.95, -37.21);
insert into SHOT values (1806, 1612, 1614, 35, 3.610, 193.80, 88.54, 3.611, 192.53, 88.54, 0.002, 109.20, 29.70);
insert into SHOT values (1807, 1612, 1615, 35, 8.090, 41.68, 24.82, 8.087, 41.69, 24.86, 0.006, 213.52, 39.81);
insert into SHOT values (1808, 1612, 1616, 35, 2.750, 41.35, -1.85, 2.750, 41.46, -1.88, 0.005, 128.69, -12.97);
insert into SHOT values (1809, 1612, 1617, 35, 1.460, 46.35, -23.18, 1.457, 46.52, -23.45, 0.008, 190.00, -39.21);
insert into SHOT values (1810, 1612, 1618, 35, 1.860, 41.16, -24.27, 1.860, 41.41, -24.45, 0.009, 148.65, -35.37);
insert into SHOT values (1811, 1612, 1619, 35, 3.870, 193.08, -75.77, 3.869, 192.72, -75.74, 0.006, 122.55, 11.31);
insert into SHOT values (1812, 1612, 1620, 35, 5.080, 208.81, -64.20, 5.077, 208.65, -64.18, 0.007, 116.17, 30.64);
insert into SHOT values (1813, 1612, 1621, 35, 2.460, 187.05, -53.40, 2.467, 187.03, -53.39, 0.007, 179.77, -49.20);
insert into SHOT values (1814, 1612, 1622, 35, 5.650, 217.63, -54.15, 5.650, 217.63, -54.16, 0.001, 28.70, -27.38);
insert into SHOT values (1815, 1612, 1623, 35, 3.900, 213.90, -41.15, 3.905, 213.91, -41.16, 0.005, 219.52, -48.16);
insert into SHOT values (1816, 1612, 1624, 35, 5.390, 216.21, -37.92, 5.387, 216.20, -37.91, 0.003, 67.69, 51.01);
insert into SHOT values (1817, 1612, 1625, 35, 3.900, 227.99, 5.62, 3.899, 227.92, 5.59, 0.005, 122.07, -22.84);
insert into SHOT values (1818, 1612, 1626, 35, 2.730, 237.30, 60.94, 2.736, 237.26, 60.88, 0.007, 228.73, 33.77);
insert into SHOT values (1819, 1612, 1627, 35, 0.450, 227.32, 30.92, 0.446, 227.12, 31.05, 0.004, 65.88, -16.42);
insert into SHOT values (1820, 1612, 1628, 35, 4.020, 223.57, -3.75, 4.019, 223.48, -3.71, 0.007, 126.90, 25.88);
insert into SHOT values (1821, 1612, 1629, 35, 1.450, 231.11, -3.13, 1.453, 231.16, -3.16, 0.003, 251.83, -14.36);
insert into SHOT values (1822, 1612, 1630, 35, 1.360, 213.29, -0.54, 1.365, 213.34, -0.42, 0.006, 227.86, 30.40);
insert into SHOT values (1823, 1612, 1631, 35, 4.220, 219.67, -36.97, 4.223, 219.59, -36.97, 0.006, 154.41, -21.64);
insert into SHOT values (1824, 1612, 1632, 35, 3.710, 219.61, -36.84, 3.706, 219.81, -36.80, 0.011, 316.83, 23.55);
insert into SHOT values (1825, 1612, 1632, 35, 3.710, 219.83, -36.77, 3.706, 219.81, -36.80, 0.004, 57.46, 11.13);
insert into SHOT values (1826, 1612, 1632, 35, 3.710, 220.01, -36.78, 3.706, 219.81, -36.80, 0.011, 111.17, 6.83);
insert into SHOT values (1827, 1632, 1633, 35, 1.210, 186.09, -73.93, 1.219, 186.71, -73.69, 0.011, 212.73, -41.40);
insert into SHOT values (1828, 1632, 1634, 35, 2.490, 172.51, -78.99, 2.497, 172.87, -78.83, 0.011, 193.14, -33.69);
insert into SHOT values (1829, 1632, 1635, 35, 0.430, 138.07, 22.80, 0.428, 139.09, 21.95, 0.010, 223.80, -43.22);
insert into SHOT values (1830, 1632, 1636, 35, 0.390, 317.38, 3.76, 0.389, 316.04, 2.94, 0.011, 225.53, -31.52);
insert into SHOT values (1831, 1632, 1637, 35, 3.290, 263.64, 78.88, 3.292, 263.66, 78.90, 0.002, 64.94, 68.87);
insert into SHOT values (1832, 1632, 1638, 35, 2.610, 232.37, 60.45, 2.611, 232.24, 60.39, 0.004, 187.95, -7.00);
insert into SHOT values (1833, 1632, 1639, 35, 1.570, 238.75, 45.42, 1.573, 238.32, 45.40, 0.009, 165.80, 11.43);
insert into SHOT values (1834, 1632, 1640, 35, 3.620, 201.19, 44.96, 3.624, 201.26, 44.95, 0.005, 247.78, 24.90);
insert into SHOT values (1835, 1632, 1641, 35, 1.830, 218.66, 13.54, 1.830, 218.61, 13.59, 0.002, 117.15, 44.15);
insert into SHOT values (1836, 1632, 1642, 35, 0.910, 219.45, -9.34, 0.915, 219.16, -9.43, 0.007, 175.24, -19.17);
insert into SHOT values (1837, 1632, 1643, 35, 4.360, 218.47, 29.12, 4.365, 218.40, 29.06, 0.008, 183.35, -12.52);
insert into SHOT values (1838, 1632, 1644, 35, 3.210, 211.85, 28.11, 3.215, 211.90, 28.01, 0.008, 230.00, -17.60);
insert into SHOT values (1839, 1632, 1645, 35, 5.140, 210.29, 27.69, 5.143, 210.34, 27.69, 0.005, 270.10, 18.86);
insert into SHOT values (1840, 1632, 1646, 35, 0.810, 201.48, 30.71, 0.811, 201.80, 30.36, 0.006, 248.56, -34.32);
insert into SHOT values (1841, 1632, 1647, 35, 6.960, 206.20, 27.19, 6.967, 206.23, 27.16, 0.008, 232.28, -2.18);
insert into SHOT values (1842, 1632, 1648, 35, 5.370, 208.58, 28.21, 5.377, 208.62, 28.19, 0.008, 234.32, 11.66);
insert into SHOT values (1843, 1632, 1649, 35, 4.900, 219.33, -5.14, 4.902, 219.26, -5.15, 0.006, 148.76, -9.71);
insert into SHOT values (1844, 1632, 1650, 35, 4.180, 217.61, 14.36, 4.179, 217.58, 14.27, 0.007, 148.95, -69.62);
insert into SHOT values (1845, 1632, 1651, 35, 3.180, 221.26, 21.41, 3.178, 221.30, 21.60, 0.011, 23.65, 56.69);
insert into SHOT values (1846, 1632, 1651, 35, 3.180, 220.96, 21.43, 3.178, 221.30, 21.60, 0.020, 328.27, 24.20);
insert into SHOT values (1847, 1632, 1651, 35, 3.170, 221.52, 22.44, 3.178, 221.30, 21.60, 0.049, 196.50, -55.62);
insert into SHOT values (1848, 1651, 1652, 35, 1.230, 124.66, 12.06, 1.234, 124.88, 12.16, 0.007, 174.19, 26.78);
insert into SHOT values (1849, 1651, 1653, 35, 1.780, 152.06, 47.58, 1.786, 151.73, 47.64, 0.010, 84.14, 38.71);
insert into SHOT values (1850, 1651, 1654, 35, 5.150, 108.00, 77.83, 5.157, 108.10, 77.75, 0.010, 121.16, 33.39);
insert into SHOT values (1851, 1651, 1655, 35, 5.070, 171.52, 73.16, 5.079, 171.43, 73.10, 0.011, 154.91, 42.69);
insert into SHOT values (1852, 1651, 1656, 35, 5.510, 177.97, 61.10, 5.515, 177.85, 61.14, 0.008, 77.91, 46.86);
insert into SHOT values (1853, 1651, 1657, 35, 4.620, 180.54, 50.33, 4.623, 180.39, 50.35, 0.009, 96.48, 26.02);
insert into SHOT values (1854, 1651, 1658, 35, 4.080, 187.98, 32.61, 4.085, 187.85, 32.58, 0.010, 132.19, 7.20);
insert into SHOT values (1855, 1651, 1659, 35, 0.940, 312.17, 41.42, 0.942, 312.11, 41.95, 0.009, 142.89, 63.61);
insert into SHOT values (1856, 1651, 1660, 35, 1.750, 199.55, 14.13, 1.749, 199.29, 14.23, 0.008, 95.67, 19.37);
insert into SHOT values (1857, 1651, 1661, 35, 4.030, 191.61, -10.45, 4.026, 191.51, -10.45, 0.008, 74.72, 6.90);
insert into SHOT values (1858, 1651, 1662, 35, 7.440, 201.02, -18.56, 7.443, 201.00, -18.49, 0.010, 181.04, 52.27);
insert into SHOT values (1859, 1651, 1663, 35, 5.380, 203.76, -43.13, 5.378, 203.70, -43.03, 0.011, 163.16, 50.16);
insert into SHOT values (1860, 1651, 1664, 35, 6.330, 201.17, -53.71, 6.331, 201.09, -53.66, 0.007, 154.38, 17.35);
insert into SHOT values (1861, 1651, 1665, 35, 5.520, 198.51, -64.63, 5.516, 198.43, -64.53, 0.011, 173.29, 46.38);
insert into SHOT values (1862, 1651, 1666, 35, 3.680, 197.55, -76.00, 3.680, 197.62, -75.97, 0.002, 233.03, 19.55);
insert into SHOT values (1863, 1651, 1667, 35, 1.640, 112.41, -80.55, 1.633, 113.75, -80.37, 0.011, 171.72, 46.21);
insert into SHOT values (1864, 1651, 1668, 35, 1.110, 63.78, -52.89, 1.104, 64.20, -52.86, 0.008, 187.77, 41.17);
insert into SHOT values (1865, 1651, 1669, 35, 2.700, 52.92, 9.05, 2.704, 52.92, 9.15, 0.006, 49.62, 55.55);
insert into SHOT values (1866, 1651, 1670, 35, 2.740, 51.55, 25.99, 2.744, 51.59, 26.16, 0.009, 142.20, 78.36);
insert into SHOT values (1867, 1651, 1671, 35, 1.320, 86.75, -26.16, 1.325, 87.11, -25.96, 0.010, 135.20, 10.98);
insert into SHOT values (1868, 1651, 1672, 35, 4.540, 46.38, -23.34, 4.534, 46.46, -23.25, 0.011, 158.13, 54.61);
insert into SHOT values (1869, 1651, 1673, 35, 2.660, 42.37, -32.51, 2.649, 42.46, -32.41, 0.012, 193.22, 52.13);
insert into SHOT values (1870, 1651, 1674, 35, 0.890, 291.06, 46.08, 0.892, 291.10, 46.77, 0.011, 106.77, 54.41);
insert into SHOT values (1871, 1651, 1675, 35, 3.770, 158.54, 74.53, 3.778, 158.51, 74.49, 0.008, 152.98, 54.87);
insert into SHOT values (1872, 1651, 1676, 35, 3.900, 198.06, -48.33, 3.892, 197.95, -48.16, 0.015, 141.87, 64.94);
insert into SHOT values (1873, 1651, 1676, 35, 3.890, 198.05, -48.27, 3.892, 197.95, -48.16, 0.009, 164.42, 19.90);
insert into SHOT values (1874, 1651, 1676, 35, 3.890, 197.91, -48.28, 3.892, 197.95, -48.16, 0.009, 210.23, 24.44);
insert into SHOT values (1875, 1676, 1677, 35, 0.570, 286.48, 18.61, 0.573, 287.10, 18.31, 0.007, 343.55, -15.10);
insert into SHOT values (1876, 1676, 1678, 35, 1.490, 282.05, 62.19, 1.492, 282.44, 62.19, 0.005, 357.99, 23.24);
insert into SHOT values (1877, 1676, 1679, 35, 7.420, 214.04, 53.06, 7.415, 214.01, 53.11, 0.008, 50.12, -3.90);
insert into SHOT values (1878, 1676, 1680, 35, 3.380, 222.74, 48.66, 3.380, 222.64, 48.73, 0.006, 93.35, 23.73);
insert into SHOT values (1879, 1676, 1681, 35, 2.670, 172.57, 57.72, 2.671, 172.33, 57.81, 0.007, 54.76, 21.13);
insert into SHOT values (1880, 1676, 1682, 35, 1.060, 79.72, 46.66, 1.062, 79.77, 46.46, 0.004, 87.66, -12.57);
insert into SHOT values (1881, 1676, 1683, 35, 2.010, 212.95, -42.67, 2.007, 212.83, -42.66, 0.004, 87.52, 31.22);
insert into SHOT values (1882, 1676, 1684, 35, 1.940, 290.26, -73.88, 1.945, 290.81, -74.04, 0.009, 56.80, -44.65);
insert into SHOT values (1883, 1676, 1685, 35, 1.130, 2.02, -48.88, 1.134, 2.29, -48.55, 0.008, 27.44, 8.72);
insert into SHOT values (1884, 1676, 1686, 35, 2.090, 5.45, 3.50, 2.094, 5.49, 3.56, 0.005, 29.30, 32.25);
insert into SHOT values (1885, 1676, 1687, 35, 4.880, 19.33, 39.46, 4.883, 19.35, 39.41, 0.006, 31.34, -14.59);
insert into SHOT values (1886, 1676, 1688, 35, 5.250, 8.05, 60.46, 5.255, 7.97, 60.41, 0.008, 340.77, 17.99);
insert into SHOT values (1887, 1676, 1689, 35, 6.850, 85.49, 82.11, 6.845, 85.14, 82.08, 0.008, 23.22, -38.01);
insert into SHOT values (1888, 1676, 1690, 35, 3.060, 215.52, -14.92, 3.057, 215.63, -14.98, 0.007, 342.24, -17.16);
insert into SHOT values (1889, 1676, 1691, 35, 1.950, 234.31, -44.90, 1.949, 234.46, -45.08, 0.007, 17.53, -30.15);
insert into SHOT values (1890, 1676, 1692, 35, 3.070, 227.60, -50.61, 3.067, 227.71, -50.60, 0.005, 340.07, 33.91);
insert into SHOT values (1891, 1676, 1693, 35, 2.050, 229.09, -26.74, 2.041, 229.23, -26.79, 0.010, 21.88, 13.92);
insert into SHOT values (1892, 1676, 1694, 35, 2.050, 226.92, -26.27, 2.046, 226.99, -26.41, 0.007, 25.64, -23.33);
insert into SHOT values (1893, 1676, 1695, 35, 2.050, 228.94, -26.44, 2.048, 228.31, -26.38, 0.020, 135.49, 7.90);
insert into SHOT values (1894, 1676, 1695, 35, 2.050, 228.81, -26.26, 2.048, 228.31, -26.38, 0.017, 124.57, -10.35);
insert into SHOT values (1895, 1676, 1695, 35, 2.050, 227.15, -25.82, 2.048, 228.31, -26.38, 0.043, 333.93, -23.75);
insert into SHOT values (1896, 1695, 1696, 35, 0.890, 108.50, 6.69, 0.892, 108.43, 7.08, 0.007, 74.62, 74.07);
insert into SHOT values (1897, 1695, 1697, 35, 2.260, 61.33, 8.48, 2.259, 61.37, 8.66, 0.007, 207.19, 68.05);
insert into SHOT values (1898, 1695, 1698, 35, 2.150, 49.98, -11.38, 2.149, 49.81, -11.27, 0.008, 318.07, 34.29);
insert into SHOT values (1899, 1695, 1699, 35, 1.470, 64.87, -40.94, 1.464, 64.83, -40.98, 0.006, 253.56, 30.30);
insert into SHOT values (1900, 1695, 1700, 35, 1.430, 151.33, -75.26, 1.427, 152.02, -75.29, 0.005, 260.43, 32.46);
insert into SHOT values (1901, 1695, 1701, 35, 2.140, 187.60, -71.64, 2.140, 187.65, -71.58, 0.002, 204.67, 27.63);
insert into SHOT values (1902, 1695, 1702, 35, 2.780, 185.96, -48.16, 2.776, 185.90, -48.22, 0.005, 30.20, 12.55);
insert into SHOT values (1903, 1695, 1703, 35, 1.360, 185.23, -16.73, 1.363, 185.27, -16.63, 0.004, 203.15, 24.66);
insert into SHOT values (1904, 1695, 1704, 35, 2.020, 185.28, -0.69, 2.019, 185.40, -0.57, 0.006, 287.27, 45.03);
insert into SHOT values (1905, 1695, 1705, 35, 3.990, 189.50, 26.70, 3.997, 189.52, 26.76, 0.009, 201.18, 57.22);
insert into SHOT values (1906, 1695, 1706, 35, 5.070, 182.63, 56.32, 5.072, 182.65, 56.31, 0.002, 215.72, 30.87);
insert into SHOT values (1907, 1695, 1707, 35, 6.030, 156.59, 77.81, 6.036, 156.86, 77.83, 0.009, 255.24, 44.44);
insert into SHOT values (1908, 1695, 1708, 35, 3.150, 159.45, 72.30, 3.150, 159.30, 72.22, 0.005, 130.27, -10.00);
insert into SHOT values (1909, 1695, 1709, 35, 3.560, 180.51, 46.35, 3.565, 180.47, 46.36, 0.005, 146.25, 50.52);
insert into SHOT values (1910, 1695, 1710, 35, 0.670, 139.66, 39.45, 0.668, 139.76, 40.09, 0.008, 311.54, 33.18);
insert into SHOT values (1911, 1695, 1711, 35, 0.600, 211.20, 58.31, 0.599, 210.65, 58.39, 0.003, 96.86, -9.31);
insert into SHOT values (1912, 1695, 1712, 35, 1.590, 71.68, 0.74, 1.591, 71.68, 0.72, 0.001, 69.51, -35.07);
insert into SHOT values (1913, 1695, 1713, 35, 2.870, 179.96, -3.85, 2.865, 180.00, -3.40, 0.023, 330.42, 79.89);
insert into SHOT values (1914, 1695, 1713, 35, 2.860, 179.86, -3.06, 2.865, 180.00, -3.40, 0.019, 239.65, -64.98);
insert into SHOT values (1915, 1695, 1713, 35, 2.860, 180.04, -3.41, 2.865, 180.00, -3.40, 0.005, 158.52, 1.21);
insert into SHOT values (1916, 1713, 1714, 35, 0.820, 302.96, -15.03, 0.815, 303.08, -14.93, 0.005, 100.88, 30.09);
insert into SHOT values (1917, 1713, 1715, 35, 2.980, 234.26, -56.21, 2.973, 234.10, -56.19, 0.009, 110.42, 49.97);
insert into SHOT values (1918, 1713, 1716, 35, 3.010, 226.15, -33.73, 3.004, 226.14, -33.78, 0.007, 51.32, 11.65);
insert into SHOT values (1919, 1713, 1717, 35, 0.720, 14.43, 15.83, 0.720, 14.24, 16.14, 0.005, 252.17, 52.60);
insert into SHOT values (1920, 1713, 1718, 35, 2.950, 355.13, -37.29, 2.953, 355.11, -37.31, 0.003, 333.51, -58.35);
insert into SHOT values (1921, 1713, 1719, 35, 3.080, 359.43, -9.05, 3.078, 359.43, -8.97, 0.005, 170.25, 71.11);
insert into SHOT values (1922, 1713, 1720, 35, 0.890, 331.53, 18.51, 0.887, 331.61, 18.41, 0.004, 129.33, -40.43);
insert into SHOT values (1923, 1713, 1721, 35, 0.700, 17.43, 18.42, 0.706, 17.35, 18.16, 0.007, 9.50, -10.42);
insert into SHOT values (1924, 1713, 1722, 35, 1.650, 1.27, 50.78, 1.656, 1.09, 50.63, 0.008, 335.84, 12.60);
insert into SHOT values (1925, 1713, 1723, 35, 2.510, 328.26, 67.58, 2.511, 328.63, 67.51, 0.007, 31.51, -2.30);
insert into SHOT values (1926, 1713, 1724, 35, 0.580, 287.88, -36.05, 0.576, 288.82, -36.18, 0.009, 46.20, 8.65);
insert into SHOT values (1927, 1713, 1725, 35, 1.110, 242.03, -84.13, 1.106, 243.43, -84.20, 0.005, 4.61, 52.11);
insert into SHOT values (1928, 1713, 1726, 35, 2.770, 220.37, -74.14, 2.764, 220.68, -74.22, 0.008, 2.80, 33.98);
insert into SHOT values (1929, 1713, 1727, 35, 4.030, 238.13, -17.14, 4.026, 238.17, -17.04, 0.008, 8.07, 66.43);
insert into SHOT values (1930, 1713, 1727, 35, 4.030, 238.21, -17.16, 4.026, 238.17, -17.04, 0.010, 116.52, 69.89);
insert into SHOT values (1931, 1713, 1727, 35, 4.030, 238.26, -17.09, 4.026, 238.17, -17.04, 0.008, 120.93, 31.83);
insert into SHOT values (1932, 1727, 1728, 35, 0.340, 165.86, 27.43, 0.334, 166.43, 26.69, 0.008, 305.27, -55.48);
insert into SHOT values (1933, 1727, 1729, 35, 1.410, 2.42, 7.48, 1.413, 2.45, 7.32, 0.005, 16.64, -46.38);
insert into SHOT values (1934, 1727, 1730, 35, 1.950, 352.71, -56.01, 1.952, 352.61, -56.09, 0.004, 231.43, -56.16);
insert into SHOT values (1935, 1727, 1731, 35, 4.750, 300.55, -51.95, 4.757, 300.59, -52.02, 0.010, 33.48, -76.51);
insert into SHOT values (1936, 1727, 1732, 35, 2.350, 272.25, -45.96, 2.349, 272.46, -46.01, 0.006, 21.98, -6.24);
insert into SHOT values (1937, 1727, 1733, 35, 4.650, 262.75, 47.39, 4.646, 262.87, 47.41, 0.008, 21.72, -16.36);
insert into SHOT values (1938, 1727, 1734, 35, 1.270, 252.72, 7.94, 1.267, 252.86, 7.71, 0.007, 16.18, -55.20);
insert into SHOT values (1939, 1727, 1735, 35, 5.110, 236.85, -26.20, 5.109, 236.93, -26.25, 0.008, 350.15, -28.04);
insert into SHOT values (1940, 1727, 1736, 35, 4.930, 242.53, -37.18, 4.933, 242.59, -37.16, 0.005, 291.00, -7.52);
insert into SHOT values (1941, 1727, 1737, 35, 5.080, 247.98, -47.94, 5.088, 248.10, -47.98, 0.011, 319.27, -46.94);
insert into SHOT values (1942, 1727, 1738, 35, 3.670, 244.91, -62.24, 3.672, 245.08, -62.26, 0.006, 338.39, -24.67);
insert into SHOT values (1943, 1727, 1739, 35, 1.820, 48.42, -20.00, 1.826, 48.31, -20.18, 0.009, 7.89, -56.28);
insert into SHOT values (1944, 1727, 1740, 35, 2.070, 53.96, -12.17, 2.066, 53.87, -12.30, 0.007, 265.26, -30.18);
insert into SHOT values (1945, 1727, 1741, 35, 7.080, 46.53, 48.81, 7.073, 46.48, 48.78, 0.009, 300.66, -60.79);
insert into SHOT values (1946, 1727, 1742, 35, 0.890, 67.00, 15.44, 0.890, 66.71, 14.97, 0.008, 3.79, -55.29);
insert into SHOT values (1947, 1727, 1743, 35, 1.860, 303.13, 6.77, 1.862, 303.09, 6.48, 0.010, 279.18, -70.51);
insert into SHOT values (1948, 1727, 1744, 35, 1.100, 280.66, 14.24, 1.102, 280.78, 14.18, 0.004, 321.59, -9.35);
insert into SHOT values (1949, 1727, 1745, 35, 1.880, 262.08, -7.53, 1.883, 262.30, -7.63, 0.009, 329.64, -24.72);
insert into SHOT values (1950, 1727, 1746, 35, 2.700, 282.19, -20.09, 2.703, 282.28, -20.12, 0.005, 342.33, -28.09);
insert into SHOT values (1951, 1727, 1747, 35, 3.870, 266.31, -24.03, 3.874, 266.43, -24.07, 0.009, 339.94, -27.12);
insert into SHOT values (1952, 1727, 1748, 35, 2.010, 238.99, -32.67, 2.012, 239.04, -32.81, 0.005, 6.02, -71.13);
insert into SHOT values (1953, 1727, 1749, 35, 3.770, 246.25, -54.27, 3.779, 246.46, -54.33, 0.013, 323.73, -49.25);
insert into SHOT values (1954, 1727, 1750, 35, 3.250, 252.57, -40.79, 3.255, 252.81, -40.64, 0.015, 299.67, 12.61);
insert into SHOT values (1955, 1727, 1750, 35, 3.250, 252.69, -40.67, 3.255, 252.81, -40.64, 0.008, 297.63, -14.82);
insert into SHOT values (1956, 1727, 1750, 35, 3.250, 252.71, -40.29, 3.255, 252.81, -40.64, 0.021, 45.94, -62.00);
insert into SHOT values (1957, 1750, 1751, 35, 2.120, 199.15, -78.25, 2.115, 198.85, -78.18, 0.006, 143.21, 64.09);
insert into SHOT values (1958, 1750, 1752, 35, 1.300, 277.18, -72.22, 1.301, 277.31, -72.41, 0.004, 84.32, -28.36);
insert into SHOT values (1959, 1750, 1753, 35, 2.790, 257.28, 68.79, 2.788, 256.79, 68.84, 0.009, 149.22, -6.37);
insert into SHOT values (1960, 1750, 1754, 35, 3.030, 222.90, 59.77, 3.033, 222.88, 59.74, 0.004, 211.83, 34.92);
insert into SHOT values (1961, 1750, 1755, 35, 2.450, 228.30, 24.86, 2.451, 228.28, 24.85, 0.001, 191.25, 0.65);
insert into SHOT values (1962, 1750, 1756, 35, 1.880, 221.82, -9.06, 1.887, 221.74, -9.15, 0.008, 197.86, -30.40);
insert into SHOT values (1963, 1750, 1757, 35, 2.800, 209.46, 4.19, 2.797, 209.41, 4.31, 0.007, 67.04, 55.71);
insert into SHOT values (1964, 1750, 1758, 35, 5.450, 214.04, 49.84, 5.459, 214.01, 49.81, 0.009, 198.53, 31.75);
insert into SHOT values (1965, 1750, 1759, 35, 5.470, 300.44, 81.29, 5.473, 300.61, 81.33, 0.005, 85.42, 36.44);
insert into SHOT values (1966, 1750, 1760, 35, 4.620, 258.46, 73.59, 4.619, 258.52, 73.57, 0.002, 312.83, -47.94);
insert into SHOT values (1967, 1750, 1761, 35, 2.050, 5.29, 69.80, 2.045, 5.71, 69.88, 0.008, 135.65, -29.99);
insert into SHOT values (1968, 1750, 1762, 35, 1.230, 345.82, 26.77, 1.224, 345.71, 26.69, 0.006, 191.78, -39.77);
insert into SHOT values (1969, 1750, 1763, 35, 2.120, 33.20, 28.21, 2.120, 33.44, 28.14, 0.008, 114.64, -15.38);
insert into SHOT values (1970, 1750, 1764, 35, 3.260, 63.90, 19.39, 3.257, 63.94, 19.37, 0.004, 208.03, -35.52);
insert into SHOT values (1971, 1750, 1765, 35, 2.150, 76.47, 17.36, 2.154, 76.50, 17.28, 0.005, 91.05, -17.12);
insert into SHOT values (1972, 1750, 1766, 35, 1.080, 98.78, 16.97, 1.081, 98.91, 17.22, 0.005, 200.50, 62.55);
insert into SHOT values (1973, 1750, 1767, 35, 0.990, 107.50, 33.28, 0.989, 107.56, 33.09, 0.003, 149.33, -68.05);
insert into SHOT values (1974, 1750, 1768, 35, 1.620, 111.71, 59.61, 1.623, 112.19, 59.62, 0.007, 191.55, 20.29);
insert into SHOT values (1975, 1750, 1769, 35, 2.280, 68.60, 55.35, 2.285, 68.77, 55.38, 0.006, 134.48, 45.67);
insert into SHOT values (1976, 1750, 1770, 35, 4.930, 53.75, 45.36, 4.936, 53.79, 45.33, 0.007, 75.47, 17.79);
insert into SHOT values (1977, 1750, 1771, 35, 2.600, 44.75, 43.02, 2.598, 44.79, 42.94, 0.004, 89.73, -65.76);
insert into SHOT values (1978, 1750, 1772, 35, 3.790, 32.63, 65.68, 3.785, 32.67, 65.72, 0.006, 199.88, -37.53);
insert into SHOT values (1979, 1750, 1773, 35, 5.170, 290.33, 80.34, 5.173, 290.32, 80.39, 0.005, 111.91, 41.30);
insert into SHOT values (1980, 1750, 1774, 35, 1.470, 40.87, -81.94, 1.464, 43.03, -81.95, 0.010, 138.77, 35.12);
insert into SHOT values (1981, 1750, 1775, 35, 1.910, 224.80, -65.56, 1.909, 224.48, -65.72, 0.007, 83.87, -9.46);
insert into SHOT values (1982, 1750, 1776, 35, 2.950, 196.52, -57.98, 2.948, 196.35, -57.98, 0.005, 95.18, 14.04);
insert into SHOT values (1983, 1750, 1777, 35, 5.910, 206.55, -60.80, 5.912, 206.57, -60.79, 0.002, 237.23, -34.76);
insert into SHOT values (1984, 1750, 1778, 35, 4.570, 205.68, -49.75, 4.571, 205.70, -49.77, 0.002, 339.42, -59.12);
insert into SHOT values (1985, 1750, 1779, 35, 1.780, 61.44, -47.81, 1.780, 61.50, -47.85, 0.002, 178.81, -37.49);
insert into SHOT values (1986, 1750, 1780, 35, 4.750, 208.94, 39.04, 4.743, 209.30, 39.54, 0.048, 353.00, 35.86);
insert into SHOT values (1987, 1750, 1780, 35, 4.740, 209.97, 40.42, 4.743, 209.30, 39.54, 0.084, 168.78, -39.31);
insert into SHOT values (1988, 1750, 1780, 35, 4.750, 209.30, 39.26, 4.743, 209.30, 39.54, 0.024, 29.66, 35.08);
insert into SHOT values (1989, 1780, 1781, 35, 3.230, 32.53, -14.96, 3.224, 32.41, -14.92, 0.009, 263.30, 25.20);
insert into SHOT values (1990, 1780, 1782, 35, 6.370, 29.35, -42.83, 6.369, 29.36, -42.84, 0.002, 172.71, 13.90);
insert into SHOT values (1991, 1780, 1783, 35, 6.010, 24.92, -55.57, 6.003, 24.90, -55.55, 0.008, 226.60, 71.14);
insert into SHOT values (1992, 1780, 1784, 35, 0.210, 29.91, -68.66, 0.205, 23.20, -68.16, 0.011, 294.88, 32.09);
insert into SHOT values (1993, 1780, 1785, 35, 3.810, 7.99, -78.39, 3.808, 7.50, -78.39, 0.007, 275.95, 17.20);
insert into SHOT values (1994, 1780, 1786, 35, 3.340, 358.32, 77.57, 3.348, 358.41, 77.58, 0.008, 37.87, 78.05);
insert into SHOT values (1995, 1780, 1787, 35, 3.110, 298.42, 59.06, 3.114, 298.32, 59.04, 0.005, 254.95, 33.27);
insert into SHOT values (1996, 1780, 1788, 35, 4.160, 39.49, 68.36, 4.161, 39.42, 68.46, 0.008, 235.02, 25.09);
insert into SHOT values (1997, 1780, 1789, 35, 1.160, 337.93, 17.87, 1.160, 337.62, 18.07, 0.007, 238.74, 33.77);
insert into SHOT values (1998, 1780, 1790, 35, 0.340, 174.42, 55.81, 0.347, 176.99, 56.73, 0.012, 271.03, 45.60);
insert into SHOT values (1999, 1780, 1791, 35, 0.910, 328.24, -28.84, 0.908, 328.30, -28.28, 0.009, 349.35, 75.78);
insert into SHOT values (2000, 1780, 1792, 35, 2.230, 276.76, -16.35, 2.232, 276.69, -16.12, 0.009, 249.61, 55.17);
insert into SHOT values (2001, 1780, 1793, 35, 1.150, 275.20, -2.41, 1.155, 274.97, -1.98, 0.011, 234.26, 49.73);
insert into SHOT values (2002, 1780, 1794, 35, 3.360, 292.58, -5.65, 3.361, 292.50, -5.63, 0.005, 214.17, 9.64);
insert into SHOT values (2003, 1780, 1795, 35, 4.210, 285.29, -27.05, 4.211, 285.30, -26.97, 0.006, 291.00, 52.72);
insert into SHOT values (2004, 1780, 1796, 35, 4.380, 275.60, -37.94, 4.380, 275.64, -37.89, 0.005, 323.28, 39.31);
insert into SHOT values (2005, 1780, 1797, 35, 12.520, 269.68, -42.58, 12.520, 269.69, -42.57, 0.002, 319.95, 33.15);
insert into SHOT values (2006, 1780, 1798, 35, 2.070, 276.32, -48.93, 2.075, 276.29, -48.75, 0.008, 272.03, 4.05);
insert into SHOT values (2007, 1780, 1799, 35, 2.190, 282.86, -51.22, 2.185, 282.62, -51.07, 0.009, 207.37, 50.50);
insert into SHOT values (2008, 1780, 1800, 35, 2.590, 295.80, -20.86, 2.589, 295.72, -20.82, 0.004, 196.85, 32.79);
insert into SHOT values (2009, 1780, 1801, 35, 4.210, 283.95, -26.02, 4.214, 283.89, -25.89, 0.011, 256.11, 38.74);
insert into SHOT values (2010, 1780, 1802, 35, 4.750, 272.91, -43.73, 4.756, 272.84, -43.77, 0.008, 205.75, -54.05);
insert into SHOT values (2011, 1780, 1802, 35, 4.760, 272.73, -43.85, 4.756, 272.84, -43.77, 0.010, 349.60, 48.98);
insert into SHOT values (2012, 1780, 1802, 35, 4.760, 272.91, -43.81, 4.756, 272.84, -43.77, 0.007, 172.54, 49.62);
insert into SHOT values (2013, 1802, 1803, 35, 0.230, 332.12, -15.81, 0.236, 331.19, -14.73, 0.008, 303.95, 18.73);
insert into SHOT values (2014, 1802, 1804, 35, 0.200, 169.95, -13.47, 0.196, 171.03, -11.75, 0.008, 291.01, 57.34);
insert into SHOT values (2015, 1802, 1805, 35, 1.140, 127.17, -64.99, 1.136, 127.35, -65.10, 0.005, 286.43, 36.33);
insert into SHOT values (2016, 1802, 1806, 35, 1.530, 113.27, -4.11, 1.527, 113.20, -4.13, 0.003, 326.37, -5.63);
insert into SHOT values (2017, 1802, 1807, 35, 1.770, 105.47, 26.66, 1.768, 105.45, 26.90, 0.008, 293.10, 49.82);
insert into SHOT values (2018, 1802, 1808, 35, 2.300, 100.85, 58.72, 2.302, 100.65, 58.85, 0.007, 329.20, 37.78);
insert into SHOT values (2019, 1802, 1809, 35, 5.510, 33.31, 77.60, 5.509, 33.29, 77.59, 0.002, 10.83, -50.32);
insert into SHOT values (2020, 1802, 1810, 35, 4.530, 268.46, 76.15, 4.533, 268.42, 76.08, 0.006, 261.87, 15.73);
insert into SHOT values (2021, 1802, 1811, 35, 4.180, 253.03, 65.69, 4.182, 253.14, 65.65, 0.005, 298.57, 7.68);
insert into SHOT values (2022, 1802, 1812, 35, 2.170, 51.60, -12.08, 2.168, 51.51, -11.98, 0.005, 303.49, 49.36);
insert into SHOT values (2023, 1802, 1813, 35, 2.580, 47.94, -13.63, 2.580, 47.91, -13.68, 0.003, 281.27, -51.79);
insert into SHOT values (2024, 1802, 1814, 35, 3.410, 49.88, -13.19, 3.412, 49.89, -13.22, 0.002, 63.09, -55.25);
insert into SHOT values (2025, 1802, 1815, 35, 4.170, 57.30, -37.72, 4.165, 57.28, -37.76, 0.006, 250.87, 11.36);
insert into SHOT values (2026, 1802, 1816, 35, 3.990, 56.76, -54.98, 3.991, 56.59, -55.02, 0.007, 314.02, -18.66);
insert into SHOT values (2027, 1802, 1817, 35, 2.270, 281.01, -82.99, 2.267, 280.49, -83.04, 0.005, 146.33, 40.94);
insert into SHOT values (2028, 1802, 1818, 35, 2.260, 288.64, -82.18, 2.261, 289.03, -82.20, 0.002, 38.57, -24.85);
insert into SHOT values (2029, 1818, 1819, 35, 2.270, 278.16, -81.03, 2.268, 278.13, -81.03, 0.002, 124.12, 79.34);
insert into SHOT values (2030, 1818, 1820, 35, 1.390, 183.59, 34.28, 1.397, 183.98, 34.42, 0.011, 245.38, 38.61);
insert into SHOT values (2031, 1818, 1821, 35, 0.250, 307.14, 21.12, 0.253, 306.38, 20.87, 0.004, 258.92, -1.11);
insert into SHOT values (2032, 1818, 1822, 35, 0.660, 208.42, -74.14, 0.656, 209.36, -73.75, 0.007, 251.78, 48.09);
insert into SHOT values (2033, 1818, 1823, 35, 4.390, 219.37, -73.98, 4.391, 219.32, -73.94, 0.004, 203.73, -7.39);
insert into SHOT values (2034, 1818, 1824, 35, 3.180, 214.57, -80.83, 3.181, 214.62, -80.77, 0.004, 222.17, -9.97);
insert into SHOT values (2035, 1818, 1825, 35, 4.160, 213.81, -81.46, 4.148, 212.68, -81.27, 0.022, 167.36, 39.01);
insert into SHOT values (2036, 1818, 1825, 35, 4.150, 209.48, -81.17, 4.148, 212.68, -81.27, 0.036, 312.82, 1.29);
insert into SHOT values (2037, 1818, 1825, 35, 4.150, 214.57, -81.34, 4.148, 212.68, -81.27, 0.021, 136.73, 7.21);
insert into SHOT values (2038, 1825, 1826, 35, 0.930, 288.72, -9.03, 0.932, 289.03, -9.26, 0.007, 358.74, -37.69);
insert into SHOT values (2039, 1825, 1827, 35, 0.990, 206.19, 11.00, 0.989, 206.30, 11.08, 0.003, 331.84, 25.40);
insert into SHOT values (2040, 1825, 1828, 35, 1.270, 150.12, 21.17, 1.273, 150.20, 21.18, 0.003, 179.93, 23.40);
insert into SHOT values (2041, 1825, 1829, 35, 0.820, 88.96, 29.33, 0.815, 89.19, 29.39, 0.006, 238.04, -16.53);
insert into SHOT values (2042, 1825, 1830, 35, 0.870, 247.03, -46.97, 0.875, 247.31, -47.03, 0.006, 296.29, -46.76);
insert into SHOT values (2043, 1825, 1831, 35, 1.260, 65.01, -28.45, 1.257, 64.83, -28.50, 0.005, 295.72, 3.17);
insert into SHOT values (2044, 1825, 1832, 35, 1.360, 183.30, 49.83, 1.357, 183.29, 50.04, 0.006, 4.90, 7.58);
insert into SHOT values (2045, 1825, 1833, 35, 1.720, 165.42, 42.71, 1.714, 165.30, 42.61, 0.008, 30.42, -61.24);
insert into SHOT values (2046, 1825, 1834, 35, 2.720, 181.71, 32.25, 2.720, 181.74, 32.22, 0.002, 244.55, -43.65);
insert into SHOT values (2047, 1825, 1835, 35, 2.180, 189.38, 14.01, 2.184, 189.51, 14.04, 0.007, 239.30, 20.09);
insert into SHOT values (2048, 1825, 1836, 35, 3.090, 185.09, -7.64, 3.105, 184.66, -7.22, 0.036, 131.94, 35.49);
insert into SHOT values (2049, 1825, 1836, 35, 3.110, 184.48, -6.86, 3.105, 184.66, -7.22, 0.022, 313.29, -56.84);
insert into SHOT values (2050, 1825, 1836, 35, 3.110, 184.55, -6.80, 3.105, 184.66, -7.22, 0.024, 329.10, -65.81);
insert into SHOT values (2051, 1836, 1837, 35, 3.090, 358.95, -47.37, 3.086, 358.90, -47.36, 0.005, 214.68, 49.89);
insert into SHOT values (2052, 1836, 1838, 35, 2.180, 17.98, -67.81, 2.174, 17.56, -67.60, 0.012, 328.84, 46.78);
insert into SHOT values (2053, 1836, 1839, 35, 0.750, 324.96, -78.66, 0.745, 323.13, -78.39, 0.008, 262.05, 44.88);
insert into SHOT values (2054, 1836, 1840, 35, 1.030, 252.97, -20.39, 1.032, 253.24, -19.82, 0.012, 291.87, 50.12);
insert into SHOT values (2055, 1836, 1841, 35, 1.410, 264.31, 8.04, 1.411, 264.25, 8.15, 0.003, 205.07, 58.03);
insert into SHOT values (2056, 1836, 1842, 35, 1.240, 312.75, 14.35, 1.249, 312.66, 14.37, 0.009, 300.09, 16.42);
insert into SHOT values (2057, 1836, 1843, 35, 1.650, 314.71, 62.29, 1.660, 314.47, 62.33, 0.010, 272.77, 62.81);
insert into SHOT values (2058, 1836, 1844, 35, 3.080, 337.03, 72.47, 3.085, 336.72, 72.34, 0.010, 306.30, 17.09);
insert into SHOT values (2059, 1836, 1845, 35, 6.500, 353.84, 70.12, 6.508, 353.77, 70.12, 0.008, 310.74, 63.16);
insert into SHOT values (2060, 1836, 1846, 35, 3.080, 278.64, 16.21, 3.087, 278.73, 16.18, 0.008, 313.49, 1.32);
insert into SHOT values (2061, 1836, 1847, 35, 3.190, 252.38, 23.46, 3.189, 252.49, 23.47, 0.006, 350.42, 0.32);
insert into SHOT values (2062, 1836, 1848, 35, 6.110, 260.18, 40.24, 6.114, 260.26, 40.24, 0.008, 321.84, 23.31);
insert into SHOT values (2063, 1836, 1849, 35, 5.700, 262.52, 26.33, 5.705, 262.58, 26.33, 0.007, 316.29, 14.61);
insert into SHOT values (2064, 1836, 1850, 35, 5.040, 269.01, 25.68, 5.050, 268.99, 25.70, 0.010, 259.84, 34.58);
insert into SHOT values (2065, 1836, 1851, 35, 5.490, 266.81, 9.79, 5.499, 266.83, 9.84, 0.011, 277.21, 37.72);
insert into SHOT values (2066, 1836, 1852, 35, 2.280, 282.63, 3.00, 2.289, 282.64, 3.01, 0.009, 284.67, 4.54);
insert into SHOT values (2067, 1836, 1853, 35, 4.370, 270.85, 21.69, 4.372, 270.85, 21.75, 0.005, 148.73, 86.76);
insert into SHOT values (2068, 1836, 1854, 35, 4.370, 271.04, 21.84, 4.376, 271.13, 21.87, 0.009, 325.88, 29.12);
insert into SHOT values (2069, 1836, 1855, 35, 4.370, 272.77, 23.07, 4.377, 272.85, 23.14, 0.010, 323.75, 47.04);
insert into SHOT values (2070, 1855, 1856, 35, 2.000, 206.44, 48.82, 1.998, 206.57, 48.67, 0.006, 256.35, -54.57);
insert into SHOT values (2071, 1855, 1857, 35, 6.260, 187.66, 73.05, 6.253, 187.55, 73.02, 0.009, 111.16, -66.53);
insert into SHOT values (2072, 1855, 1858, 35, 4.040, 137.99, 82.40, 4.036, 138.01, 82.34, 0.006, 141.19, -49.63);
insert into SHOT values (2073, 1855, 1859, 35, 3.600, 227.38, 66.44, 3.602, 227.25, 66.37, 0.006, 191.34, 0.88);
insert into SHOT values (2074, 1855, 1860, 35, 3.380, 246.88, 40.49, 3.374, 246.83, 40.47, 0.006, 99.02, -48.46);
insert into SHOT values (2075, 1855, 1861, 35, 1.120, 237.47, 5.50, 1.120, 237.45, 5.12, 0.007, 187.27, -86.05);
insert into SHOT values (2076, 1855, 1862, 35, 4.350, 330.85, -71.39, 4.357, 330.66, -71.42, 0.009, 238.10, -58.90);
insert into SHOT values (2077, 1855, 1863, 35, 2.350, 69.91, -59.45, 2.354, 69.89, -59.56, 0.006, 260.57, -73.61);
insert into SHOT values (2078, 1855, 1864, 35, 0.930, 287.87, -63.85, 0.934, 287.10, -64.09, 0.008, 179.03, -41.96);
insert into SHOT values (2079, 1855, 1865, 35, 0.630, 172.13, -12.19, 0.631, 172.53, -12.82, 0.008, 269.94, -58.23);
insert into SHOT values (2080, 1855, 1866, 35, 0.400, 317.43, 11.24, 0.402, 317.05, 10.02, 0.009, 283.11, -59.37);
insert into SHOT values (2081, 1855, 1867, 35, 0.570, 327.58, 59.35, 0.569, 326.31, 59.52, 0.007, 218.52, -3.13);
insert into SHOT values (2082, 1855, 1868, 35, 2.090, 359.06, 81.72, 2.082, 0.00, 81.71, 0.010, 100.80, -58.53);
insert into SHOT values (2083, 1855, 1869, 35, 1.080, 167.48, 44.28, 1.081, 167.39, 43.92, 0.007, 155.28, -35.20);
insert into SHOT values (2084, 1855, 1870, 35, 3.090, 252.14, 26.36, 3.085, 252.09, 26.37, 0.006, 99.24, -20.41);
insert into SHOT values (2085, 1855, 1870, 35, 3.080, 252.16, 26.49, 3.085, 252.09, 26.37, 0.009, 227.20, -25.29);
insert into SHOT values (2086, 1855, 1870, 35, 3.100, 252.11, 26.55, 3.085, 252.09, 26.37, 0.018, 78.29, -59.54);
insert into SHOT values (2087, 1870, 1871, 35, 0.270, 172.63, 3.52, 0.272, 173.66, 4.21, 0.006, 239.09, 32.73);
insert into SHOT values (2088, 1870, 1872, 35, 2.320, 178.92, 74.53, 2.324, 179.08, 74.53, 0.005, 232.27, 62.57);
insert into SHOT values (2089, 1870, 1873, 35, 0.360, 179.09, 46.77, 0.368, 180.00, 47.20, 0.009, 228.56, 55.85);
insert into SHOT values (2090, 1870, 1874, 35, 0.470, 164.32, -63.29, 0.472, 166.61, -62.80, 0.010, 227.03, -0.90);
insert into SHOT values (2091, 1870, 1875, 35, 0.290, 75.22, -78.12, 0.285, 78.69, -79.68, 0.010, 235.90, 22.10);
insert into SHOT values (2092, 1870, 1876, 35, 1.440, 34.19, -89.15, 1.440, 26.57, -89.11, 0.003, 319.30, -2.95);
insert into SHOT values (2093, 1870, 1877, 35, 2.640, 6.72, -79.92, 2.641, 6.20, -79.91, 0.004, 285.30, -10.08);
insert into SHOT values (2094, 1870, 1878, 35, 12.460, 307.55, -77.17, 12.461, 307.37, -77.17, 0.009, 225.48, -6.92);
insert into SHOT values (2095, 1870, 1879, 35, 1.290, 268.28, -65.80, 1.285, 267.84, -65.61, 0.008, 199.20, 56.62);
insert into SHOT values (2096, 1870, 1880, 35, 1.990, 244.78, -7.38, 1.993, 244.86, -7.21, 0.007, 281.12, 50.12);
insert into SHOT values (2097, 1870, 1881, 35, 2.010, 254.67, -12.17, 2.014, 254.69, -12.04, 0.006, 263.91, 36.15);
insert into SHOT values (2098, 1870, 1882, 35, 1.720, 261.61, -24.20, 1.729, 261.61, -24.24, 0.009, 262.19, -31.60);
insert into SHOT values (2099, 1870, 1882, 35, 1.730, 261.55, -24.38, 1.729, 261.61, -24.24, 0.005, 318.42, 63.33);
insert into SHOT values (2100, 1870, 1882, 35, 1.730, 261.95, -25.03, 1.729, 261.61, -24.24, 0.026, 217.05, 59.09);
insert into SHOT values (2101, 1882, 1883, 35, 4.550, 235.23, 53.98, 4.544, 235.24, 54.08, 0.010, 53.38, -0.54);
insert into SHOT values (2102, 1882, 1884, 35, 4.490, 150.91, 77.10, 4.483, 150.61, 77.13, 0.009, 24.04, -45.71);
insert into SHOT values (2103, 1882, 1885, 35, 1.010, 157.64, 41.11, 1.005, 157.50, 41.06, 0.006, 7.61, -47.05);
insert into SHOT values (2104, 1882, 1886, 35, 1.110, 40.57, 75.06, 1.109, 40.82, 74.80, 0.005, 55.95, -27.86);
insert into SHOT values (2105, 1882, 1887, 35, 0.810, 66.21, 29.23, 0.812, 65.96, 28.72, 0.008, 33.36, -43.56);
insert into SHOT values (2106, 1882, 1888, 35, 1.130, 111.19, 17.80, 1.135, 111.11, 17.43, 0.009, 99.14, -38.12);
insert into SHOT values (2107, 1882, 1889, 35, 1.010, 131.56, 25.09, 1.016, 131.48, 25.03, 0.007, 119.78, 15.00);
insert into SHOT values (2108, 1882, 1890, 35, 1.740, 80.69, 75.40, 1.738, 80.96, 75.15, 0.008, 97.58, -27.78);
insert into SHOT values (2109, 1882, 1891, 35, 1.100, 143.56, -0.31, 1.100, 143.13, -0.52, 0.009, 53.46, -26.13);
insert into SHOT values (2110, 1882, 1892, 35, 12.330, 292.27, -81.34, 12.332, 291.86, -81.61, 0.060, 124.94, -10.22);
insert into SHOT values (2111, 1882, 1892, 35, 12.340, 291.21, -81.77, 12.332, 291.86, -81.61, 0.041, 323.10, 18.47);
insert into SHOT values (2112, 1882, 1892, 35, 12.330, 292.41, -81.73, 12.332, 291.86, -81.61, 0.031, 258.62, 3.29);
insert into SHOT values (2113, 1892, 1893, 35, 2.350, 239.44, 9.40, 2.340, 239.55, 9.35, 0.012, 36.08, -19.33);
insert into SHOT values (2114, 1892, 1894, 35, 2.260, 211.00, 10.11, 2.250, 210.96, 9.98, 0.011, 39.71, -35.98);
insert into SHOT values (2115, 1892, 1895, 35, 7.370, 199.25, -0.85, 7.360, 199.20, -0.86, 0.012, 53.11, -3.20);
insert into SHOT values (2116, 1892, 1896, 35, 7.390, 189.82, -0.53, 7.389, 189.82, -0.54, 0.002, 13.38, -48.49);
insert into SHOT values (2117, 1892, 1897, 35, 7.530, 183.26, 0.93, 7.523, 183.20, 0.91, 0.011, 50.07, -11.79);
insert into SHOT values (2118, 1892, 1898, 35, 4.450, 201.91, 2.33, 4.442, 201.83, 2.32, 0.011, 60.52, -4.98);
insert into SHOT values (2119, 1892, 1899, 35, 7.170, 187.32, 15.85, 7.166, 187.25, 15.79, 0.012, 82.35, -42.95);
insert into SHOT values (2120, 1892, 1900, 35, 7.710, 185.78, 26.64, 7.701, 185.75, 26.62, 0.010, 31.93, -42.65);
insert into SHOT values (2121, 1892, 1901, 35, 8.310, 187.19, 36.25, 8.300, 187.13, 36.27, 0.013, 44.71, -16.89);
insert into SHOT values (2122, 1892, 1902, 35, 9.710, 186.31, 49.65, 9.704, 186.31, 49.69, 0.009, 6.34, -0.17);
insert into SHOT values (2123, 1892, 1903, 35, 5.780, 192.01, 47.87, 5.773, 191.92, 47.85, 0.010, 70.25, -42.37);
insert into SHOT values (2124, 1892, 1904, 35, 4.440, 196.21, 36.39, 4.434, 196.10, 36.38, 0.009, 74.89, -27.32);
insert into SHOT values (2125, 1892, 1905, 35, 13.630, 189.96, 65.14, 13.622, 189.96, 65.14, 0.008, 16.15, -61.05);
insert into SHOT values (2126, 1892, 1906, 35, 15.300, 186.60, 73.48, 15.291, 186.60, 73.48, 0.009, 1.34, -78.44);
insert into SHOT values (2127, 1892, 1907, 35, 16.950, 176.14, 81.86, 16.940, 175.93, 81.87, 0.013, 61.68, -43.92);
insert into SHOT values (2128, 1892, 1908, 35, 12.750, 107.70, 84.38, 12.741, 107.71, 84.37, 0.009, 127.51, -85.89);
insert into SHOT values (2129, 1892, 1909, 35, 14.630, 84.19, 79.67, 14.627, 84.09, 79.67, 0.005, 0.82, -32.89);
insert into SHOT values (2130, 1892, 1910, 35, 8.110, 59.32, 63.14, 8.109, 59.38, 63.08, 0.010, 87.55, -30.11);
insert into SHOT values (2131, 1892, 1911, 35, 6.510, 60.83, 50.07, 6.510, 60.80, 50.04, 0.004, 23.32, -28.98);
insert into SHOT values (2132, 1892, 1912, 35, 4.750, 60.72, 37.66, 4.749, 60.71, 37.64, 0.002, 5.20, -66.98);
insert into SHOT values (2133, 1892, 1913, 35, 4.190, 62.90, 23.75, 4.193, 62.90, 23.62, 0.010, 63.69, -48.78);
insert into SHOT values (2134, 1892, 1914, 35, 3.610, 64.30, 11.22, 3.620, 64.30, 11.15, 0.011, 64.58, -13.26);
insert into SHOT values (2135, 1892, 1915, 35, 2.070, 67.82, -2.80, 2.075, 67.89, -3.04, 0.010, 95.52, -58.28);
insert into SHOT values (2136, 1892, 1916, 35, 1.580, 74.28, -25.64, 1.591, 74.22, -25.69, 0.012, 65.31, -32.91);
insert into SHOT values (2137, 1892, 1917, 35, 1.470, 80.15, -40.28, 1.475, 79.79, -40.11, 0.010, 31.91, 2.32);
insert into SHOT values (2138, 1892, 1918, 35, 2.300, 235.99, 11.34, 2.291, 235.89, 11.33, 0.010, 81.71, -13.41);
insert into SHOT values (2139, 1892, 1919, 35, 1.410, 253.78, 20.48, 1.399, 254.05, 20.50, 0.013, 42.84, -15.26);
insert into SHOT values (2140, 1892, 1920, 35, 1.970, 250.24, 21.43, 1.965, 250.18, 21.49, 0.006, 90.26, 2.29);
insert into SHOT values (2141, 1892, 1921, 35, 1.180, 270.32, 26.76, 1.176, 270.55, 26.78, 0.006, 41.22, -13.37);
insert into SHOT values (2142, 1892, 1922, 35, 1.710, 307.67, 49.32, 1.707, 308.10, 49.08, 0.011, 14.49, -36.70);
insert into SHOT values (2143, 1892, 1923, 35, 3.090, 13.11, 48.00, 3.090, 13.10, 47.83, 0.009, 9.24, -44.82);
insert into SHOT values (2144, 1892, 1924, 35, 4.360, 44.52, 38.42, 4.359, 44.53, 38.27, 0.011, 47.91, -55.05);
insert into SHOT values (2145, 1892, 1925, 35, 3.250, 81.25, 33.51, 3.250, 81.09, 33.42, 0.009, 12.49, -28.19);
insert into SHOT values (2146, 1892, 1926, 35, 2.400, 119.17, 29.54, 2.400, 118.89, 29.45, 0.011, 41.33, -17.69);
insert into SHOT values (2147, 1892, 1927, 35, 2.200, 148.09, 22.94, 2.202, 147.88, 22.71, 0.012, 91.02, -39.51);
insert into SHOT values (2148, 1892, 1928, 35, 2.380, 165.99, 25.69, 2.379, 165.96, 25.66, 0.002, 39.41, -54.81);
insert into SHOT values (2149, 1892, 1929, 35, 2.170, 166.76, 9.62, 2.167, 166.74, 9.56, 0.004, 359.84, -45.21);
insert into SHOT values (2150, 1892, 1930, 35, 2.440, 183.17, -50.40, 2.438, 182.95, -50.46, 0.007, 63.96, 0.45);
insert into SHOT values (2151, 1892, 1931, 35, 2.660, 221.23, -50.09, 2.669, 220.49, -50.18, 0.024, 138.12, -23.50);
insert into SHOT values (2152, 1892, 1931, 35, 2.680, 219.49, -50.23, 2.669, 220.49, -50.18, 0.032, 319.47, 18.06);
insert into SHOT values (2153, 1892, 1931, 35, 2.670, 221.18, -49.98, 2.669, 220.49, -50.18, 0.023, 110.70, -13.50);
insert into SHOT values (2154, 1931, 1932, 35, 1.130, 229.25, -0.15, 1.128, 229.67, -0.51, 0.011, 332.56, -39.37);
insert into SHOT values (2155, 1931, 1933, 35, 2.770, 199.22, -8.45, 2.763, 199.23, -8.53, 0.008, 15.32, -21.59);
insert into SHOT values (2156, 1931, 1934, 35, 6.280, 191.55, -9.66, 6.276, 191.56, -9.72, 0.008, 355.62, -47.92);
insert into SHOT values (2157, 1931, 1935, 35, 6.360, 184.75, -9.43, 6.357, 184.76, -9.42, 0.003, 349.67, 38.67);
insert into SHOT values (2158, 1931, 1936, 35, 6.300, 173.28, -8.60, 6.294, 173.26, -8.59, 0.007, 9.62, 17.79);
insert into SHOT values (2159, 1931, 1937, 35, 5.310, 159.29, -5.92, 5.311, 159.27, -5.94, 0.003, 79.90, -46.22);
insert into SHOT values (2160, 1931, 1938, 35, 4.570, 152.81, -5.07, 4.562, 152.76, -5.16, 0.011, 359.64, -34.01);
insert into SHOT values (2161, 1931, 1939, 35, 2.120, 147.19, -6.14, 2.118, 147.22, -6.23, 0.004, 306.40, -50.67);
insert into SHOT values (2162, 1931, 1940, 35, 6.390, 173.64, -13.06, 6.385, 173.63, -13.13, 0.009, 4.07, -43.26);
insert into SHOT values (2163, 1931, 1941, 35, 7.320, 177.16, -26.26, 7.315, 177.20, -26.29, 0.008, 320.97, -8.86);
insert into SHOT values (2164, 1931, 1942, 35, 8.770, 175.05, -45.02, 8.770, 175.09, -45.08, 0.010, 320.94, -39.92);
insert into SHOT values (2165, 1931, 1943, 35, 10.890, 175.81, -56.69, 10.887, 175.78, -56.71, 0.005, 34.30, 9.44);
insert into SHOT values (2166, 1931, 1944, 35, 13.680, 177.45, -67.41, 13.680, 177.49, -67.41, 0.004, 266.27, 6.49);
insert into SHOT values (2167, 1931, 1945, 35, 15.110, 181.55, -70.75, 15.115, 181.61, -70.75, 0.007, 267.85, -42.50);
insert into SHOT values (2168, 1931, 1946, 35, 16.800, 181.33, -73.37, 16.801, 181.31, -73.39, 0.007, 13.41, -21.38);
insert into SHOT values (2169, 1931, 1947, 35, 24.630, 189.89, -80.15, 24.633, 189.84, -80.15, 0.005, 77.41, -39.10);
insert into SHOT values (2170, 1931, 1948, 35, 18.100, 240.99, -87.17, 18.102, 241.13, -87.18, 0.004, 24.26, -29.19);
insert into SHOT values (2171, 1931, 1949, 35, 17.860, 243.73, -87.31, 17.860, 243.74, -87.32, 0.002, 58.77, 9.49);
insert into SHOT values (2172, 1931, 1950, 35, 17.870, 239.20, -87.17, 17.872, 239.37, -87.17, 0.003, 309.51, -32.80);
insert into SHOT values (2173, 1931, 1951, 35, 17.650, 251.19, -87.41, 17.648, 252.47, -87.41, 0.018, 343.71, 6.29);
insert into SHOT values (2174, 1931, 1951, 35, 17.640, 252.34, -87.41, 17.648, 252.47, -87.41, 0.008, 346.48, -76.84);
insert into SHOT values (2175, 1931, 1951, 35, 17.660, 252.34, -87.38, 17.648, 252.47, -87.41, 0.016, 62.03, 47.85);
insert into SHOT values (2176, 1951, 1952, 35, 3.320, 128.38, 5.47, 3.324, 128.50, 5.35, 0.010, 185.16, -38.59);
insert into SHOT values (2177, 1951, 1953, 35, 4.990, 145.40, 2.13, 4.993, 145.45, 2.07, 0.008, 196.37, -44.21);
insert into SHOT values (2178, 1951, 1954, 35, 5.080, 176.78, 1.44, 5.079, 176.84, 1.35, 0.009, 274.12, -55.49);
insert into SHOT values (2179, 1951, 1955, 35, 4.960, 190.83, 1.28, 4.959, 190.81, 1.27, 0.002, 75.67, -24.09);
insert into SHOT values (2180, 1951, 1956, 35, 4.750, 211.68, 0.91, 4.760, 211.69, 0.84, 0.011, 214.69, -28.36);
insert into SHOT values (2181, 1951, 1957, 35, 3.810, 233.99, -0.55, 3.809, 233.97, -0.60, 0.004, 93.25, -61.97);
insert into SHOT values (2182, 1951, 1958, 35, 6.800, 251.17, -2.02, 6.800, 251.11, -2.02, 0.007, 162.58, -2.58);
insert into SHOT values (2183, 1951, 1959, 35, 3.600, 257.81, -1.28, 3.602, 257.82, -1.43, 0.010, 269.03, -77.93);
insert into SHOT values (2184, 1951, 1960, 35, 2.310, 265.48, -0.29, 2.308, 265.28, -0.50, 0.012, 160.70, -44.58);
insert into SHOT values (2185, 1951, 1961, 35, 13.580, 88.32, -1.46, 13.580, 88.35, -1.48, 0.009, 178.25, -26.52);
insert into SHOT values (2186, 1951, 1962, 35, 5.010, 170.06, 4.74, 5.011, 170.09, 4.69, 0.005, 221.66, -55.12);
insert into SHOT values (2187, 1951, 1963, 35, 6.060, 173.66, 27.36, 6.058, 173.71, 27.32, 0.007, 259.43, -48.88);
insert into SHOT values (2188, 1951, 1964, 35, 11.050, 180.38, 57.22, 11.054, 180.38, 57.19, 0.008, 182.46, -2.67);
insert into SHOT values (2189, 1951, 1965, 35, 21.340, 170.40, 72.55, 21.333, 170.38, 72.54, 0.008, 96.47, -70.42);
insert into SHOT values (2190, 1951, 1966, 35, 12.560, 141.10, 67.14, 12.557, 141.16, 67.14, 0.006, 236.15, -35.78);
insert into SHOT values (2191, 1951, 1967, 35, 8.820, 132.97, 61.66, 8.818, 133.07, 61.64, 0.008, 210.19, -22.07);
insert into SHOT values (2192, 1951, 1968, 35, 4.040, 124.84, 38.12, 4.040, 124.89, 38.04, 0.006, 162.15, -41.37);
insert into SHOT values (2193, 1951, 1969, 35, 3.360, 122.84, 11.41, 3.363, 122.87, 11.32, 0.007, 144.71, -44.55);
insert into SHOT values (2194, 1951, 1970, 35, 5.690, 244.30, 14.23, 5.691, 244.22, 14.14, 0.012, 181.32, -46.67);
insert into SHOT values (2195, 1951, 1971, 35, 8.390, 228.89, 39.91, 8.388, 228.91, 39.90, 0.003, 321.93, -57.72);
insert into SHOT values (2196, 1951, 1972, 35, 20.770, 220.28, 58.51, 20.772, 220.29, 58.49, 0.007, 240.79, -10.60);
insert into SHOT values (2197, 1951, 1973, 35, 15.940, 215.11, 62.63, 15.938, 215.12, 62.60, 0.009, 225.13, -37.35);
insert into SHOT values (2198, 1951, 1974, 35, 6.750, 253.30, -32.48, 6.759, 253.28, -32.49, 0.009, 238.21, -36.42);
insert into SHOT values (2199, 1951, 1975, 35, 5.850, 245.74, -52.00, 5.854, 245.78, -51.95, 0.006, 268.45, -1.22);
insert into SHOT values (2200, 1951, 1976, 35, 12.770, 256.24, -74.39, 12.772, 256.21, -74.38, 0.004, 221.56, -15.87);
insert into SHOT values (2201, 1951, 1977, 35, 16.350, 255.80, -80.38, 16.350, 255.81, -80.38, 0.001, 281.99, 3.88);
insert into SHOT values (2202, 1951, 1978, 35, 13.050, 200.44, -72.79, 13.055, 200.45, -72.79, 0.005, 219.16, -59.76);
insert into SHOT values (2203, 1951, 1979, 35, 7.290, 200.28, -54.97, 7.293, 200.25, -54.94, 0.005, 175.55, -6.64);
insert into SHOT values (2204, 1951, 1980, 35, 6.440, 201.52, -35.30, 6.446, 201.54, -35.36, 0.009, 256.80, -76.63);
insert into SHOT values (2205, 1951, 1981, 35, 4.370, 141.63, -10.27, 4.370, 141.61, -10.28, 0.002, 33.44, -30.22);
insert into SHOT values (2206, 1951, 1982, 35, 4.660, 129.11, -51.58, 4.670, 129.12, -51.61, 0.010, 137.33, -63.62);
insert into SHOT values (2207, 1951, 1983, 35, 10.250, 123.93, -76.85, 10.259, 124.17, -76.86, 0.013, 209.85, -42.23);
insert into SHOT values (2208, 1951, 1984, 35, 23.260, 97.26, -82.06, 23.263, 97.32, -82.05, 0.006, 145.57, -31.88);
insert into SHOT values (2209, 1951, 1985, 35, 27.520, 238.24, -83.18, 27.525, 238.25, -83.18, 0.005, 276.85, -74.12);
insert into SHOT values (2210, 1951, 1986, 35, 27.580, 237.08, -83.36, 27.586, 237.01, -83.35, 0.009, 203.56, -33.85);
insert into SHOT values (2211, 1951, 1987, 35, 27.540, 237.37, -83.30, 27.549, 237.30, -83.29, 0.012, 208.30, -43.67);
insert into SHOT values (2212, 1951, 1988, 35, 27.400, 243.01, -84.14, 27.403, 242.98, -84.15, 0.004, 98.17, -48.36);
insert into SHOT values (2213, 1951, 1989, 35, 27.390, 243.40, -84.19, 27.391, 243.43, -84.19, 0.002, 332.19, -22.51);
insert into SHOT values (2214, 1951, 1990, 35, 27.440, 242.12, -84.15, 27.443, 242.06, -84.15, 0.004, 134.67, -43.47);
insert into SHOT values (2215, 1990, 1991, 35, 3.510, 314.69, 0.03, 3.514, 314.65, 0.00, 0.005, 288.06, -20.54);
insert into SHOT values (2216, 1990, 1992, 35, 5.690, 326.15, 14.96, 5.690, 326.05, 14.97, 0.010, 236.05, 6.86);
insert into SHOT values (2217, 1990, 1993, 35, 4.590, 339.97, 12.57, 4.593, 339.91, 12.58, 0.006, 280.18, 10.72);
insert into SHOT values (2218, 1990, 1994, 35, 7.410, 352.91, 7.07, 7.413, 352.89, 7.05, 0.004, 317.57, -30.31);
insert into SHOT values (2219, 1990, 1995, 35, 6.220, 11.63, 11.40, 6.218, 11.64, 11.41, 0.002, 158.20, 14.12);
insert into SHOT values (2220, 1990, 1996, 35, 5.760, 36.73, 16.77, 5.755, 36.66, 16.77, 0.008, 269.36, -13.23);
insert into SHOT values (2221, 1990, 1997, 35, 5.830, 52.39, 14.13, 5.822, 52.34, 14.12, 0.009, 268.00, -20.40);
insert into SHOT values (2222, 1990, 1998, 35, 5.190, 63.00, 4.36, 5.189, 62.99, 4.31, 0.005, 302.86, -76.19);
insert into SHOT values (2223, 1990, 1999, 35, 4.480, 71.38, 1.46, 4.476, 71.36, 1.41, 0.006, 270.62, -45.14);
insert into SHOT values (2224, 1990, 2000, 35, 6.140, 78.99, 19.62, 6.132, 79.02, 19.63, 0.009, 237.28, -11.39);
insert into SHOT values (2225, 1990, 2001, 35, 20.760, 80.79, 44.58, 20.755, 80.77, 44.59, 0.007, 298.54, -12.43);
insert into SHOT values (2226, 1990, 2002, 35, 13.070, 48.75, 43.88, 13.068, 48.75, 43.89, 0.003, 242.05, 9.08);
insert into SHOT values (2227, 1990, 2003, 35, 22.380, 50.98, 65.87, 22.373, 50.95, 65.88, 0.009, 268.49, -28.43);
insert into SHOT values (2228, 1990, 2004, 35, 3.710, 189.27, 84.52, 3.707, 189.73, 84.50, 0.004, 263.60, -45.94);
insert into SHOT values (2229, 1990, 2005, 35, 2.400, 238.77, 74.12, 2.403, 239.18, 73.97, 0.009, 273.25, 10.63);
insert into SHOT values (2230, 1990, 2006, 35, 1.000, 256.40, 59.61, 1.002, 256.50, 59.12, 0.009, 262.82, -17.28);
insert into SHOT values (2231, 1990, 2007, 35, 11.370, 322.37, 59.41, 11.373, 322.30, 59.41, 0.008, 251.58, 17.13);
insert into SHOT values (2232, 1990, 2008, 35, 26.280, 55.07, 76.44, 26.282, 55.05, 76.44, 0.004, 319.37, 44.68);
insert into SHOT values (2233, 1990, 2009, 35, 2.460, 88.01, -27.04, 2.461, 88.17, -27.07, 0.006, 177.88, -15.19);
insert into SHOT values (2234, 1990, 2010, 35, 1.460, 73.98, -63.52, 1.460, 73.81, -63.76, 0.007, 273.44, -28.98);
insert into SHOT values (2235, 1990, 2011, 35, 2.320, 99.54, -29.09, 2.322, 99.65, -29.12, 0.005, 170.21, -26.89);
insert into SURVEY values (37, 22, '20150822_skufca_garmin_diba_do_ozine', '20150822_skufca_garmin_diba_do_ozine.2015.brezno_na_toscu', NULL);
 insert into CENTRELINE values (38, 37, NULL, NULL, NULL, 0.00, 0.00, 0.00);
 insert into CENTRELINE values (39, 37, NULL, '2015-08-22', '2015-08-22', 540.65, 0.00, 0.00);
 insert into SHOT values (2236, 2012, 2013, 39, 26.410, 69.07, 61.13, 26.411, 69.09, 61.14, 0.006, 180.14, 24.13);
insert into SHOT values (2237, 2012, 2014, 39, 21.440, 79.66, 44.79, 21.430, 79.66, 44.80, 0.010, 262.98, -28.13);
insert into SHOT values (2238, 2012, 2015, 39, 5.960, 52.67, 17.70, 5.954, 52.67, 17.70, 0.006, 237.21, -19.69);
insert into SHOT values (2239, 2012, 2016, 39, 3.480, 319.80, -10.91, 3.489, 319.85, -10.74, 0.014, 336.29, 38.29);
insert into SHOT values (2240, 2012, 2016, 39, 3.490, 319.95, -10.79, 3.489, 319.85, -10.74, 0.007, 223.21, 29.66);
insert into SHOT values (2241, 2012, 2016, 39, 3.490, 319.87, -10.66, 3.489, 319.85, -10.74, 0.005, 166.37, -61.33);
insert into SHOT values (2242, 2016, 2017, 39, 2.000, 220.15, -4.82, 2.008, 220.14, -4.86, 0.009, 216.66, -13.15);
insert into SHOT values (2243, 2016, 2018, 39, 1.140, 195.66, -5.87, 1.140, 195.88, -6.04, 0.006, 296.33, -38.12);
insert into SHOT values (2244, 2016, 2019, 39, 2.180, 145.77, -0.17, 2.180, 145.65, -0.26, 0.006, 57.32, -38.63);
insert into SHOT values (2245, 2016, 2020, 39, 6.370, 121.96, 4.02, 6.372, 122.01, 3.96, 0.009, 189.84, -44.95);
insert into SHOT values (2246, 2016, 2021, 39, 13.270, 31.92, 80.40, 13.266, 31.90, 80.39, 0.004, 356.42, -68.77);
insert into SHOT values (2247, 2016, 2022, 39, 10.810, 124.06, 80.88, 10.807, 124.06, 80.87, 0.003, 126.47, -79.08);
insert into SHOT values (2248, 2016, 2023, 39, 1.850, 156.78, 66.70, 1.841, 156.60, 66.64, 0.010, 31.02, -72.37);
insert into SHOT values (2249, 2016, 2024, 39, 1.320, 170.91, 3.14, 1.319, 170.82, 3.04, 0.003, 50.40, -45.06);
insert into SHOT values (2250, 2016, 2025, 39, 3.260, 170.12, -57.97, 3.269, 170.05, -57.92, 0.010, 153.41, -40.09);
insert into SHOT values (2251, 2016, 2026, 39, 5.410, 174.35, -72.75, 5.414, 174.29, -72.72, 0.005, 149.60, -39.44);
insert into SHOT values (2252, 2016, 2027, 39, 7.920, 189.09, -80.85, 7.915, 190.39, -81.13, 0.048, 334.26, -0.92);
insert into SHOT values (2253, 2016, 2027, 39, 7.920, 191.63, -81.34, 7.915, 190.39, -81.13, 0.039, 147.45, 14.36);
insert into SHOT values (2254, 2016, 2027, 39, 7.890, 190.94, -81.25, 7.915, 190.39, -81.13, 0.032, 160.14, -43.60);
insert into SHOT values (2255, 2016, 2028, 39, 5.500, 56.65, 5.85, 5.504, 56.77, 5.84, 0.012, 129.35, -2.69);
insert into SHOT values (2256, 2016, 2028, 39, 5.500, 56.90, 5.73, 5.504, 56.77, 5.84, 0.016, 338.84, 41.54);
insert into SHOT values (2257, 2016, 2028, 39, 5.510, 56.65, 5.96, 5.504, 56.77, 5.84, 0.018, 170.12, -43.11);
insert into SHOT values (2258, 2028, 2029, 39, 2.370, 260.91, -9.18, 2.372, 260.90, -9.46, 0.012, 144.62, -87.82);
insert into SHOT values (2259, 2028, 2029, 39, 2.360, 260.92, -9.48, 2.372, 260.90, -9.46, 0.012, 256.93, -6.34);
insert into SHOT values (2260, 2028, 2029, 39, 2.360, 260.92, -9.20, 2.372, 260.90, -9.46, 0.016, 256.17, -52.20);
insert into SHOT values (2261, 2029, 2030, 39, 1.900, 287.88, 2.14, 1.896, 288.15, 2.42, 0.013, 44.64, 42.37);
insert into SHOT values (2262, 2029, 2031, 39, 3.560, 304.82, -3.24, 3.554, 304.90, -3.23, 0.008, 86.46, 8.65);
insert into SHOT values (2263, 2029, 2032, 39, 7.590, 314.20, -3.26, 7.593, 314.25, -3.25, 0.008, 19.78, 12.16);
insert into SHOT values (2264, 2029, 2033, 39, 6.570, 327.22, -3.46, 6.575, 327.25, -3.40, 0.009, 5.54, 45.79);
insert into SHOT values (2265, 2029, 2034, 39, 1.930, 350.39, 0.05, 1.937, 350.49, 0.30, 0.011, 17.22, 48.27);
insert into SHOT values (2266, 2029, 2035, 39, 3.580, 319.07, -52.16, 3.575, 319.06, -52.07, 0.007, 302.38, 78.86);
insert into SHOT values (2267, 2029, 2036, 39, 5.920, 316.58, -28.28, 5.918, 316.63, -28.24, 0.007, 45.56, 45.23);
insert into SHOT values (2268, 2029, 2037, 39, 6.700, 316.65, -1.40, 6.694, 316.70, -1.37, 0.009, 94.45, 25.11);
insert into SHOT values (2269, 2029, 2038, 39, 5.940, 318.95, 36.75, 5.941, 319.01, 36.81, 0.008, 82.63, 46.45);
insert into SHOT values (2270, 2029, 2039, 39, 5.010, 313.71, 66.55, 5.014, 313.78, 66.56, 0.005, 26.47, 55.61);
insert into SHOT values (2271, 2029, 2040, 39, 13.320, 192.49, 84.71, 13.327, 192.23, 84.71, 0.009, 100.16, 49.84);
insert into SHOT values (2272, 2029, 2041, 39, 10.030, 313.08, -11.06, 10.032, 313.11, -10.98, 0.016, 358.72, 65.08);
insert into SHOT values (2273, 2029, 2041, 39, 10.030, 312.99, -11.00, 10.032, 313.11, -10.98, 0.021, 35.76, 10.63);
insert into SHOT values (2274, 2029, 2041, 39, 10.030, 313.12, -10.91, 10.032, 313.11, -10.98, 0.012, 212.35, -79.20);
insert into SHOT values (2275, 2041, 2042, 39, 8.020, 125.88, 0.20, 8.021, 125.87, 0.21, 0.003, 77.61, 46.41);
insert into SHOT values (2276, 2041, 2043, 39, 5.850, 104.07, 3.40, 5.846, 104.08, 3.43, 0.005, 265.86, 34.08);
insert into SHOT values (2277, 2041, 2044, 39, 2.500, 95.34, 1.60, 2.503, 95.51, 1.60, 0.008, 166.23, 1.47);
insert into SHOT values (2278, 2041, 2045, 39, 1.680, 134.90, 2.33, 1.684, 135.00, 2.38, 0.005, 169.23, 18.07);
insert into SHOT values (2279, 2041, 2046, 39, 0.430, 211.23, 6.19, 0.433, 210.74, 6.63, 0.006, 159.74, 37.44);
insert into SHOT values (2280, 2041, 2047, 39, 1.630, 279.78, 1.19, 1.633, 279.52, 1.40, 0.010, 210.61, 37.80);
insert into SHOT values (2281, 2041, 2048, 39, 1.920, 184.75, 71.80, 1.926, 184.76, 71.79, 0.007, 188.17, 68.37);
insert into SHOT values (2282, 2041, 2049, 39, 1.350, 354.93, -84.96, 1.345, 354.81, -85.29, 0.009, 176.62, 30.40);
insert into SHOT values (2283, 2041, 2050, 39, 10.110, 310.00, -64.26, 10.102, 310.01, -64.26, 0.008, 123.31, 58.95);
insert into SHOT values (2284, 2041, 2051, 39, 6.260, 304.03, -50.09, 6.257, 303.93, -50.10, 0.008, 191.13, 12.69);
insert into SHOT values (2285, 2041, 2052, 39, 1.140, 281.88, -53.79, 1.141, 281.98, -53.75, 0.002, 324.43, -6.23);
insert into SHOT values (2286, 2041, 2052, 39, 1.140, 282.13, -53.85, 1.141, 281.98, -53.75, 0.003, 242.60, 10.39);
insert into SHOT values (2287, 2041, 2052, 39, 1.140, 282.13, -53.85, 1.141, 281.98, -53.75, 0.003, 242.60, 10.39);
insert into SHOT values (2288, 2052, 2053, 39, 1.120, 346.18, -40.23, 1.117, 346.45, -40.14, 0.005, 94.29, 38.23);
insert into SHOT values (2289, 2052, 2053, 39, 1.120, 346.18, -40.23, 1.117, 346.45, -40.14, 0.005, 94.29, 38.23);
insert into SHOT values (2290, 2052, 2053, 39, 1.120, 346.18, -40.16, 1.117, 346.45, -40.14, 0.005, 104.77, 26.63);
insert into SHOT values (2291, 2053, 2054, 39, 1.270, 290.09, -1.85, 1.266, 289.87, -1.81, 0.006, 160.71, 8.92);
insert into SHOT values (2292, 2053, 2055, 39, 0.990, 236.80, 7.59, 0.990, 236.63, 7.54, 0.003, 156.84, -14.76);
insert into SHOT values (2293, 2053, 2056, 39, 1.260, 154.40, -2.17, 1.262, 154.65, -2.27, 0.006, 221.86, -20.74);
insert into SHOT values (2294, 2053, 2057, 39, 15.530, 280.77, -89.06, 15.532, 279.09, -89.07, 0.008, 177.84, -15.35);
insert into SHOT values (2295, 2053, 2058, 39, 8.340, 305.58, -78.93, 8.345, 305.58, -78.96, 0.006, 125.93, -60.40);
insert into SHOT values (2296, 2053, 2059, 39, 3.320, 294.82, -46.65, 3.316, 294.65, -46.62, 0.008, 192.58, 31.71);
insert into SHOT values (2297, 2053, 2060, 39, 8.060, 95.13, -66.36, 8.057, 95.15, -66.34, 0.004, 135.97, 68.82);
insert into SHOT values (2298, 2053, 2061, 39, 10.180, 93.70, -84.82, 10.181, 93.77, -84.86, 0.007, 264.53, -12.31);
insert into SHOT values (2299, 2053, 2062, 39, 4.270, 106.09, -40.74, 4.274, 106.14, -40.75, 0.005, 156.66, -41.96);
insert into SHOT values (2300, 2053, 2063, 39, 14.470, 154.57, -88.82, 14.453, 155.22, -88.86, 0.021, 318.88, 54.45);
insert into SHOT values (2301, 2053, 2063, 39, 14.440, 152.63, -88.90, 14.453, 155.22, -88.86, 0.020, 208.31, -38.89);
insert into SHOT values (2302, 2053, 2063, 39, 14.450, 154.19, -88.90, 14.453, 155.22, -88.86, 0.011, 184.33, -14.50);
insert into SHOT values (2303, 2063, 2064, 39, 0.970, 69.85, -0.34, 0.971, 69.51, -0.59, 0.007, 354.02, -35.76);
insert into SHOT values (2304, 2063, 2065, 39, 0.970, 121.40, 1.18, 0.969, 121.07, 1.18, 0.006, 22.94, 0.24);
insert into SHOT values (2305, 2063, 2066, 39, 2.000, 175.93, 5.78, 1.995, 175.96, 5.75, 0.005, 345.68, -15.93);
insert into SHOT values (2306, 2063, 2067, 39, 2.610, 323.28, 0.71, 2.608, 323.26, 0.66, 0.003, 167.94, -49.89);
insert into SHOT values (2307, 2063, 2068, 39, 3.020, 281.45, -1.61, 3.022, 281.46, -1.71, 0.005, 299.80, -74.12);
insert into SHOT values (2308, 2063, 2069, 39, 4.450, 150.73, -54.29, 4.444, 150.67, -54.32, 0.007, 0.69, 29.91);
insert into SHOT values (2309, 2063, 2070, 39, 5.170, 150.68, -45.15, 5.175, 150.63, -45.16, 0.007, 101.49, -45.51);
insert into SHOT values (2310, 2063, 2071, 39, 1.380, 142.22, 22.47, 1.382, 142.32, 22.55, 0.004, 210.70, 46.43);
insert into SHOT values (2311, 2063, 2072, 39, 1.980, 167.84, 24.46, 1.978, 167.82, 24.49, 0.002, 10.97, 4.99);
insert into SHOT values (2312, 2063, 2073, 39, 9.330, 156.04, 5.59, 9.325, 156.03, 5.60, 0.006, 350.85, 11.92);
insert into SHOT values (2313, 2063, 2074, 39, 10.770, 152.24, 22.30, 10.773, 152.25, 22.31, 0.004, 206.32, 51.25);
insert into SHOT values (2314, 2063, 2075, 39, 13.070, 152.44, 43.64, 13.068, 152.41, 43.65, 0.006, 34.81, 0.59);
insert into SHOT values (2315, 2063, 2076, 39, 6.880, 149.56, 77.88, 6.882, 149.51, 77.93, 0.007, 341.15, 30.40);
insert into SHOT values (2316, 2063, 2077, 39, 15.490, 310.75, 81.58, 15.487, 310.71, 81.57, 0.004, 251.46, -59.30);
insert into SHOT values (2317, 2063, 2078, 39, 13.380, 312.64, 74.98, 13.377, 312.66, 74.98, 0.003, 34.44, -64.26);
insert into SHOT values (2318, 2063, 2079, 39, 6.220, 303.29, 70.41, 6.220, 303.46, 70.41, 0.006, 31.51, 0.35);
insert into SHOT values (2319, 2063, 2080, 39, 3.510, 295.12, 47.61, 3.508, 295.27, 47.58, 0.006, 25.01, -21.69);
insert into SHOT values (2320, 2063, 2081, 39, 4.590, 290.34, -12.12, 4.591, 290.33, -12.07, 0.004, 273.29, 60.09);
insert into SHOT values (2321, 2063, 2082, 39, 1.780, 286.99, -42.31, 1.783, 287.20, -42.30, 0.006, 348.24, -18.27);
insert into SHOT values (2322, 2063, 2083, 39, 3.820, 284.24, -46.40, 3.821, 284.30, -46.47, 0.005, 59.65, -42.89);
insert into SHOT values (2323, 2063, 2084, 39, 2.450, 159.04, -15.20, 2.453, 158.96, -15.13, 0.005, 116.85, 26.36);
insert into SHOT values (2324, 2063, 2084, 39, 2.450, 159.01, -15.14, 2.453, 158.96, -15.13, 0.003, 124.57, -1.86);
insert into SHOT values (2325, 2063, 2084, 39, 2.460, 159.09, -15.21, 2.453, 158.96, -15.13, 0.010, 20.34, 34.05);
insert into SHOT values (2326, 2084, 2085, 39, 4.810, 148.58, -39.95, 4.812, 148.64, -39.95, 0.004, 214.23, -19.36);
insert into SHOT values (2327, 2084, 2086, 39, 7.020, 151.53, -22.90, 7.018, 151.53, -22.98, 0.010, 330.23, -57.15);
insert into SHOT values (2328, 2084, 2087, 39, 6.560, 153.54, -4.71, 6.556, 153.55, -4.72, 0.004, 313.98, -17.37);
insert into SHOT values (2329, 2084, 2088, 39, 10.550, 148.39, 40.35, 10.550, 148.43, 40.35, 0.005, 237.04, -7.51);
insert into SHOT values (2330, 2084, 2089, 39, 9.910, 158.01, 73.30, 9.908, 157.94, 73.29, 0.004, 81.23, -28.51);
insert into SHOT values (2331, 2084, 2090, 39, 8.890, 162.22, 81.78, 8.891, 162.14, 81.78, 0.002, 79.92, 35.04);
insert into SHOT values (2332, 2084, 2091, 39, 1.200, 106.97, 6.63, 1.200, 107.07, 6.22, 0.009, 182.01, -76.21);
insert into SHOT values (2333, 2084, 2092, 39, 3.100, 122.35, 1.07, 3.102, 122.36, 0.92, 0.008, 133.51, -74.46);
insert into SHOT values (2334, 2084, 2093, 39, 4.840, 136.19, -2.17, 4.841, 136.17, -2.25, 0.007, 82.80, -74.76);
insert into SHOT values (2335, 2084, 2094, 39, 4.040, 178.54, -0.80, 4.042, 178.58, -0.85, 0.005, 239.76, -46.70);
insert into SHOT values (2336, 2084, 2095, 39, 1.410, 225.68, 0.10, 1.407, 225.86, 0.00, 0.006, 346.60, -25.08);
insert into SHOT values (2337, 2084, 2096, 39, 1.190, 249.15, -1.43, 1.187, 249.27, -1.45, 0.004, 26.82, -4.52);
insert into SHOT values (2338, 2084, 2097, 39, 2.870, 154.81, -35.63, 2.878, 154.75, -35.47, 0.012, 141.92, 9.39);
insert into SHOT values (2339, 2084, 2097, 39, 2.880, 154.64, -35.48, 2.878, 154.75, -35.47, 0.005, 260.32, 19.48);
insert into SHOT values (2340, 2084, 2097, 39, 2.880, 154.65, -35.35, 2.878, 154.75, -35.47, 0.007, 296.33, -30.21);
insert into SHOT values (2341, 2097, 2098, 39, 2.080, 111.79, 1.63, 2.079, 111.75, 1.65, 0.002, 341.41, 23.77);
insert into SHOT values (2342, 2097, 2099, 39, 4.450, 154.74, 1.60, 4.448, 154.70, 1.55, 0.005, 31.71, -51.04);
insert into SHOT values (2343, 2097, 2100, 39, 1.400, 199.00, 0.26, 1.398, 199.21, 0.00, 0.008, 311.41, -48.54);
insert into SHOT values (2344, 2097, 2101, 39, 1.370, 56.57, 3.91, 1.373, 56.31, 3.76, 0.008, 354.41, -25.93);
insert into SHOT values (2345, 2097, 2102, 39, 0.830, 239.98, 0.43, 0.829, 240.34, 0.00, 0.008, 345.41, -49.01);
insert into SHOT values (2346, 2097, 2103, 39, 4.440, 156.78, -3.64, 4.440, 156.73, -3.75, 0.009, 54.81, -65.63);
insert into SHOT values (2347, 2097, 2104, 39, 5.290, 153.29, 41.18, 5.284, 153.24, 41.20, 0.007, 3.62, -24.83);
insert into SHOT values (2348, 2097, 2105, 39, 13.030, 143.17, 66.12, 13.025, 143.17, 66.12, 0.005, 316.55, -58.02);
insert into SHOT values (2349, 2097, 2106, 39, 10.830, 278.54, 87.95, 10.827, 278.97, 87.96, 0.005, 51.55, -37.69);
insert into SHOT values (2350, 2097, 2107, 39, 7.280, 332.66, 70.44, 7.282, 332.70, 70.41, 0.005, 352.84, 1.36);
insert into SHOT values (2351, 2097, 2108, 39, 8.710, 332.00, 42.27, 8.712, 331.96, 42.27, 0.004, 258.75, 18.79);
insert into SHOT values (2352, 2097, 2109, 39, 2.580, 329.38, 31.78, 2.584, 329.35, 31.76, 0.004, 311.89, 17.31);
insert into SHOT values (2353, 2097, 2110, 39, 3.990, 334.14, 9.56, 3.991, 334.09, 9.52, 0.005, 261.29, -34.43);
insert into SHOT values (2354, 2097, 2111, 39, 3.360, 339.83, -9.71, 3.343, 339.75, -9.82, 0.019, 174.06, -9.92);
insert into SHOT values (2355, 2097, 2111, 39, 3.330, 339.83, -9.89, 3.343, 339.75, -9.82, 0.014, 320.30, 8.01);
insert into SHOT values (2356, 2097, 2111, 39, 3.340, 339.82, -9.90, 3.343, 339.75, -9.82, 0.007, 289.07, 38.98);
insert into SHOT values (2357, 2111, 2112, 39, 1.710, 206.92, 82.28, 1.705, 206.57, 82.46, 0.008, 39.70, -35.72);
insert into SHOT values (2358, 2111, 2113, 39, 1.560, 291.82, 23.40, 1.555, 292.25, 23.50, 0.012, 49.30, 2.14);
insert into SHOT values (2359, 2111, 2114, 39, 6.260, 299.34, 2.29, 6.260, 299.39, 2.29, 0.006, 27.48, -1.33);
insert into SHOT values (2360, 2111, 2115, 39, 2.220, 308.10, -81.18, 2.225, 308.93, -81.36, 0.010, 90.26, -38.47);
insert into SHOT values (2361, 2111, 2116, 39, 0.430, 230.82, 5.84, 0.428, 230.71, 5.36, 0.004, 81.20, -66.78);
insert into SHOT values (2362, 2111, 2117, 39, 0.220, 22.45, 1.21, 0.228, 23.20, 0.00, 0.010, 41.79, -27.27);
insert into SHOT values (2363, 2111, 2118, 39, 2.220, 282.44, -82.57, 2.229, 284.04, -82.56, 0.012, 2.38, -46.62);
insert into SHOT values (2364, 2111, 2119, 39, 4.830, 300.59, -16.88, 4.818, 300.62, -16.77, 0.015, 103.26, 54.47);
insert into SHOT values (2365, 2111, 2119, 39, 4.820, 300.55, -16.54, 4.818, 300.62, -16.77, 0.020, 81.20, -62.53);
insert into SHOT values (2366, 2111, 2119, 39, 4.820, 300.49, -16.80, 4.818, 300.62, -16.77, 0.011, 35.29, 16.26);
insert into SHOT values (2367, 2119, 2120, 39, 0.350, 185.09, -88.84, 0.350, 90.00, -90.00, 0.007, 5.09, -0.58);
insert into SHOT values (2368, 2119, 2121, 39, 1.550, 333.32, -84.25, 1.558, 333.43, -84.23, 0.008, 347.61, -80.73);
insert into SHOT values (2369, 2119, 2122, 39, 6.180, 133.87, 81.83, 6.173, 134.08, 81.83, 0.008, 246.64, -64.84);
insert into SHOT values (2370, 2119, 2123, 39, 3.380, 290.97, 1.17, 3.384, 290.95, 1.19, 0.005, 277.82, 12.16);
insert into SHOT values (2371, 2119, 2124, 39, 4.990, 304.10, 7.19, 4.991, 303.88, 7.25, 0.020, 213.89, 16.19);
insert into SHOT values (2372, 2119, 2124, 39, 4.990, 303.79, 7.37, 4.991, 303.88, 7.25, 0.013, 20.13, -50.79);
insert into SHOT values (2373, 2119, 2124, 39, 4.990, 303.74, 7.21, 4.991, 303.88, 7.25, 0.013, 32.96, 16.80);
insert into SHOT values (2374, 2124, 2125, 39, 2.550, 249.38, 74.88, 2.550, 249.94, 74.75, 0.009, 299.61, -11.35);
insert into SHOT values (2375, 2124, 2126, 39, 1.170, 316.66, -85.35, 1.174, 315.00, -85.16, 0.006, 281.71, -37.57);
insert into SHOT values (2376, 2124, 2127, 39, 2.200, 249.59, -72.08, 2.207, 250.23, -72.06, 0.011, 317.38, -39.23);
insert into SHOT values (2377, 2124, 2128, 39, 0.440, 207.45, 9.27, 0.435, 207.76, 9.26, 0.005, 1.92, -9.30);
insert into SHOT values (2378, 2124, 2129, 39, 2.190, 289.70, -0.69, 2.189, 289.76, -0.79, 0.004, 42.64, -55.78);
insert into SHOT values (2379, 2124, 2130, 39, 1.320, 305.86, 5.20, 1.324, 305.74, 5.20, 0.005, 268.98, 4.53);
insert into SHOT values (2380, 2124, 2131, 39, 4.660, 300.24, -13.51, 4.664, 300.18, -13.52, 0.006, 250.59, -13.03);
insert into SHOT values (2381, 2124, 2132, 39, 3.980, 300.37, -13.53, 3.983, 300.41, -13.50, 0.004, 338.35, 16.27);
insert into SHOT values (2382, 2124, 2133, 39, 2.770, 300.10, -13.73, 2.769, 300.38, -13.79, 0.013, 37.24, -10.93);
insert into SHOT values (2383, 2124, 2133, 39, 2.760, 300.69, -13.54, 2.769, 300.38, -13.79, 0.021, 232.73, -41.28);
insert into SHOT values (2384, 2124, 2133, 39, 2.760, 300.11, -13.73, 2.769, 300.38, -13.79, 0.016, 357.52, -18.18);
insert into SHOT values (2385, 2133, 2134, 39, 1.000, 305.90, 40.74, 1.007, 305.36, 40.96, 0.011, 235.58, 44.22);
insert into SHOT values (2386, 2133, 2135, 39, 1.380, 289.48, 74.61, 1.381, 288.92, 74.45, 0.005, 245.74, -5.68);
insert into SHOT values (2387, 2133, 2136, 39, 1.470, 158.15, 70.90, 1.472, 158.20, 70.78, 0.004, 164.57, 14.12);
insert into SHOT values (2388, 2133, 2137, 39, 4.060, 139.63, 50.78, 4.064, 139.74, 50.81, 0.007, 213.86, 42.72);
insert into SHOT values (2389, 2133, 2138, 39, 0.600, 23.22, 61.08, 0.600, 22.93, 61.96, 0.009, 213.47, 31.17);
insert into SHOT values (2390, 2133, 2139, 39, 0.560, 221.89, 25.92, 0.568, 221.82, 26.12, 0.008, 216.20, 39.77);
insert into SHOT values (2391, 2133, 2140, 39, 1.180, 214.25, -82.16, 1.182, 212.74, -81.90, 0.007, 175.15, -8.40);
insert into SHOT values (2392, 2133, 2141, 39, 1.180, 280.29, -69.76, 1.173, 279.93, -69.74, 0.008, 150.41, 64.79);
insert into SHOT values (2393, 2133, 2142, 39, 2.210, 307.30, -44.92, 2.209, 306.94, -44.93, 0.010, 211.93, 3.06);
insert into SHOT values (2394, 2133, 2143, 39, 1.480, 285.43, -16.36, 1.468, 285.22, -16.22, 0.014, 131.36, 30.13);
insert into SHOT values (2395, 2133, 2143, 39, 1.470, 285.20, -16.33, 1.468, 285.22, -16.22, 0.004, 84.47, 67.82);
insert into SHOT values (2396, 2133, 2143, 39, 1.460, 285.41, -16.32, 1.468, 285.22, -16.22, 0.009, 255.81, 1.58);
insert into SHOT values (2397, 2143, 2144, 39, 1.470, 265.50, -24.19, 1.468, 265.73, -23.71, 0.014, 328.33, 63.65);
insert into SHOT values (2398, 2143, 2144, 39, 1.450, 265.80, -23.92, 1.468, 265.73, -23.71, 0.018, 260.82, -6.48);
insert into SHOT values (2399, 2143, 2144, 39, 1.480, 266.15, -23.54, 1.468, 265.73, -23.71, 0.016, 122.85, 3.82);
insert into SHOT values (2400, 2144, 2145, 39, 0.610, 4.08, 79.72, 0.610, 5.19, 79.57, 0.003, 57.87, -4.47);
insert into SHOT values (2401, 2144, 2146, 39, 14.260, 284.69, -82.37, 14.266, 284.70, -82.38, 0.006, 95.37, -76.58);
insert into SHOT values (2402, 2144, 2147, 39, 6.580, 134.52, -83.41, 6.584, 134.46, -83.40, 0.004, 108.36, -64.45);
insert into SHOT values (2403, 2144, 2148, 39, 10.380, 219.06, -88.82, 10.382, 219.09, -88.86, 0.008, 38.14, -16.14);
insert into SHOT values (2404, 2144, 2149, 39, 13.970, 303.77, -76.59, 13.970, 303.79, -76.60, 0.003, 105.95, -14.73);
insert into SHOT values (2405, 2144, 2150, 39, 15.520, 313.41, -65.26, 15.526, 313.44, -65.25, 0.008, 346.27, -34.04);
insert into SHOT values (2406, 2144, 2151, 39, 19.070, 313.93, -50.38, 19.073, 313.93, -50.37, 0.004, 327.93, -8.68);
insert into SHOT values (2407, 2144, 2152, 39, 9.740, 316.19, -17.97, 9.742, 316.22, -18.00, 0.008, 42.62, -41.99);
insert into SHOT values (2408, 2144, 2153, 39, 3.350, 315.74, -1.74, 3.354, 315.73, -1.88, 0.009, 301.86, -66.48);
insert into SHOT values (2409, 2144, 2154, 39, 2.330, 305.91, -9.32, 2.329, 305.97, -9.39, 0.004, 56.93, -44.78);
insert into SHOT values (2410, 2144, 2155, 39, 2.470, 269.09, -59.28, 2.475, 269.09, -59.39, 0.007, 88.61, -76.19);
insert into SHOT values (2411, 2144, 2156, 39, 12.540, 337.94, -69.18, 12.538, 337.98, -69.19, 0.004, 101.74, 15.84);
insert into SHOT values (2412, 2144, 2157, 39, 13.110, 25.80, 2.92, 13.112, 25.80, 2.89, 0.008, 35.47, -71.43);
insert into SHOT values (2413, 2144, 2158, 39, 4.600, 343.12, -63.56, 4.602, 342.98, -63.55, 0.005, 270.53, -12.36);
insert into SHOT values (2414, 2144, 2158, 39, 4.600, 343.25, -63.41, 4.602, 342.98, -63.55, 0.015, 209.65, -26.04);
insert into SHOT values (2415, 2144, 2158, 39, 4.600, 342.56, -63.64, 4.602, 342.98, -63.55, 0.017, 46.68, 5.82);
insert into SHOT values (2416, 2158, 2159, 39, 3.640, 150.68, -0.65, 3.636, 150.69, -0.63, 0.004, 326.22, 17.05);
insert into SHOT values (2417, 2158, 2160, 39, 2.190, 203.59, -1.80, 2.186, 203.75, -1.83, 0.007, 326.18, -9.52);
insert into SHOT values (2418, 2158, 2161, 39, 2.480, 249.25, -10.82, 2.482, 249.33, -10.92, 0.006, 325.26, -50.40);
insert into SHOT values (2419, 2158, 2162, 39, 5.880, 286.77, -3.51, 5.880, 286.74, -3.51, 0.003, 190.62, -0.17);
insert into SHOT values (2420, 2158, 2163, 39, 7.730, 314.25, 3.70, 7.724, 314.26, 3.71, 0.006, 116.07, 10.83);
insert into SHOT values (2421, 2158, 2164, 39, 1.160, 320.88, 5.53, 1.164, 320.95, 5.42, 0.005, 340.38, -21.68);
insert into SHOT values (2422, 2158, 2165, 39, 0.840, 223.48, 78.93, 0.836, 222.51, 78.77, 0.005, 161.70, -54.42);
insert into SHOT values (2423, 2158, 2166, 39, 4.690, 217.02, 73.09, 4.693, 216.95, 73.10, 0.003, 120.64, 60.36);
insert into SHOT values (2424, 2158, 2167, 39, 2.550, 221.28, 42.40, 2.546, 221.33, 42.49, 0.006, 24.51, 5.38);
insert into SHOT values (2425, 2158, 2168, 39, 2.450, 219.64, -20.41, 2.450, 219.52, -20.55, 0.008, 109.99, -47.13);
insert into SHOT values (2426, 2158, 2169, 39, 5.220, 257.49, -51.83, 5.225, 257.47, -51.86, 0.006, 207.75, -77.26);
insert into SHOT values (2427, 2158, 2170, 39, 10.650, 294.46, -80.73, 10.649, 294.47, -80.74, 0.002, 102.24, 29.07);
insert into SHOT values (2428, 2158, 2171, 39, 8.410, 277.83, -73.14, 8.384, 278.00, -73.05, 0.030, 335.22, 73.43);
insert into SHOT values (2429, 2158, 2171, 39, 8.370, 278.17, -72.89, 8.384, 278.00, -73.05, 0.029, 119.59, -45.41);
insert into SHOT values (2430, 2158, 2171, 39, 8.360, 277.82, -73.16, 8.384, 278.00, -73.05, 0.030, 296.92, -38.64);
insert into SHOT values (2431, 2171, 2172, 39, 2.550, 153.41, 1.50, 2.550, 153.43, 1.57, 0.003, 243.87, 71.14);
insert into SHOT values (2432, 2171, 2173, 39, 3.110, 91.50, 1.47, 3.112, 91.47, 1.47, 0.003, 56.48, 4.96);
insert into SHOT values (2433, 2171, 2174, 39, 2.380, 48.73, -4.22, 2.380, 48.93, -4.10, 0.010, 132.99, 31.97);
insert into SHOT values (2434, 2171, 2175, 39, 6.010, 359.51, 6.52, 6.009, 359.52, 6.50, 0.003, 130.53, -60.09);
insert into SHOT values (2435, 2171, 2176, 39, 9.210, 331.61, 2.91, 9.207, 331.62, 2.93, 0.005, 118.67, 31.84);
insert into SHOT values (2436, 2171, 2177, 39, 7.400, 318.94, 1.39, 7.402, 318.95, 1.39, 0.002, 338.29, 13.71);
insert into SHOT values (2437, 2171, 2178, 39, 1.380, 310.08, 2.16, 1.377, 310.29, 2.08, 0.006, 67.73, -19.88);
insert into SHOT values (2438, 2171, 2179, 39, 2.190, 243.78, 73.78, 2.188, 243.85, 73.73, 0.003, 282.56, -66.18);
insert into SHOT values (2439, 2171, 2180, 39, 9.540, 166.49, 86.78, 9.545, 165.96, 86.78, 0.007, 77.88, 45.79);
insert into SHOT values (2440, 2171, 2181, 39, 10.710, 98.39, 78.03, 10.714, 98.53, 78.02, 0.007, 156.83, 24.14);
insert into SHOT values (2441, 2171, 2182, 39, 5.040, 77.20, 59.21, 5.042, 77.25, 59.18, 0.004, 110.76, 5.02);
insert into SHOT values (2442, 2171, 2183, 39, 2.480, 71.25, 21.34, 2.481, 71.33, 21.27, 0.004, 133.76, -34.26);
insert into SHOT values (2443, 2171, 2184, 39, 2.910, 63.80, -45.07, 2.914, 63.81, -44.98, 0.007, 66.26, 1.69);
insert into SHOT values (2444, 2171, 2185, 39, 2.610, 352.17, -40.71, 2.624, 352.23, -40.39, 0.020, 358.66, 6.62);
insert into SHOT values (2445, 2171, 2185, 39, 2.640, 352.16, -40.33, 2.624, 352.23, -40.39, 0.017, 161.76, 30.67);
insert into SHOT values (2446, 2171, 2185, 39, 2.630, 352.36, -40.16, 2.624, 352.23, -40.39, 0.013, 192.90, -17.19);
insert into SHOT values (2447, 2185, 2186, 39, 1.390, 288.54, 7.77, 1.386, 288.70, 7.88, 0.006, 70.11, 18.72);
insert into SHOT values (2448, 2185, 2187, 39, 1.500, 289.01, 8.20, 1.495, 288.92, 8.08, 0.006, 134.30, -37.38);
insert into SHOT values (2449, 2185, 2187, 39, 1.500, 288.98, 8.09, 1.495, 288.92, 8.08, 0.005, 124.72, -11.71);
insert into SHOT values (2450, 2185, 2187, 39, 1.490, 288.75, 8.09, 1.495, 288.92, 8.08, 0.007, 331.85, 2.73);
insert into SHOT values (2451, 2187, 2188, 39, 1.710, 281.29, 2.10, 1.705, 281.51, 2.02, 0.008, 46.70, -18.51);
insert into SHOT values (2452, 2187, 2189, 39, 5.970, 297.42, 2.32, 5.967, 297.47, 2.31, 0.006, 58.71, -16.06);
insert into SHOT values (2453, 2187, 2190, 39, 4.730, 310.70, -0.83, 4.730, 310.80, -0.85, 0.008, 43.51, -10.33);
insert into SHOT values (2454, 2187, 2191, 39, 5.960, 341.52, 1.52, 5.960, 341.50, 1.54, 0.003, 245.65, 49.14);
insert into SHOT values (2455, 2187, 2192, 39, 3.250, 20.48, 3.44, 3.253, 20.56, 3.53, 0.007, 79.62, 44.83);
insert into SHOT values (2456, 2187, 2193, 39, 2.660, 76.64, 11.71, 2.656, 76.66, 11.73, 0.005, 245.97, 1.65);
insert into SHOT values (2457, 2187, 2194, 39, 4.100, 324.85, -32.50, 4.100, 324.89, -32.45, 0.004, 16.42, 46.64);
insert into SHOT values (2458, 2187, 2195, 39, 7.760, 329.06, -19.11, 7.761, 329.06, -19.10, 0.001, 352.00, 26.16);
insert into SHOT values (2459, 2187, 2196, 39, 6.290, 325.13, 14.09, 6.295, 325.14, 14.07, 0.005, 335.62, -14.09);
insert into SHOT values (2460, 2187, 2197, 39, 6.580, 325.90, 38.48, 6.587, 325.91, 38.49, 0.008, 335.24, 47.71);
insert into SHOT values (2461, 2187, 2198, 39, 12.380, 146.33, 85.26, 12.382, 146.15, 85.26, 0.004, 63.76, 36.54);
insert into SHOT values (2462, 2187, 2199, 39, 12.900, 143.95, 59.31, 12.897, 143.90, 59.30, 0.007, 58.70, -27.45);
insert into SHOT values (2463, 2187, 2200, 39, 12.300, 141.51, 36.90, 12.303, 141.52, 36.92, 0.005, 238.31, 66.52);
insert into SHOT values (2464, 2187, 2201, 39, 7.030, 331.19, -7.59, 7.030, 331.26, -7.60, 0.009, 63.08, -9.07);
insert into SHOT values (2465, 2187, 2201, 39, 7.030, 331.44, -7.63, 7.030, 331.26, -7.60, 0.022, 242.31, 9.10);
insert into SHOT values (2466, 2187, 2201, 39, 7.030, 331.24, -7.63, 7.030, 331.26, -7.60, 0.005, 54.54, 48.26);
insert into SHOT values (2467, 2201, 2202, 39, 2.530, 248.87, -5.19, 2.531, 248.83, -5.21, 0.002, 172.67, -33.44);
insert into SHOT values (2468, 2201, 2203, 39, 3.970, 238.26, 10.41, 3.968, 238.31, 10.45, 0.005, 9.54, 32.56);
insert into SHOT values (2469, 2201, 2204, 39, 6.010, 91.28, 1.72, 6.014, 91.24, 1.72, 0.006, 45.09, -3.77);
insert into SHOT values (2470, 2201, 2205, 39, 6.660, 147.37, 5.09, 6.656, 147.32, 5.09, 0.007, 24.09, -6.79);
insert into SHOT values (2471, 2201, 2206, 39, 2.080, 187.05, 6.65, 2.079, 186.95, 6.63, 0.004, 83.84, -13.65);
insert into SHOT values (2472, 2201, 2207, 39, 5.890, 165.40, 10.39, 5.883, 165.39, 10.38, 0.007, 356.90, -19.47);
insert into SHOT values (2473, 2201, 2208, 39, 11.220, 174.83, 51.09, 11.221, 174.79, 51.08, 0.005, 105.76, -7.27);
insert into SHOT values (2474, 2201, 2209, 39, 3.830, 166.43, 65.64, 3.829, 166.41, 65.72, 0.006, 353.31, 9.75);
insert into SHOT values (2475, 2201, 2210, 39, 2.610, 164.90, 71.50, 2.606, 164.62, 71.43, 0.007, 95.75, -50.13);
insert into SHOT values (2476, 2201, 2211, 39, 51.120, 152.33, 40.74, 51.118, 152.32, 40.74, 0.005, 49.21, -27.02);
insert into SHOT values (2477, 2201, 2212, 39, 1.360, 283.90, -77.61, 1.361, 284.04, -77.76, 0.004, 91.76, -27.16);
insert into SHOT values (2478, 2201, 2213, 39, 14.440, 94.48, -88.54, 14.445, 94.64, -88.53, 0.006, 111.48, -53.68);
insert into SHOT values (2479, 2201, 2214, 39, 14.920, 336.08, -84.31, 14.923, 336.04, -84.32, 0.004, 185.65, -57.70);
insert into SHOT values (2480, 2201, 2215, 39, 1.580, 136.20, -85.94, 1.573, 122.01, -86.56, 0.031, 4.78, 11.07);
insert into SHOT values (2481, 2201, 2215, 39, 1.570, 119.26, -86.67, 1.573, 122.01, -86.56, 0.006, 175.37, -25.97);
insert into SHOT values (2482, 2201, 2215, 39, 1.580, 117.89, -86.47, 1.573, 122.01, -86.56, 0.010, 233.09, 43.10);
insert into SHOT values (2483, 2215, 2216, 39, 16.640, 331.62, -66.58, 16.623, 331.45, -66.64, 0.031, 192.29, 17.11);
insert into SHOT values (2484, 2215, 2216, 39, 16.620, 331.44, -66.59, 16.623, 331.45, -66.64, 0.014, 144.81, -34.06);
insert into SHOT values (2485, 2215, 2216, 39, 16.620, 331.22, -66.63, 16.623, 331.45, -66.64, 0.027, 63.93, -7.39);
insert into SHOT values (2486, 2216, 2217, 39, 1.260, 5.25, 0.63, 1.265, 4.99, 0.45, 0.008, 315.41, -27.11);
insert into SHOT values (2487, 2216, 2218, 39, 1.500, 324.32, -1.72, 1.505, 324.20, -1.90, 0.008, 291.04, -40.15);
insert into SHOT values (2488, 2216, 2219, 39, 2.270, 296.25, -0.50, 2.276, 296.34, -0.50, 0.007, 325.35, -1.49);
insert into SHOT values (2489, 2216, 2220, 39, 8.540, 272.68, -3.00, 8.541, 272.69, -3.02, 0.003, 320.15, -62.18);
insert into SHOT values (2490, 2216, 2221, 39, 7.080, 267.78, -2.80, 7.084, 267.81, -2.83, 0.007, 316.25, -37.31);
insert into SHOT values (2491, 2216, 2222, 39, 1.720, 261.07, -0.68, 1.720, 261.30, -0.67, 0.007, 352.09, 3.36);
insert into SHOT values (2492, 2216, 2223, 39, 1.830, 202.75, 2.46, 1.826, 202.91, 2.51, 0.007, 333.93, 12.13);
insert into SHOT values (2493, 2216, 2224, 39, 3.440, 174.96, 5.59, 3.439, 174.97, 5.51, 0.005, 297.64, -80.29);
insert into SHOT values (2494, 2216, 2225, 39, 3.500, 149.44, 8.67, 3.500, 149.43, 8.54, 0.008, 127.05, -82.55);
insert into SHOT values (2495, 2216, 2226, 39, 3.240, 124.35, 16.28, 3.229, 124.36, 16.18, 0.012, 302.22, -42.25);
insert into SHOT values (2496, 2216, 2227, 39, 7.940, 90.04, 28.64, 7.930, 90.00, 28.63, 0.011, 299.70, -30.05);
insert into SHOT values (2497, 2216, 2228, 39, 8.230, 101.06, 46.35, 8.223, 101.07, 46.35, 0.007, 267.61, -43.42);
insert into SHOT values (2498, 2216, 2229, 39, 9.150, 157.43, 31.20, 9.143, 157.44, 31.23, 0.008, 331.19, 0.37);
insert into SHOT values (2499, 2216, 2230, 39, 12.830, 165.44, 49.89, 12.827, 165.49, 49.89, 0.008, 272.59, -17.38);
insert into SHOT values (2500, 2216, 2231, 39, 9.740, 169.88, 64.58, 9.731, 169.93, 64.60, 0.010, 321.67, -43.28);
insert into SHOT values (2501, 2216, 2232, 39, 7.410, 178.27, 74.64, 7.404, 178.25, 74.64, 0.006, 21.51, -69.11);
insert into SHOT values (2502, 2216, 2233, 39, 2.720, 23.58, 85.70, 2.718, 22.83, 85.65, 0.004, 332.85, -34.04);
insert into SHOT values (2503, 2216, 2234, 39, 1.100, 356.19, 42.96, 1.106, 355.76, 42.72, 0.009, 316.11, 2.22);
insert into SHOT values (2504, 2216, 2235, 39, 2.750, 342.80, -39.49, 2.753, 342.76, -39.47, 0.004, 317.39, -17.86);
insert into SHOT values (2505, 2216, 2236, 39, 9.530, 344.93, -58.82, 9.540, 344.87, -58.80, 0.011, 308.61, -35.93);
insert into SHOT values (2506, 2216, 2237, 39, 6.670, 344.80, -70.18, 6.678, 344.68, -70.12, 0.012, 316.98, -26.36);
insert into SHOT values (2507, 2216, 2238, 39, 7.710, 272.53, -8.40, 7.689, 272.49, -8.38, 0.022, 108.61, 16.74);
insert into SHOT values (2508, 2216, 2238, 39, 7.660, 272.44, -8.39, 7.689, 272.49, -8.38, 0.030, 284.35, -4.47);
insert into SHOT values (2509, 2216, 2238, 39, 7.690, 272.44, -8.37, 7.689, 272.49, -8.38, 0.006, 11.07, -5.56);
insert into SHOT values (2510, 2238, 2239, 39, 1.520, 119.15, -1.96, 1.523, 119.09, -2.26, 0.009, 90.78, -67.69);
insert into SHOT values (2511, 2238, 2240, 39, 4.160, 96.34, -1.12, 4.157, 96.36, -1.24, 0.009, 259.38, -66.19);
insert into SHOT values (2512, 2238, 2241, 39, 4.900, 89.92, -2.10, 4.903, 89.88, -2.10, 0.005, 46.18, -5.57);
insert into SHOT values (2513, 2238, 2242, 39, 7.990, 87.78, -1.74, 7.990, 87.78, -1.79, 0.007, 333.21, -84.48);
insert into SHOT values (2514, 2238, 2243, 39, 8.700, 82.08, -1.21, 8.695, 82.07, -1.25, 0.008, 286.33, -49.81);
insert into SHOT values (2515, 2238, 2244, 39, 4.310, 79.88, -0.66, 4.308, 79.84, -0.67, 0.004, 315.80, -5.29);
insert into SHOT values (2516, 2238, 2245, 39, 1.950, 63.20, 2.44, 1.952, 63.17, 2.35, 0.004, 33.15, -57.88);
insert into SHOT values (2517, 2238, 2246, 39, 0.410, 1.94, 6.69, 0.412, 1.40, 5.57, 0.009, 308.63, -58.03);
insert into SHOT values (2518, 2238, 2247, 39, 1.710, 186.93, 78.37, 1.705, 186.71, 78.42, 0.006, 35.88, -60.95);
insert into SHOT values (2519, 2238, 2248, 39, 4.150, 120.55, 61.29, 4.151, 120.42, 61.28, 0.005, 43.79, 2.39);
insert into SHOT values (2520, 2238, 2249, 39, 40.000, 120.91, 53.48, 39.994, 120.92, 53.48, 0.007, 238.84, -56.67);
insert into SHOT values (2521, 2238, 2250, 39, 13.990, 113.13, 48.16, 13.985, 113.10, 48.16, 0.007, 341.73, -23.78);
insert into SHOT values (2522, 2238, 2251, 39, 15.850, 103.93, 35.85, 15.848, 103.92, 35.84, 0.004, 11.40, -44.34);
insert into SHOT values (2523, 2238, 2252, 39, 13.680, 93.09, 17.22, 13.682, 93.07, 17.22, 0.005, 26.81, 1.79);
insert into SHOT values (2524, 2238, 2253, 39, 8.550, 80.18, -6.90, 8.547, 80.16, -6.92, 0.005, 302.11, -32.86);
insert into SHOT values (2525, 2238, 2254, 39, 10.160, 72.25, -24.52, 10.159, 72.23, -24.54, 0.005, 297.40, -39.98);
insert into SHOT values (2526, 2238, 2255, 39, 3.400, 267.50, 19.12, 3.418, 267.52, 18.95, 0.021, 270.35, -10.07);
insert into SHOT values (2527, 2238, 2255, 39, 3.420, 267.36, 18.90, 3.418, 267.52, 18.95, 0.010, 13.55, 13.33);
insert into SHOT values (2528, 2238, 2255, 39, 3.430, 267.71, 19.09, 3.418, 267.52, 18.95, 0.018, 140.05, -40.77);
insert into SHOT values (2529, 2255, 2256, 39, 0.870, 172.61, 4.20, 0.869, 172.71, 3.96, 0.004, 285.91, -65.87);
insert into SHOT values (2530, 2255, 2257, 39, 3.520, 213.73, -2.51, 3.514, 213.74, -2.45, 0.007, 30.25, 37.68);
insert into SHOT values (2531, 2255, 2258, 39, 7.720, 243.91, -5.26, 7.716, 243.90, -5.28, 0.005, 78.83, -28.07);
insert into SHOT values (2532, 2255, 2259, 39, 6.800, 264.15, -3.29, 6.796, 264.16, -3.29, 0.004, 60.51, 3.63);
insert into SHOT values (2533, 2255, 2260, 39, 5.280, 278.40, -2.41, 5.281, 278.39, -2.39, 0.002, 243.25, 55.08);
insert into SHOT values (2534, 2255, 2261, 39, 0.990, 286.75, -3.02, 0.985, 287.15, -2.91, 0.009, 52.73, 14.42);
insert into SHOT values (2535, 2255, 2262, 39, 1.850, 133.45, 4.93, 1.853, 133.46, 4.95, 0.003, 141.67, 18.17);
insert into SHOT values (2536, 2255, 2263, 39, 1.720, 98.70, -3.95, 1.724, 98.70, -3.99, 0.004, 96.69, -21.47);
insert into SHOT values (2537, 2255, 2264, 39, 1.430, 188.50, -80.97, 1.427, 187.77, -81.05, 0.004, 58.11, 31.34);
insert into SHOT values (2538, 2255, 2265, 39, 3.210, 272.41, -67.48, 3.215, 272.33, -67.49, 0.005, 223.97, -63.70);
insert into SHOT values (2539, 2255, 2266, 39, 10.460, 280.76, -65.24, 10.460, 280.80, -65.26, 0.005, 60.97, -19.99);
insert into SHOT values (2540, 2255, 2267, 39, 11.070, 277.08, -59.10, 11.070, 277.07, -59.11, 0.002, 114.03, -35.67);
insert into SHOT values (2541, 2255, 2268, 39, 12.890, 276.37, -48.14, 12.891, 276.41, -48.13, 0.006, 345.68, 1.80);
insert into SHOT values (2542, 2255, 2269, 39, 11.330, 272.07, -34.35, 11.330, 272.08, -34.33, 0.004, 316.94, 45.07);
insert into SHOT values (2543, 2255, 2270, 39, 6.670, 270.17, 4.71, 6.673, 270.17, 4.73, 0.003, 276.18, 41.97);
insert into SHOT values (2544, 2255, 2271, 39, 0.830, 250.88, 46.92, 0.828, 251.24, 47.46, 0.009, 44.71, 25.20);
insert into SHOT values (2545, 2255, 2272, 39, 10.040, 199.84, 60.41, 10.037, 199.82, 60.43, 0.004, 37.53, -7.93);
insert into SHOT values (2546, 2255, 2273, 39, 14.800, 164.53, 61.44, 14.802, 164.51, 61.44, 0.003, 106.07, 17.88);
insert into SHOT values (2547, 2255, 2274, 39, 2.960, 126.43, 47.47, 2.960, 126.47, 47.44, 0.002, 176.22, -35.77);
insert into SHOT values (2548, 2255, 2275, 39, 0.850, 124.71, 73.59, 0.854, 123.02, 73.78, 0.009, 21.11, 32.64);
insert into SHOT values (2549, 2255, 2276, 39, 1.630, 150.45, 66.31, 1.629, 149.93, 66.15, 0.007, 92.23, -20.66);
insert into SHOT values (2550, 2255, 2277, 39, 10.070, 271.36, -53.95, 10.074, 271.26, -54.00, 0.014, 157.39, -35.95);
insert into SHOT values (2551, 2255, 2277, 39, 10.070, 271.30, -53.98, 10.074, 271.26, -54.00, 0.007, 175.84, -50.36);
insert into SHOT values (2552, 2255, 2277, 39, 10.080, 271.01, -54.01, 10.074, 271.26, -54.00, 0.026, 5.65, 12.98);
insert into SHOT values (2553, 2277, 2278, 39, 2.580, 98.62, 1.61, 2.581, 98.70, 1.55, 0.004, 177.51, -35.68);
insert into SHOT values (2554, 2277, 2279, 39, 4.080, 70.90, -1.24, 4.074, 70.94, -1.27, 0.007, 223.46, -14.66);
insert into SHOT values (2555, 2277, 2280, 39, 3.340, 28.45, 1.44, 3.335, 28.49, 1.55, 0.008, 186.45, 46.54);
insert into SHOT values (2556, 2277, 2281, 39, 2.780, 341.69, -0.95, 2.780, 341.76, -0.82, 0.007, 71.05, 60.65);
insert into SHOT values (2557, 2277, 2282, 39, 4.500, 298.65, -2.51, 4.501, 298.56, -2.42, 0.010, 220.84, 44.26);
insert into SHOT values (2558, 2277, 2283, 39, 2.150, 280.08, -3.63, 2.146, 279.95, -3.47, 0.009, 155.16, 45.06);
insert into SHOT values (2559, 2277, 2284, 39, 2.840, 351.94, 0.15, 2.838, 351.90, 0.20, 0.004, 222.99, 44.10);
insert into SHOT values (2560, 2277, 2285, 39, 3.750, 1.30, 45.98, 3.749, 1.32, 46.07, 0.006, 170.48, 32.50);
insert into SHOT values (2561, 2277, 2286, 39, 5.260, 5.34, 67.62, 5.264, 5.45, 67.68, 0.008, 138.19, 48.78);
insert into SHOT values (2562, 2277, 2287, 39, 7.000, 325.20, 83.28, 6.998, 324.95, 83.28, 0.004, 223.83, -27.72);
insert into SHOT values (2563, 2277, 2288, 39, 20.930, 111.73, 80.40, 20.933, 111.71, 80.41, 0.005, 313.24, 42.90);
insert into SHOT values (2564, 2277, 2289, 39, 18.220, 119.56, 75.75, 18.220, 119.54, 75.76, 0.003, 335.75, 12.30);
insert into SHOT values (2565, 2277, 2290, 39, 5.220, 313.19, -28.72, 5.214, 313.23, -28.78, 0.008, 112.45, -11.19);
insert into SHOT values (2566, 2277, 2290, 39, 5.210, 313.15, -28.64, 5.214, 313.23, -28.78, 0.014, 65.01, -62.79);
insert into SHOT values (2567, 2277, 2290, 39, 5.220, 313.29, -28.87, 5.214, 313.23, -28.78, 0.012, 210.46, 63.40);
insert into SHOT values (2568, 2290, 2291, 39, 0.720, 287.33, 2.14, 0.722, 286.93, 2.38, 0.006, 216.22, 30.18);
insert into SHOT values (2569, 2290, 2292, 39, 3.170, 270.90, 0.26, 3.170, 270.90, 0.36, 0.006, 296.18, 85.19);
insert into SHOT values (2570, 2290, 2293, 39, 6.850, 264.14, 1.27, 6.858, 264.14, 1.34, 0.011, 263.89, 47.43);
insert into SHOT values (2571, 2290, 2294, 39, 8.620, 257.40, 12.08, 8.625, 257.40, 12.11, 0.007, 252.22, 55.96);
insert into SHOT values (2572, 2290, 2295, 39, 0.480, 241.02, 33.20, 0.488, 242.18, 33.56, 0.012, 298.02, 36.21);
insert into SHOT values (2573, 2290, 2296, 39, 7.760, 229.14, 43.64, 7.763, 229.19, 43.67, 0.007, 325.82, 44.10);
insert into SHOT values (2574, 2290, 2297, 39, 9.680, 203.52, 55.71, 9.683, 203.56, 55.71, 0.004, 277.18, 33.22);
insert into SHOT values (2575, 2290, 2298, 39, 7.250, 180.73, 59.51, 7.253, 180.78, 59.51, 0.004, 241.01, 35.41);
insert into SHOT values (2576, 2290, 2299, 39, 1.830, 240.39, 6.41, 1.830, 240.33, 6.59, 0.006, 143.75, 72.35);
insert into SHOT values (2577, 2290, 2300, 39, 7.550, 258.55, 7.99, 7.551, 258.58, 7.99, 0.005, 333.64, 6.63);
insert into SHOT values (2578, 2290, 2301, 39, 9.590, 261.11, 5.11, 9.590, 261.15, 4.97, 0.025, 334.96, -74.36);
insert into SHOT values (2579, 2290, 2301, 39, 9.590, 261.11, 4.92, 9.590, 261.15, 4.97, 0.010, 358.98, 48.89);
insert into SHOT values (2580, 2290, 2301, 39, 9.580, 261.12, 4.86, 9.590, 261.15, 4.97, 0.021, 291.59, 62.59);
insert into SHOT values (2581, 2290, 2302, 39, 8.020, 301.04, -43.92, 8.029, 301.25, -43.73, 0.035, 341.70, 21.71);
insert into SHOT values (2582, 2290, 2302, 39, 8.020, 301.00, -43.88, 8.029, 301.25, -43.73, 0.034, 351.44, 15.34);
insert into SHOT values (2583, 2290, 2302, 39, 8.040, 301.73, -43.46, 8.029, 301.25, -43.73, 0.062, 176.50, -18.38);
insert into SHOT values (2584, 2302, 2303, 39, 0.690, 177.64, -2.28, 0.691, 177.51, -1.66, 0.008, 125.09, 75.21);
insert into SHOT values (2585, 2302, 2304, 39, 0.880, 198.84, -75.18, 0.878, 198.43, -75.40, 0.004, 41.57, 10.16);
insert into SHOT values (2586, 2302, 2305, 39, 1.290, 152.41, 67.55, 1.299, 152.40, 67.52, 0.009, 151.47, 63.53);
insert into SHOT values (2587, 2302, 2306, 39, 1.700, 106.03, 43.69, 1.703, 106.07, 43.86, 0.006, 249.11, 74.78);
insert into SHOT values (2588, 2302, 2307, 39, 1.400, 100.51, 15.79, 1.396, 100.72, 15.79, 0.006, 226.97, -8.70);
insert into SHOT values (2589, 2302, 2308, 39, 0.930, 228.26, 54.46, 0.931, 228.01, 54.70, 0.005, 91.81, 43.96);
insert into SHOT values (2590, 2302, 2309, 39, 1.380, 244.25, 23.14, 1.380, 244.24, 23.49, 0.008, 66.31, 67.17);
insert into SHOT values (2591, 2302, 2310, 39, 3.200, 242.11, 15.27, 3.201, 242.19, 15.40, 0.008, 339.10, 59.12);
insert into SHOT values (2592, 2302, 2311, 39, 2.340, 265.70, -9.22, 2.336, 265.77, -9.11, 0.007, 45.74, 47.22);
insert into SHOT values (2593, 2302, 2312, 39, 1.720, 268.45, -33.36, 1.720, 268.41, -33.13, 0.007, 253.80, 54.93);
insert into SHOT values (2594, 2302, 2313, 39, 0.950, 262.39, -52.36, 0.951, 262.15, -52.02, 0.006, 237.35, 21.13);
insert into SHOT values (2595, 2302, 2314, 39, 1.060, 152.74, -75.06, 1.056, 151.56, -75.02, 0.007, 58.81, 36.43);
insert into SHOT values (2596, 2302, 2315, 39, 1.470, 112.06, -37.41, 1.467, 112.17, -37.35, 0.004, 235.79, 49.49);
insert into SHOT values (2597, 2302, 2316, 39, 0.700, 182.21, 2.46, 0.701, 182.45, 2.45, 0.003, 248.97, -0.80);
insert into SHOT values (2598, 2302, 2317, 39, 0.270, 5.85, -3.51, 0.272, 6.34, -2.11, 0.007, 52.97, 64.09);
insert into SHOT values (2599, 2302, 2318, 39, 1.410, 330.46, -68.59, 1.408, 330.95, -68.55, 0.005, 59.70, 31.75);
insert into SHOT values (2600, 2302, 2319, 39, 2.590, 322.68, -71.00, 2.591, 322.72, -71.03, 0.002, 115.56, -39.38);
insert into SHOT values (2601, 2302, 2320, 39, 2.440, 269.79, -10.60, 2.442, 269.76, -10.62, 0.002, 233.82, -29.49);
insert into SHOT values (2602, 2302, 2321, 39, 5.890, 263.86, -10.45, 5.884, 263.75, -10.58, 0.018, 139.06, -40.15);
insert into SHOT values (2603, 2302, 2321, 39, 5.890, 263.69, -10.63, 5.884, 263.75, -10.58, 0.010, 31.65, 41.55);
insert into SHOT values (2604, 2302, 2321, 39, 5.880, 263.80, -10.62, 5.884, 263.75, -10.58, 0.008, 217.74, 26.30);
insert into SHOT values (2605, 2321, 2322, 39, 0.610, 354.41, -7.21, 0.607, 354.29, -6.62, 0.007, 204.56, 68.93);
insert into SHOT values (2606, 2321, 2323, 39, 0.230, 189.12, -6.15, 0.224, 190.30, -5.11, 0.008, 327.02, 33.93);
insert into SHOT values (2607, 2321, 2324, 39, 0.890, 87.19, 73.23, 0.896, 87.71, 73.78, 0.011, 248.23, 48.36);
insert into SHOT values (2608, 2321, 2325, 39, 0.900, 48.99, -60.60, 0.895, 48.69, -60.61, 0.005, 271.46, 50.35);
insert into SHOT values (2609, 2321, 2326, 39, 1.280, 56.54, -37.56, 1.276, 56.31, -37.69, 0.007, 274.86, 2.43);
insert into SHOT values (2610, 2321, 2327, 39, 3.800, 69.77, -13.80, 3.797, 69.70, -13.71, 0.008, 325.88, 53.55);
insert into SHOT values (2611, 2321, 2328, 39, 1.880, 78.15, 7.60, 1.878, 77.91, 7.65, 0.008, 332.78, 9.35);
insert into SHOT values (2612, 2321, 2329, 39, 1.220, 118.70, 80.40, 1.227, 119.05, 80.34, 0.008, 146.17, 68.70);
insert into SHOT values (2613, 2321, 2330, 39, 1.400, 90.96, 56.13, 1.406, 90.73, 56.31, 0.008, 357.67, 67.90);
insert into SHOT values (2614, 2321, 2331, 39, 0.910, 37.64, -21.58, 0.904, 37.28, -21.40, 0.008, 269.28, 34.71);
insert into SHOT values (2615, 2321, 2332, 39, 2.240, 4.15, -50.95, 2.242, 4.06, -50.91, 0.003, 319.68, -7.35);
insert into SHOT values (2616, 2321, 2333, 39, 3.450, 282.69, -18.31, 3.453, 282.68, -18.23, 0.006, 275.97, 39.27);
insert into SHOT values (2617, 2321, 2334, 39, 2.310, 270.17, 10.61, 2.310, 270.25, 10.73, 0.006, 8.65, 54.78);
insert into SHOT values (2618, 2321, 2335, 39, 3.460, 279.66, -11.34, 3.467, 279.82, -11.31, 0.012, 332.26, 1.61);
insert into SHOT values (2619, 2321, 2335, 39, 3.470, 279.83, -11.29, 3.467, 279.82, -11.31, 0.003, 108.24, -12.24);
insert into SHOT values (2620, 2321, 2335, 39, 3.470, 279.63, -11.38, 3.467, 279.82, -11.31, 0.012, 19.37, 22.00);
insert into SHOT values (2621, 2216, 2336, 39, 6.470, 353.97, -71.04, 6.471, 353.72, -71.04, 0.009, 266.73, -6.37);
insert into SHOT values (2622, 2216, 2336, 39, 6.460, 353.82, -71.17, 6.471, 353.72, -71.04, 0.019, 342.03, -17.72);
insert into SHOT values (2623, 2216, 2336, 39, 6.470, 353.46, -71.10, 6.471, 353.72, -71.04, 0.012, 47.78, 5.70);
insert into SHOT values (2624, 2336, 2337, 39, 2.250, 331.47, -30.64, 2.253, 331.32, -30.69, 0.006, 261.65, -31.23);
insert into SHOT values (2625, 2336, 2337, 39, 2.250, 331.27, -30.64, 2.253, 331.32, -30.69, 0.004, 12.42, -52.84);
insert into SHOT values (2626, 2336, 2337, 39, 2.250, 331.62, -30.53, 2.253, 331.32, -30.69, 0.012, 239.72, -34.57);
insert into SHOT values (2627, 2337, 2338, 39, 0.880, 8.14, 25.49, 0.876, 8.75, 25.71, 0.010, 130.10, 7.46);
insert into SHOT values (2628, 2337, 2339, 39, 1.470, 39.77, 28.27, 1.469, 39.98, 28.45, 0.007, 160.65, 34.86);
insert into SHOT values (2629, 2337, 2340, 39, 1.220, 109.23, 27.61, 1.223, 109.44, 27.79, 0.006, 190.79, 48.87);
insert into SHOT values (2630, 2337, 2341, 39, 1.740, 254.34, 43.24, 1.745, 254.43, 43.46, 0.008, 13.62, 74.52);
insert into SHOT values (2631, 2337, 2342, 39, 5.620, 1.66, -71.42, 5.610, 1.90, -71.17, 0.028, 22.05, 38.29);
insert into SHOT values (2632, 2337, 2342, 39, 5.610, 1.79, -70.97, 5.610, 1.90, -71.17, 0.020, 171.12, -19.59);
insert into SHOT values (2633, 2337, 2342, 39, 5.600, 2.42, -71.07, 5.610, 1.90, -71.17, 0.022, 253.05, -36.39);
insert into SURVEY values (41, 22, '20151024_spela_matija_skufca_diba_butrus', '20151024_spela_matija_skufca_diba_butrus.2015.brezno_na_toscu', NULL);
 insert into CENTRELINE values (42, 41, NULL, NULL, NULL, 0.00, 0.00, 0.00);
 insert into CENTRELINE values (43, 41, NULL, '2015-10-24', '2015-10-24', 342.29, 0.00, 0.00);
 insert into SHOT values (2634, 2343, 2344, 43, 0.000, 0.00, 0.00, 0.000, 90.00, 0.00, 0.000, 90.00, 0.00);
insert into SHOT values (2635, 2343, 2345, 43, 1.010, 169.26, 13.24, 1.013, 169.49, 13.12, 0.005, 218.30, -14.29);
insert into SHOT values (2636, 2343, 2346, 43, 1.180, 177.56, 17.36, 1.184, 177.97, 17.20, 0.010, 239.02, -12.66);
insert into SHOT values (2637, 2343, 2347, 43, 2.870, 196.67, 34.10, 2.873, 196.61, 34.09, 0.004, 152.66, 14.39);
insert into SHOT values (2638, 2343, 2348, 43, 3.590, 210.29, 42.90, 3.601, 210.26, 42.87, 0.012, 201.27, 32.22);
insert into SHOT values (2639, 2343, 2349, 43, 3.190, 219.82, 47.87, 3.196, 219.70, 47.86, 0.008, 176.93, 33.23);
insert into SHOT values (2640, 2343, 2350, 43, 1.490, 239.20, 44.95, 1.491, 239.31, 44.78, 0.005, 269.37, -32.31);
insert into SHOT values (2641, 2343, 2351, 43, 1.570, 252.24, 23.81, 1.575, 252.19, 23.98, 0.007, 228.14, 65.72);
insert into SHOT values (2642, 2343, 2352, 43, 0.910, 273.70, 9.51, 0.914, 273.18, 9.45, 0.009, 208.94, -2.22);
insert into SHOT values (2643, 2343, 2353, 43, 0.910, 291.12, -2.48, 0.909, 290.63, -2.52, 0.008, 194.22, -4.56);
insert into SHOT values (2644, 2343, 2354, 43, 1.010, 307.92, -10.67, 1.014, 307.67, -10.22, 0.010, 270.21, 44.94);
insert into SHOT values (2645, 2343, 2355, 43, 0.660, 46.31, -27.16, 0.653, 46.40, -27.35, 0.007, 219.35, 9.93);
insert into SHOT values (2646, 2343, 2356, 43, 2.210, 9.61, -40.90, 2.200, 9.69, -40.88, 0.010, 170.78, 44.55);
insert into SHOT values (2647, 2343, 2357, 43, 2.210, 354.13, -43.86, 2.206, 353.86, -43.91, 0.009, 233.88, 8.53);
insert into SHOT values (2648, 2343, 2358, 43, 1.190, 325.57, -26.94, 1.187, 325.41, -27.07, 0.005, 182.16, -9.74);
insert into SHOT values (2649, 2343, 2359, 43, 1.060, 301.04, -10.23, 1.062, 300.49, -10.31, 0.010, 218.28, -9.85);
insert into SHOT values (2650, 2343, 2360, 43, 1.030, 330.83, 12.24, 1.022, 330.61, 12.43, 0.009, 176.07, 10.34);
insert into SHOT values (2651, 2343, 2361, 43, 3.610, 340.12, 13.78, 3.606, 339.96, 13.80, 0.011, 227.27, 0.64);
insert into SHOT values (2652, 2343, 2362, 43, 2.190, 348.38, 6.18, 2.188, 348.33, 6.30, 0.005, 208.75, 54.53);
insert into SHOT values (2653, 2343, 2363, 43, 2.940, 341.27, 26.09, 2.943, 341.22, 26.21, 0.007, 254.41, 72.52);
insert into SHOT values (2654, 2343, 2364, 43, 2.490, 337.03, 39.33, 2.488, 337.04, 39.42, 0.004, 153.79, 26.85);
insert into SHOT values (2655, 2343, 2365, 43, 2.470, 325.72, 55.60, 2.471, 325.51, 55.63, 0.005, 232.64, 21.28);
insert into SHOT values (2656, 2343, 2366, 43, 0.780, 279.38, 66.33, 0.785, 279.16, 66.44, 0.006, 225.13, 75.34);
insert into SHOT values (2657, 2343, 2367, 43, 4.030, 57.20, -56.75, 4.024, 57.25, -56.87, 0.010, 226.46, 1.32);
insert into SHOT values (2658, 2343, 2368, 43, 3.050, 11.30, -58.53, 3.048, 11.24, -58.54, 0.003, 235.12, 29.66);
insert into SHOT values (2659, 2343, 2369, 43, 2.030, 334.41, 12.84, 2.019, 334.09, 12.88, 0.016, 198.71, -4.04);
insert into SHOT values (2660, 2343, 2369, 43, 2.000, 334.41, 12.90, 2.019, 334.09, 12.88, 0.022, 303.13, 9.28);
insert into SHOT values (2661, 2343, 2369, 43, 2.030, 333.96, 12.63, 2.019, 334.09, 12.88, 0.015, 135.57, 24.09);
insert into SHOT values (2662, 2369, 2370, 43, 1.090, 173.30, 80.58, 1.085, 173.66, 80.39, 0.006, 196.12, -61.05);
insert into SHOT values (2663, 2369, 2371, 43, 1.130, 347.32, 49.03, 1.125, 347.47, 49.05, 0.005, 137.08, -39.71);
insert into SHOT values (2664, 2369, 2372, 43, 1.710, 342.27, 2.46, 1.712, 342.31, 2.34, 0.004, 5.65, -51.15);
insert into SHOT values (2665, 2369, 2373, 43, 0.810, 345.38, -55.62, 0.809, 345.96, -55.90, 0.006, 115.34, -13.96);
insert into SHOT values (2666, 2369, 2374, 43, 0.740, 73.67, -72.86, 0.743, 74.05, -72.90, 0.003, 151.55, -62.38);
insert into SHOT values (2667, 2369, 2375, 43, 0.350, 69.79, 1.40, 0.351, 70.02, 1.63, 0.002, 118.00, 37.84);
insert into SHOT values (2668, 2369, 2376, 43, 0.850, 74.70, 58.73, 0.856, 74.41, 58.55, 0.007, 51.07, 31.44);
insert into SHOT values (2669, 2369, 2377, 43, 1.690, 338.79, 1.27, 1.685, 338.77, 1.36, 0.006, 166.10, 25.68);
insert into SHOT values (2670, 2369, 2377, 43, 1.690, 338.70, 1.28, 1.685, 338.77, 1.36, 0.006, 138.07, 21.88);
insert into SHOT values (2671, 2369, 2377, 43, 1.690, 338.46, 1.38, 1.685, 338.77, 1.36, 0.010, 98.37, -3.85);
insert into SHOT values (2672, 2377, 2378, 43, 0.310, 235.98, 14.71, 0.307, 237.38, 15.08, 0.008, 349.19, 9.23);
insert into SHOT values (2673, 2377, 2379, 43, 0.860, 324.46, 46.15, 0.864, 324.46, 45.84, 0.006, 324.68, -1.74);
insert into SHOT values (2674, 2377, 2380, 43, 0.700, 160.18, 86.83, 0.701, 161.57, 87.41, 0.007, 334.03, 8.54);
insert into SHOT values (2675, 2377, 2381, 43, 0.510, 153.14, 42.86, 0.503, 152.74, 42.49, 0.008, 17.34, -61.99);
insert into SHOT values (2676, 2377, 2382, 43, 0.890, 235.59, -70.94, 0.888, 236.31, -71.05, 0.004, 357.03, 15.87);
insert into SHOT values (2677, 2377, 2383, 43, 2.460, 312.16, -33.92, 2.468, 312.03, -34.00, 0.010, 268.64, -46.76);
insert into SHOT values (2678, 2377, 2383, 43, 2.460, 311.72, -34.04, 2.468, 312.03, -34.00, 0.014, 6.49, -12.37);
insert into SHOT values (2679, 2377, 2383, 43, 2.460, 311.79, -33.91, 2.468, 312.03, -34.00, 0.012, 13.03, -37.96);
insert into SHOT values (2680, 2383, 2384, 43, 0.290, 227.92, 2.42, 0.298, 227.73, 3.85, 0.011, 220.37, 45.41);
insert into SHOT values (2681, 2383, 2385, 43, 0.800, 237.26, 36.10, 0.810, 237.53, 36.36, 0.011, 266.24, 53.86);
insert into SHOT values (2682, 2383, 2386, 43, 3.030, 266.03, 77.87, 3.039, 265.53, 77.80, 0.011, 219.23, 45.03);
insert into SHOT values (2683, 2383, 2387, 43, 1.740, 261.05, 82.79, 1.744, 259.70, 82.64, 0.008, 215.37, 26.96);
insert into SHOT values (2684, 2383, 2388, 43, 0.600, 255.01, -58.49, 0.604, 253.81, -57.67, 0.011, 218.54, 7.66);
insert into SHOT values (2685, 2383, 2389, 43, 1.010, 334.32, -77.60, 1.003, 332.24, -77.64, 0.010, 227.77, 38.40);
insert into SHOT values (2686, 2383, 2390, 43, 0.920, 140.00, 9.06, 0.921, 140.36, 9.37, 0.008, 224.68, 42.13);
insert into SHOT values (2687, 2383, 2391, 43, 0.330, 211.90, -3.39, 0.333, 212.74, -3.44, 0.006, 266.81, -4.69);
insert into SHOT values (2688, 2383, 2392, 43, 1.430, 316.16, -16.95, 1.425, 315.89, -16.72, 0.010, 201.01, 44.21);
insert into SHOT values (2689, 2383, 2393, 43, 1.940, 322.17, -16.22, 1.943, 321.96, -16.14, 0.008, 260.28, 13.94);
insert into SHOT values (2690, 2383, 2394, 43, 3.170, 325.24, -27.64, 3.159, 325.18, -27.52, 0.013, 171.27, 55.89);
insert into SHOT values (2691, 2383, 2394, 43, 3.160, 325.20, -27.55, 3.159, 325.18, -27.52, 0.002, 240.21, 52.58);
insert into SHOT values (2692, 2383, 2394, 43, 3.170, 325.15, -27.67, 3.159, 325.18, -27.52, 0.013, 132.77, 64.28);
insert into SHOT values (2693, 2394, 2395, 43, 0.640, 244.80, 7.84, 0.645, 245.04, 7.13, 0.010, 269.56, -49.10);
insert into SHOT values (2694, 2394, 2396, 43, 2.430, 151.62, 5.17, 2.430, 151.64, 4.96, 0.009, 203.26, -84.81);
insert into SHOT values (2695, 2394, 2397, 43, 1.240, 107.62, 15.81, 1.231, 107.67, 15.55, 0.011, 279.19, -47.38);
insert into SHOT values (2696, 2394, 2398, 43, 1.050, 67.14, 13.76, 1.052, 66.95, 13.75, 0.004, 3.58, 3.78);
insert into SHOT values (2697, 2394, 2399, 43, 1.060, 30.84, 8.92, 1.057, 30.49, 8.71, 0.008, 277.42, -32.33);
insert into SHOT values (2698, 2394, 2400, 43, 2.400, 341.68, 13.26, 2.404, 341.57, 13.23, 0.006, 292.58, -4.50);
insert into SHOT values (2699, 2394, 2401, 43, 1.220, 312.91, 34.80, 1.219, 312.58, 34.47, 0.009, 251.65, -43.57);
insert into SHOT values (2700, 2394, 2402, 43, 2.920, 334.57, 31.68, 2.916, 334.47, 31.65, 0.006, 215.56, -34.57);
insert into SHOT values (2701, 2394, 2403, 43, 2.860, 327.98, 67.67, 2.855, 327.77, 67.61, 0.007, 251.17, -53.65);
insert into SHOT values (2702, 2394, 2404, 43, 4.270, 167.45, 87.19, 4.265, 168.69, 87.26, 0.009, 308.29, -34.84);
insert into SHOT values (2703, 2394, 2405, 43, 2.400, 137.18, 64.20, 2.401, 137.32, 64.13, 0.004, 179.72, -11.31);
insert into SHOT values (2704, 2394, 2406, 43, 0.220, 137.48, 46.52, 0.218, 137.73, 47.10, 0.003, 304.27, 7.43);
insert into SHOT values (2705, 2394, 2407, 43, 2.790, 58.60, -82.53, 2.794, 58.50, -82.52, 0.004, 21.44, -73.42);
insert into SHOT values (2706, 2394, 2408, 43, 2.880, 100.35, -72.77, 2.886, 100.24, -73.01, 0.013, 289.54, -43.44);
insert into SHOT values (2707, 2394, 2409, 43, 2.310, 342.28, 20.20, 2.303, 342.24, 20.06, 0.009, 181.81, -56.45);
insert into SHOT values (2708, 2394, 2409, 43, 2.310, 342.25, 20.26, 2.303, 342.24, 20.06, 0.011, 170.36, -68.13);
insert into SHOT values (2709, 2394, 2409, 43, 2.310, 342.31, 20.26, 2.303, 342.24, 20.06, 0.011, 197.97, -63.93);
insert into SHOT values (2710, 2409, 2410, 43, 0.450, 238.77, 1.33, 0.453, 239.47, 2.53, 0.011, 301.47, 56.91);
insert into SHOT values (2711, 2409, 2411, 43, 4.510, 225.49, 63.18, 4.515, 225.80, 63.19, 0.012, 306.23, 25.06);
insert into SHOT values (2712, 2409, 2412, 43, 0.920, 224.96, 70.49, 0.922, 226.33, 70.73, 0.008, 338.70, 19.54);
insert into SHOT values (2713, 2409, 2413, 43, 0.220, 36.30, 49.04, 0.223, 33.69, 49.69, 0.008, 305.04, 30.46);
insert into SHOT values (2714, 2409, 2414, 43, 0.470, 229.15, -36.91, 0.469, 230.39, -36.64, 0.008, 315.36, 15.50);
insert into SHOT values (2715, 2409, 2415, 43, 1.670, 312.96, -21.08, 1.675, 313.19, -20.99, 0.008, 2.61, 4.60);
insert into SHOT values (2716, 2409, 2415, 43, 1.670, 313.07, -21.12, 1.675, 313.19, -20.99, 0.007, 342.23, 15.00);
insert into SHOT values (2717, 2409, 2415, 43, 1.670, 312.74, -21.24, 1.675, 313.19, -20.99, 0.015, 13.24, 19.68);
insert into SHOT values (2718, 2415, 2416, 43, 1.360, 204.58, 8.08, 1.365, 204.48, 8.00, 0.006, 179.02, -11.83);
insert into SHOT values (2719, 2415, 2417, 43, 1.270, 246.03, 1.27, 1.272, 245.85, 1.35, 0.005, 177.42, 23.88);
insert into SHOT values (2720, 2415, 2418, 43, 1.760, 264.18, -0.18, 1.769, 264.16, 0.00, 0.011, 260.43, 30.98);
insert into SHOT values (2721, 2415, 2419, 43, 0.500, 289.03, 0.80, 0.506, 288.43, 1.13, 0.009, 247.75, 20.76);
insert into SHOT values (2722, 2415, 2420, 43, 0.410, 26.25, 24.26, 0.404, 25.87, 24.87, 0.008, 225.43, 11.64);
insert into SHOT values (2723, 2415, 2421, 43, 1.190, 210.17, 70.80, 1.197, 210.47, 70.76, 0.007, 243.41, 59.06);
insert into SHOT values (2724, 2415, 2422, 43, 0.830, 112.31, 85.05, 0.833, 116.57, 85.38, 0.008, 245.79, 24.29);
insert into SHOT values (2725, 2415, 2423, 43, 0.460, 30.22, 22.24, 0.454, 30.26, 23.36, 0.011, 208.53, 33.20);
insert into SHOT values (2726, 2415, 2424, 43, 0.430, 39.93, -59.40, 0.427, 41.19, -60.12, 0.008, 183.60, 0.87);
insert into SHOT values (2727, 2415, 2425, 43, 10.090, 255.71, -77.11, 10.087, 255.66, -77.05, 0.011, 243.27, 30.29);
insert into SHOT values (2728, 2415, 2426, 43, 10.270, 263.53, -71.56, 10.268, 263.47, -71.54, 0.005, 208.82, 30.85);
insert into SHOT values (2729, 2415, 2427, 43, 1.410, 266.39, 3.58, 1.416, 265.94, 3.64, 0.013, 205.95, 8.78);
insert into SHOT values (2730, 2415, 2427, 43, 1.410, 265.82, 3.76, 1.416, 265.94, 3.64, 0.008, 290.65, -18.79);
insert into SHOT values (2731, 2415, 2427, 43, 1.410, 265.70, 3.67, 1.416, 265.94, 3.64, 0.009, 308.77, -1.65);
insert into SHOT values (2732, 2427, 2428, 43, 0.520, 37.16, 2.02, 0.520, 37.97, 2.20, 0.008, 124.31, 12.76);
insert into SHOT values (2733, 2427, 2429, 43, 1.160, 353.96, 70.08, 1.158, 354.14, 70.22, 0.003, 152.34, -9.90);
insert into SHOT values (2734, 2427, 2430, 43, 0.260, 253.81, 20.84, 0.260, 253.07, 22.58, 0.009, 123.84, 61.71);
insert into SHOT values (2735, 2427, 2431, 43, 0.480, 265.14, -86.54, 0.481, 251.57, -86.23, 0.008, 188.56, -6.54);
insert into SHOT values (2736, 2427, 2432, 43, 1.500, 334.52, -0.38, 1.494, 334.64, -0.38, 0.007, 127.65, -0.44);
insert into SHOT values (2737, 2427, 2433, 43, 5.760, 345.64, -2.74, 5.754, 345.70, -2.69, 0.009, 117.85, 34.34);
insert into SHOT values (2738, 2427, 2434, 43, 2.720, 349.32, -3.72, 2.722, 349.39, -3.58, 0.008, 47.67, 57.77);
insert into SHOT values (2739, 2427, 2434, 43, 2.730, 349.43, -3.53, 2.722, 349.39, -3.58, 0.009, 181.12, -12.55);
insert into SHOT values (2740, 2427, 2434, 43, 2.720, 349.22, -3.59, 2.722, 349.39, -3.58, 0.008, 67.28, 2.16);
insert into SHOT values (2741, 2434, 2435, 43, 0.380, 246.26, 2.74, 0.385, 245.43, 2.97, 0.008, 199.54, 13.52);
insert into SHOT values (2742, 2434, 2436, 43, 1.590, 256.71, 66.07, 1.588, 256.61, 65.93, 0.004, 233.28, -48.78);
insert into SHOT values (2743, 2434, 2437, 43, 0.800, 16.50, 88.92, 0.800, 0.00, 89.28, 0.006, 223.85, 1.32);
insert into SHOT values (2744, 2434, 2438, 43, 0.530, 81.67, 49.31, 0.527, 81.63, 49.33, 0.003, 268.18, -44.60);
insert into SHOT values (2745, 2434, 2439, 43, 0.740, 90.01, 5.64, 0.733, 90.00, 5.48, 0.007, 271.15, -23.01);
insert into SHOT values (2746, 2434, 2440, 43, 5.700, 164.10, 39.51, 5.702, 164.16, 39.54, 0.006, 262.59, 36.71);
insert into SHOT values (2747, 2434, 2441, 43, 3.100, 157.58, 31.17, 3.101, 157.60, 31.28, 0.006, 320.44, 65.02);
insert into SHOT values (2748, 2434, 2442, 43, 1.810, 149.72, 15.65, 1.815, 149.77, 15.66, 0.005, 166.36, 19.04);
insert into SHOT values (2749, 2434, 2443, 43, 1.660, 148.87, -11.34, 1.666, 149.04, -11.43, 0.008, 191.94, -27.38);
insert into SHOT values (2750, 2434, 2444, 43, 2.760, 288.25, 58.15, 2.762, 288.06, 58.30, 0.009, 152.46, 38.95);
insert into SHOT values (2751, 2434, 2445, 43, 3.960, 320.69, 27.79, 3.962, 320.68, 27.84, 0.004, 227.31, 77.08);
insert into SHOT values (2752, 2434, 2446, 43, 0.780, 297.39, -82.28, 0.777, 299.05, -82.38, 0.005, 59.35, 39.74);
insert into SHOT values (2753, 2434, 2447, 43, 8.260, 328.71, 4.78, 8.249, 328.63, 4.66, 0.024, 199.34, -50.92);
insert into SHOT values (2754, 2434, 2447, 43, 8.250, 328.66, 4.53, 8.249, 328.63, 4.66, 0.019, 209.81, 75.00);
insert into SHOT values (2755, 2434, 2447, 43, 8.250, 328.67, 4.64, 8.249, 328.63, 4.66, 0.006, 227.71, 24.07);
insert into SHOT values (2756, 2447, 2448, 43, 0.470, 239.20, -2.98, 0.467, 239.04, -2.46, 0.005, 83.96, 54.33);
insert into SHOT values (2757, 2447, 2449, 43, 1.790, 274.20, 68.65, 1.793, 274.40, 68.68, 0.004, 358.10, 51.33);
insert into SHOT values (2758, 2447, 2450, 43, 2.620, 205.31, 76.40, 2.622, 205.30, 76.58, 0.008, 25.99, 24.17);
insert into SHOT values (2759, 2447, 2451, 43, 2.730, 139.82, -76.21, 2.727, 139.40, -76.31, 0.007, 1.22, 10.35);
insert into SHOT values (2760, 2447, 2452, 43, 4.190, 305.71, -6.18, 4.202, 305.74, -6.28, 0.015, 318.59, -37.99);
insert into SHOT values (2761, 2447, 2452, 43, 4.200, 305.52, -6.30, 4.202, 305.74, -6.28, 0.017, 28.10, 3.06);
insert into SHOT values (2762, 2447, 2452, 43, 4.200, 305.76, -6.27, 4.202, 305.74, -6.28, 0.003, 276.17, -30.42);
insert into SHOT values (2763, 2452, 2453, 43, 1.550, 318.88, -0.60, 1.545, 318.67, -0.37, 0.010, 185.38, 39.21);
insert into SHOT values (2764, 2452, 2454, 43, 4.670, 301.45, 7.43, 4.667, 301.39, 7.51, 0.009, 175.28, 44.74);
insert into SHOT values (2765, 2452, 2455, 43, 3.880, 308.60, 33.85, 3.880, 308.58, 33.83, 0.002, 258.26, -35.86);
insert into SHOT values (2766, 2452, 2456, 43, 1.900, 311.46, 69.35, 1.901, 311.35, 69.49, 0.005, 149.44, 26.11);
insert into SHOT values (2767, 2452, 2457, 43, 2.220, 110.15, 54.45, 2.223, 110.40, 54.50, 0.007, 197.92, 33.89);
insert into SHOT values (2768, 2452, 2458, 43, 3.120, 118.28, 9.56, 3.122, 118.31, 9.59, 0.003, 166.67, 37.35);
insert into SHOT values (2769, 2452, 2459, 43, 3.520, 119.71, -17.67, 3.530, 119.77, -17.65, 0.011, 138.10, -8.51);
insert into SHOT values (2770, 2452, 2460, 43, 2.090, 117.69, -39.11, 2.096, 117.82, -39.03, 0.008, 147.92, -11.97);
insert into SHOT values (2771, 2452, 2461, 43, 9.120, 85.92, -82.17, 9.115, 85.85, -82.16, 0.005, 23.38, 70.67);
insert into SHOT values (2772, 2452, 2462, 43, 8.760, 311.47, -75.46, 8.758, 311.48, -75.53, 0.010, 129.02, -3.15);
insert into SHOT values (2773, 2452, 2463, 43, 0.560, 63.80, 7.99, 0.560, 64.36, 8.21, 0.006, 153.52, 21.76);
insert into SHOT values (2774, 2452, 2464, 43, 1.020, 46.37, 54.48, 1.021, 46.36, 54.40, 0.002, 44.02, -7.11);
insert into SHOT values (2775, 2452, 2465, 43, 0.580, 63.85, 1.90, 0.577, 64.32, 1.99, 0.006, 183.62, 7.98);
insert into SHOT values (2776, 2452, 2466, 43, 8.630, 315.66, -72.52, 8.627, 315.63, -72.54, 0.005, 156.33, 18.90);
insert into SHOT values (2777, 2452, 2466, 43, 8.630, 315.53, -72.47, 8.627, 315.63, -72.54, 0.012, 114.40, -3.72);
insert into SHOT values (2778, 2452, 2466, 43, 8.640, 315.52, -72.52, 8.627, 315.63, -72.54, 0.014, 101.34, 52.24);
insert into SHOT values (2779, 2466, 2467, 43, 0.910, 240.66, 9.51, 0.917, 240.88, 9.42, 0.008, 268.23, -2.62);
insert into SHOT values (2780, 2466, 2468, 43, 2.580, 232.44, 52.34, 2.578, 232.48, 52.31, 0.003, 334.60, -67.75);
insert into SHOT values (2781, 2466, 2469, 43, 7.730, 253.02, 78.70, 7.730, 253.12, 78.70, 0.003, 329.73, -3.20);
insert into SHOT values (2782, 2466, 2470, 43, 9.900, 259.49, 84.67, 9.903, 259.42, 84.64, 0.007, 248.77, 24.28);
insert into SHOT values (2783, 2466, 2471, 43, 3.790, 33.39, 82.56, 3.792, 33.37, 82.56, 0.002, 341.42, 82.33);
insert into SHOT values (2784, 2466, 2472, 43, 2.260, 56.31, 61.77, 2.258, 56.46, 61.78, 0.003, 169.88, -21.42);
insert into SHOT values (2785, 2466, 2473, 43, 2.060, 62.34, 20.30, 2.059, 62.24, 20.17, 0.006, 337.97, -54.53);
insert into SHOT values (2786, 2466, 2474, 43, 5.140, 137.35, 4.85, 5.142, 137.37, 4.80, 0.005, 179.51, -56.43);
insert into SHOT values (2787, 2466, 2475, 43, 4.850, 138.71, 45.01, 4.851, 138.78, 45.00, 0.004, 215.80, -0.85);
insert into SHOT values (2788, 2466, 2476, 43, 9.420, 135.50, 71.69, 9.416, 135.55, 71.70, 0.005, 280.29, -35.42);
insert into SHOT values (2789, 2466, 2477, 43, 10.860, 318.94, 62.55, 10.861, 318.89, 62.57, 0.006, 199.55, 27.98);
insert into SHOT values (2790, 2466, 2478, 43, 15.490, 316.38, 47.39, 15.491, 316.35, 47.38, 0.006, 252.48, -3.14);
insert into SHOT values (2791, 2466, 2479, 43, 14.160, 326.10, 36.39, 14.160, 326.09, 36.39, 0.003, 245.08, -17.29);
insert into SHOT values (2792, 2466, 2480, 43, 11.200, 327.78, 23.37, 11.205, 327.75, 23.34, 0.009, 283.76, -17.24);
insert into SHOT values (2793, 2466, 2481, 43, 5.100, 334.84, 17.94, 5.101, 334.75, 17.93, 0.007, 256.70, -7.02);
insert into SHOT values (2794, 2466, 2482, 43, 2.450, 318.48, 5.47, 2.455, 318.48, 5.38, 0.006, 320.02, -34.33);
insert into SHOT values (2795, 2466, 2483, 43, 12.270, 319.10, 31.22, 12.270, 319.17, 31.22, 0.013, 49.53, 0.62);
insert into SHOT values (2796, 2466, 2483, 43, 12.270, 319.20, 31.22, 12.270, 319.17, 31.22, 0.005, 228.08, 1.73);
insert into SHOT values (2797, 2466, 2483, 43, 12.260, 319.26, 31.20, 12.270, 319.17, 31.22, 0.019, 250.76, 27.87);
insert into SHOT values (2798, 2483, 2484, 43, 3.540, 165.55, 87.62, 3.533, 164.05, 87.64, 0.008, 54.63, -59.65);
insert into SHOT values (2799, 2483, 2485, 43, 1.470, 68.46, 70.29, 1.466, 68.63, 70.31, 0.005, 209.57, -59.03);
insert into SHOT values (2800, 2483, 2486, 43, 0.980, 73.13, 18.95, 0.980, 73.12, 18.43, 0.009, 71.29, -68.98);
insert into SHOT values (2801, 2483, 2487, 43, 2.040, 79.78, -41.74, 2.043, 79.80, -41.74, 0.003, 92.35, -43.62);
insert into SHOT values (2802, 2483, 2488, 43, 1.750, 75.32, -69.20, 1.754, 75.07, -69.26, 0.005, 335.41, -55.70);
insert into SHOT values (2803, 2483, 2489, 43, 8.410, 176.89, 42.23, 8.410, 176.87, 42.21, 0.004, 132.34, -39.83);
insert into SHOT values (2804, 2483, 2490, 43, 5.190, 164.25, 34.21, 5.184, 164.31, 34.15, 0.009, 280.09, -57.30);
insert into SHOT values (2805, 2483, 2491, 43, 10.620, 149.40, 12.19, 10.613, 149.41, 12.18, 0.007, 320.30, -20.81);
insert into SHOT values (2806, 2483, 2492, 43, 12.110, 149.72, -5.09, 12.112, 149.74, -5.12, 0.007, 211.80, -54.54);
insert into SHOT values (2807, 2483, 2493, 43, 16.590, 142.95, -23.98, 16.593, 142.96, -24.00, 0.008, 233.11, -64.15);
insert into SHOT values (2808, 2483, 2494, 43, 12.570, 334.84, -19.17, 12.594, 335.05, -19.10, 0.052, 32.56, 8.42);
insert into SHOT values (2809, 2483, 2494, 43, 12.610, 335.07, -19.04, 12.594, 335.05, -19.10, 0.021, 167.09, -17.43);
insert into SHOT values (2810, 2483, 2494, 43, 12.610, 335.23, -18.98, 12.594, 335.05, -19.10, 0.048, 212.67, -22.91);
insert into SHOT values (2811, 2494, 2495, 43, 10.520, 324.60, 2.33, 10.522, 324.60, 2.34, 0.003, 332.78, 46.56);
insert into SHOT values (2812, 2494, 2496, 43, 3.730, 309.38, 43.56, 3.732, 309.45, 43.52, 0.005, 351.75, -4.39);
insert into SHOT values (2813, 2494, 2497, 43, 2.710, 226.85, 76.24, 2.708, 226.89, 76.24, 0.002, 17.77, -68.35);
insert into SHOT values (2814, 2494, 2498, 43, 2.810, 166.05, 57.80, 2.810, 166.06, 57.88, 0.004, 343.04, 33.14);
insert into SHOT values (2815, 2494, 2499, 43, 3.260, 162.36, 33.52, 3.259, 162.43, 33.53, 0.004, 270.71, -4.18);
insert into SHOT values (2816, 2494, 2500, 43, 0.430, 158.68, 27.87, 0.424, 159.62, 28.18, 0.009, 296.61, -6.29);
insert into SHOT values (2817, 2494, 2501, 43, 1.150, 236.53, 29.68, 1.155, 236.78, 29.58, 0.007, 278.83, 4.92);
insert into SHOT values (2818, 2494, 2502, 43, 1.690, 229.56, 4.64, 1.695, 229.80, 4.74, 0.009, 288.23, 21.37);
insert into SHOT values (2819, 2494, 2503, 43, 3.310, 232.74, -10.46, 3.311, 232.99, -10.44, 0.014, 318.76, 3.74);
insert into SHOT values (2820, 2494, 2503, 43, 3.310, 232.95, -10.40, 3.311, 232.99, -10.44, 0.003, 313.11, -47.57);
insert into SHOT values (2821, 2494, 2503, 43, 3.310, 232.95, -10.50, 3.311, 232.99, -10.44, 0.004, 290.24, 50.30);
insert into SHOT values (2822, 2503, 2504, 43, 2.010, 258.90, 2.18, 2.010, 258.80, 2.28, 0.005, 163.66, 45.75);
insert into SHOT values (2823, 2503, 2505, 43, 1.650, 262.80, -36.22, 1.647, 262.66, -36.09, 0.006, 168.43, 56.96);
insert into SHOT values (2824, 2503, 2506, 43, 1.830, 223.35, -60.30, 1.830, 223.21, -60.34, 0.003, 105.80, -9.21);
insert into SHOT values (2825, 2503, 2507, 43, 4.290, 94.93, 9.12, 4.290, 94.88, 9.12, 0.004, 358.61, 0.33);
insert into SHOT values (2826, 2503, 2508, 43, 1.060, 15.80, -0.35, 1.060, 15.87, 0.00, 0.007, 87.20, 77.88);
insert into SHOT values (2827, 2503, 2509, 43, 3.640, 41.13, 13.40, 3.644, 41.11, 13.49, 0.007, 17.12, 64.58);
insert into SHOT values (2828, 2503, 2510, 43, 3.490, 186.86, -32.61, 3.490, 186.84, -32.59, 0.002, 136.73, 26.25);
insert into SHOT values (2829, 2503, 2511, 43, 1.410, 156.58, -14.30, 1.406, 156.64, -14.42, 0.005, 320.73, -19.67);
insert into SHOT values (2830, 2503, 2512, 43, 4.510, 175.92, -20.18, 4.506, 175.80, -20.12, 0.011, 74.66, 32.47);
insert into SHOT values (2831, 2503, 2512, 43, 4.510, 175.75, -20.14, 4.506, 175.80, -20.12, 0.005, 304.32, 31.93);
insert into SHOT values (2832, 2503, 2512, 43, 4.510, 175.69, -20.15, 4.506, 175.80, -20.12, 0.009, 283.63, 23.12);
insert into SHOT values (2833, 2512, 2513, 43, 0.480, 118.09, 6.07, 0.481, 118.71, 5.96, 0.005, 191.68, -8.03);
insert into SHOT values (2834, 2512, 2514, 43, 0.950, 114.99, 43.53, 0.951, 114.72, 43.14, 0.007, 80.32, -36.54);
insert into SHOT values (2835, 2512, 2515, 43, 1.550, 142.62, 82.92, 1.552, 141.34, 82.89, 0.005, 65.75, 22.43);
insert into SHOT values (2836, 2512, 2516, 43, 1.080, 88.40, -76.72, 1.079, 90.00, -76.61, 0.007, 163.82, 8.83);
insert into SHOT values (2837, 2512, 2517, 43, 4.550, 352.80, 6.70, 4.546, 352.87, 6.70, 0.007, 117.33, -6.77);
insert into SHOT values (2838, 2512, 2518, 43, 2.100, 199.43, -0.94, 2.100, 199.47, -1.09, 0.006, 275.10, -74.64);
insert into SHOT values (2839, 2512, 2519, 43, 3.320, 211.72, -11.78, 3.326, 211.69, -11.80, 0.006, 192.66, -21.76);
insert into SHOT values (2840, 2512, 2520, 43, 5.230, 204.24, -63.06, 5.236, 204.18, -63.11, 0.008, 78.36, -69.15);
insert into SHOT values (2841, 2512, 2521, 43, 3.570, 210.18, -22.96, 3.567, 210.16, -22.94, 0.004, 57.62, 41.20);
insert into SHOT values (2842, 2512, 2521, 43, 3.570, 210.10, -22.84, 3.567, 210.16, -22.94, 0.008, 0.11, -33.63);
insert into SHOT values (2843, 2512, 2521, 43, 3.570, 210.34, -22.86, 3.567, 210.16, -22.94, 0.012, 94.57, -14.93);
insert into SHOT values (2844, 2521, 2522, 43, 0.920, 120.90, 2.59, 0.925, 121.28, 2.48, 0.008, 170.20, -10.94);
insert into SHOT values (2845, 2521, 2523, 43, 1.220, 124.13, 46.26, 1.223, 124.44, 46.04, 0.007, 165.16, -11.60);
insert into SHOT values (2846, 2521, 2524, 43, 2.020, 39.70, 77.46, 2.017, 40.31, 77.61, 0.008, 181.18, -13.67);
insert into SHOT values (2847, 2521, 2525, 43, 1.820, 108.22, -64.19, 1.821, 108.43, -64.26, 0.004, 230.07, -24.05);
insert into SHOT values (2848, 2521, 2526, 43, 6.590, 90.57, -70.93, 6.591, 90.80, -70.96, 0.009, 199.26, -10.34);
insert into SHOT values (2849, 2521, 2527, 43, 2.690, 21.04, 8.00, 2.681, 20.96, 7.93, 0.010, 225.64, -26.18);
insert into SHOT values (2850, 2521, 2528, 43, 3.250, 31.09, -9.28, 3.242, 31.06, -9.41, 0.011, 223.01, -32.67);
insert into SHOT values (2851, 2521, 2529, 43, 3.750, 44.20, -48.30, 3.746, 44.35, -48.36, 0.008, 174.28, -0.72);
insert into SHOT values (2852, 2521, 2530, 43, 3.180, 40.74, 3.98, 3.177, 40.78, 3.97, 0.004, 185.55, -11.21);
insert into SHOT values (2853, 2521, 2531, 43, 2.390, 199.11, 5.44, 2.392, 199.12, 5.52, 0.004, 209.86, 57.63);
insert into SHOT values (2854, 2521, 2532, 43, 3.050, 181.62, 0.09, 3.061, 181.68, 0.00, 0.013, 198.59, -22.03);
insert into SHOT values (2855, 2521, 2532, 43, 3.060, 181.68, 0.09, 3.061, 181.68, 0.00, 0.005, 192.36, -74.31);
insert into SHOT values (2856, 2521, 2532, 43, 3.060, 181.83, 0.10, 3.061, 181.68, 0.00, 0.010, 101.46, -34.14);
insert into SHOT values (2857, 2532, 2533, 43, 0.480, 87.25, 4.11, 0.472, 87.56, 4.86, 0.010, 250.12, 32.65);
insert into SHOT values (2858, 2532, 2534, 43, 5.590, 265.25, 80.84, 5.592, 265.50, 80.81, 0.005, 319.30, 14.80);
insert into SHOT values (2859, 2532, 2535, 43, 7.770, 78.71, -68.11, 7.770, 78.65, -68.11, 0.003, 344.43, -3.97);
insert into SHOT values (2860, 2532, 2536, 43, 2.800, 0.27, -1.16, 2.800, 0.20, -1.02, 0.007, 280.73, 64.08);
insert into SHOT values (2861, 2532, 2537, 43, 1.730, 251.67, 71.13, 1.736, 251.57, 70.86, 0.010, 245.53, 17.00);
insert into SHOT values (2862, 2532, 2538, 43, 1.590, 93.85, 89.24, 1.590, 90.00, 89.28, 0.002, 323.64, 4.55);
insert into SHOT values (2863, 2532, 2539, 43, 4.140, 177.19, 17.62, 4.141, 177.24, 17.71, 0.008, 286.64, 62.22);
insert into SHOT values (2864, 2532, 2540, 43, 4.930, 180.73, 28.16, 4.935, 180.79, 28.17, 0.007, 229.84, 29.04);
insert into SHOT values (2865, 2532, 2541, 43, 7.030, 187.50, 47.64, 7.037, 187.51, 47.65, 0.007, 204.51, 52.01);
insert into SHOT values (2866, 2532, 2542, 43, 6.510, 190.63, 56.13, 6.516, 190.63, 56.12, 0.006, 190.07, 48.09);
insert into SHOT values (2867, 2532, 2543, 43, 5.820, 196.27, 64.57, 5.824, 196.26, 64.58, 0.004, 169.44, 76.34);
insert into SHOT values (2868, 2532, 2544, 43, 4.210, 178.84, 31.11, 4.209, 179.05, 31.19, 0.014, 286.19, 19.43);
insert into SHOT values (2869, 2532, 2544, 43, 4.210, 178.88, 31.14, 4.209, 179.05, 31.19, 0.011, 284.39, 14.96);
insert into SHOT values (2870, 2532, 2544, 43, 4.210, 179.06, 31.22, 4.209, 179.05, 31.19, 0.002, 99.85, -66.18);
insert into SHOT values (2871, 2544, 2545, 43, 0.540, 238.78, -4.24, 0.540, 238.67, -4.25, 0.001, 148.41, -4.22);
insert into SHOT values (2872, 2544, 2546, 43, 3.660, 242.52, 79.38, 3.661, 242.28, 79.51, 0.009, 81.56, 17.56);
insert into SHOT values (2873, 2544, 2547, 43, 3.180, 142.71, -77.20, 3.179, 142.48, -77.17, 0.003, 80.94, 16.92);
insert into SHOT values (2874, 2544, 2548, 43, 3.880, 352.39, 10.78, 3.882, 352.46, 10.84, 0.007, 66.77, 39.65);
insert into SHOT values (2875, 2544, 2549, 43, 4.810, 337.38, 53.42, 4.804, 337.38, 53.46, 0.007, 157.32, -21.46);
insert into SHOT values (2876, 2544, 2550, 43, 2.070, 269.02, 72.78, 2.072, 269.06, 72.87, 0.004, 79.96, 45.30);
insert into SHOT values (2877, 2544, 2551, 43, 5.440, 103.82, -71.05, 5.436, 103.72, -70.99, 0.007, 66.31, 46.17);
insert into SHOT values (2878, 2544, 2552, 43, 1.480, 239.99, -58.80, 1.475, 239.42, -58.68, 0.010, 149.22, 37.94);
insert into SHOT values (2879, 2544, 2553, 43, 1.500, 247.04, 49.30, 1.501, 247.11, 49.40, 0.003, 22.76, 58.78);
insert into SHOT values (2880, 2544, 2554, 43, 2.920, 191.66, -0.34, 2.920, 191.66, -0.20, 0.007, 156.71, 87.39);
insert into SHOT values (2881, 2544, 2554, 43, 2.920, 191.63, -0.27, 2.920, 191.66, -0.20, 0.004, 270.85, 70.09);
insert into SHOT values (2882, 2544, 2554, 43, 2.920, 191.68, -0.31, 2.920, 191.66, -0.20, 0.006, 114.03, 77.93);
insert into SHOT values (2883, 2554, 2555, 43, 1.690, 79.04, 80.85, 1.683, 79.51, 80.61, 0.011, 100.08, -53.64);
insert into SHOT values (2884, 2554, 2556, 43, 1.470, 80.78, 77.77, 1.464, 80.84, 77.62, 0.007, 87.69, -68.42);
insert into SHOT values (2885, 2554, 2557, 43, 2.950, 150.17, 4.70, 2.953, 150.04, 4.66, 0.008, 85.93, -12.84);
insert into SHOT values (2886, 2554, 2558, 43, 5.010, 6.97, 11.13, 5.010, 7.01, 11.05, 0.008, 80.87, -63.67);
insert into SHOT values (2887, 2554, 2559, 43, 1.080, 31.02, 18.14, 1.079, 31.06, 17.81, 0.006, 67.51, -79.23);
insert into SHOT values (2888, 2554, 2560, 43, 0.860, 79.05, 15.80, 0.867, 78.96, 15.39, 0.009, 69.59, -27.29);
insert into SHOT values (2889, 2554, 2561, 43, 1.450, 98.83, -53.74, 1.452, 98.70, -53.69, 0.003, 57.29, -14.81);
insert into SHOT values (2890, 2554, 2562, 43, 2.920, 150.07, 16.73, 2.928, 150.05, 16.67, 0.008, 143.95, -3.94);
insert into SHOT values (2891, 2554, 2563, 43, 3.230, 149.79, 6.05, 3.235, 149.77, 6.03, 0.006, 137.94, -4.32);
insert into SHOT values (2892, 2554, 2564, 43, 1.540, 151.47, 5.31, 1.546, 151.27, 5.20, 0.009, 110.25, -17.22);
insert into SHOT values (2893, 2554, 2565, 43, 3.150, 151.47, -21.08, 3.153, 151.34, -21.19, 0.010, 69.73, -46.87);
insert into SHOT values (2894, 2554, 2566, 43, 3.180, 134.18, -34.94, 3.181, 134.22, -34.89, 0.004, 171.07, 20.58);
insert into SHOT values (2895, 2554, 2567, 43, 2.220, 138.93, -16.10, 2.205, 139.02, -16.06, 0.015, 305.42, 22.14);
insert into SHOT values (2896, 2554, 2567, 43, 2.200, 139.02, -16.05, 2.205, 139.02, -16.06, 0.005, 138.01, -18.58);
insert into SHOT values (2897, 2554, 2567, 43, 2.190, 138.93, -16.07, 2.205, 139.02, -16.06, 0.016, 151.09, -13.82);
insert into SHOT values (2898, 2567, 2568, 43, 0.430, 234.14, 6.07, 0.424, 233.67, 5.41, 0.009, 85.76, -39.83);
insert into SHOT values (2899, 2567, 2569, 43, 0.780, 214.06, -53.00, 0.785, 213.69, -53.35, 0.008, 110.97, -66.26);
insert into SHOT values (2900, 2567, 2570, 43, 2.480, 256.47, 73.53, 2.471, 256.76, 73.58, 0.010, 38.68, -55.05);
insert into SHOT values (2901, 2567, 2571, 43, 4.130, 164.36, 14.73, 4.125, 164.29, 14.75, 0.007, 26.48, -0.90);
insert into SHOT values (2902, 2567, 2572, 43, 5.830, 167.48, 17.48, 5.832, 167.44, 17.46, 0.005, 107.76, -13.86);
insert into SHOT values (2903, 2567, 2573, 43, 3.040, 170.43, -13.86, 3.040, 170.44, -13.89, 0.002, 300.77, -65.50);
insert into SHOT values (2904, 2567, 2574, 43, 10.460, 165.06, -2.51, 10.465, 165.03, -2.52, 0.007, 119.00, -15.81);
insert into SHOT values (2905, 2567, 2575, 43, 3.590, 335.54, 16.30, 3.588, 335.67, 16.18, 0.011, 62.16, -44.98);
insert into SHOT values (2906, 2567, 2576, 43, 3.570, 167.36, -5.17, 3.560, 167.45, -5.32, 0.015, 319.23, -34.05);
insert into SHOT values (2907, 2567, 2576, 43, 3.560, 167.37, -5.22, 3.560, 167.45, -5.32, 0.008, 263.93, -49.55);
insert into SHOT values (2908, 2567, 2576, 43, 3.550, 167.70, -5.25, 3.560, 167.45, -5.32, 0.019, 109.65, -16.06);
insert into SHOT values (2909, 2576, 2577, 43, 1.990, 259.06, 85.78, 1.995, 257.91, 85.88, 0.007, 120.33, 50.97);
insert into SHOT values (2910, 2576, 2578, 43, 0.770, 57.19, 72.00, 0.777, 56.98, 72.13, 0.008, 0.83, 82.08);
insert into SHOT values (2911, 2576, 2579, 43, 0.530, 82.37, -2.22, 0.535, 82.48, -2.14, 0.005, 93.58, 5.94);
insert into SHOT values (2912, 2576, 2580, 43, 1.230, 64.04, -45.30, 1.229, 64.03, -45.08, 0.005, 58.99, 59.98);
insert into SHOT values (2913, 2576, 2581, 43, 5.910, 166.38, -9.67, 5.907, 166.39, -9.65, 0.004, 318.79, 43.03);
insert into SHOT values (2914, 2576, 2582, 43, 5.520, 167.95, -3.31, 5.521, 167.96, -3.32, 0.002, 216.02, -58.58);
insert into SHOT values (2915, 2576, 2583, 43, 3.540, 168.16, 7.03, 3.542, 168.18, 7.14, 0.007, 212.70, 76.50);
insert into SHOT values (2916, 2576, 2584, 43, 1.990, 344.42, 79.71, 1.991, 345.17, 79.83, 0.006, 113.79, 18.54);
insert into SHOT values (2917, 2576, 2585, 43, 1.360, 7.25, 43.42, 1.364, 7.56, 43.56, 0.007, 89.12, 44.33);
insert into SHOT values (2918, 2576, 2586, 43, 3.080, 352.79, 14.43, 3.081, 352.87, 14.47, 0.005, 80.24, 29.18);
insert into SHOT values (2919, 2576, 2587, 43, 5.180, 347.89, 13.01, 5.186, 347.89, 13.04, 0.007, 347.33, 35.59);
insert into SHOT values (2920, 2576, 2588, 43, 7.930, 346.82, 1.29, 7.931, 346.80, 1.30, 0.003, 289.92, 30.72);
insert into SHOT values (2921, 2576, 2589, 43, 4.440, 344.48, -3.98, 4.441, 344.55, -4.00, 0.006, 66.82, -18.01);
insert into SHOT values (2922, 2576, 2590, 43, 3.620, 172.12, -9.21, 3.619, 172.12, -9.06, 0.009, 166.21, 87.43);
insert into SHOT values (2923, 2576, 2590, 43, 3.620, 172.18, -9.16, 3.619, 172.12, -9.06, 0.007, 80.86, 58.89);
insert into SHOT values (2924, 2576, 2590, 43, 3.620, 172.13, -9.12, 3.619, 172.12, -9.06, 0.004, 46.03, 77.68);
insert into SHOT values (2925, 2590, 2591, 43, 0.460, 87.02, 1.55, 0.461, 87.51, 1.24, 0.005, 168.56, -31.51);
insert into SHOT values (2926, 2590, 2592, 43, 0.970, 130.45, 85.16, 0.963, 129.81, 85.35, 0.008, 323.65, -59.54);
insert into SHOT values (2927, 2590, 2593, 43, 1.870, 72.06, -69.18, 1.872, 71.57, -69.22, 0.006, 336.02, -20.07);
insert into SHOT values (2928, 2590, 2594, 43, 3.870, 138.15, -54.21, 3.872, 138.22, -54.18, 0.004, 179.91, -10.81);
insert into SHOT values (2929, 2590, 2595, 43, 3.940, 142.12, -47.27, 3.944, 142.14, -47.34, 0.006, 276.02, -75.20);
insert into SHOT values (2930, 2590, 2596, 43, 4.420, 152.07, -9.78, 4.421, 152.08, -9.77, 0.002, 187.43, 26.64);
insert into SHOT values (2931, 2590, 2597, 43, 2.650, 160.05, 18.18, 2.651, 160.06, 18.02, 0.008, 164.17, -62.77);
insert into SHOT values (2932, 2590, 2598, 43, 6.830, 350.35, 9.31, 6.834, 350.36, 9.26, 0.007, 358.13, -42.71);
insert into SHOT values (2933, 2590, 2599, 43, 6.130, 358.23, -14.63, 6.132, 358.26, -14.64, 0.004, 63.69, -25.58);
insert into SHOT values (2934, 2590, 2600, 43, 8.820, 4.62, -35.33, 8.818, 4.62, -35.34, 0.002, 169.78, 11.51);
insert into SHOT values (2935, 2590, 2601, 43, 3.950, 149.89, -29.61, 3.960, 150.01, -29.67, 0.013, 196.81, -40.83);
insert into SHOT values (2936, 2590, 2601, 43, 3.950, 149.99, -29.64, 3.960, 150.01, -29.67, 0.010, 157.74, -40.37);
insert into SHOT values (2937, 2590, 2601, 43, 3.960, 150.01, -29.57, 3.960, 150.01, -29.67, 0.007, 332.72, -59.07);
insert into SHOT values (2938, 2601, 2602, 43, 0.610, 59.46, -0.08, 0.614, 59.68, 0.00, 0.005, 89.57, 10.44);
insert into SHOT values (2939, 2601, 2603, 43, 0.860, 54.59, 64.59, 0.864, 53.75, 64.50, 0.007, 352.98, 27.17);
insert into SHOT values (2940, 2601, 2604, 43, 2.710, 305.40, 75.26, 2.709, 305.54, 75.28, 0.002, 74.21, -21.01);
insert into SHOT values (2941, 2601, 2605, 43, 6.140, 63.01, -69.03, 6.138, 62.97, -68.99, 0.005, 35.28, 44.68);
insert into SHOT values (2942, 2601, 2606, 43, 5.200, 157.20, -34.90, 5.195, 157.23, -34.87, 0.006, 300.15, 59.07);
insert into SHOT values (2943, 2601, 2607, 43, 6.310, 141.08, -46.38, 6.303, 140.97, -46.34, 0.012, 37.55, 42.98);
insert into SHOT values (2944, 2601, 2608, 43, 4.930, 126.69, -54.24, 4.929, 126.67, -54.25, 0.002, 349.54, 21.59);
insert into SHOT values (2945, 2601, 2608, 43, 4.930, 126.74, -54.30, 4.929, 126.67, -54.25, 0.006, 79.03, 37.28);
insert into SHOT values (2946, 2601, 2608, 43, 4.930, 126.55, -54.16, 4.929, 126.67, -54.25, 0.010, 263.99, -21.11);
insert into SHOT values (2947, 2608, 2609, 43, 0.740, 59.83, -5.28, 0.742, 59.97, -4.64, 0.009, 96.21, 69.83);
insert into SHOT values (2948, 2608, 2610, 43, 2.680, 359.34, -3.24, 2.684, 359.36, -3.20, 0.005, 10.43, 17.95);
insert into SHOT values (2949, 2608, 2611, 43, 6.190, 338.07, -2.48, 6.193, 338.08, -2.41, 0.009, 353.67, 67.18);
insert into SHOT values (2950, 2608, 2612, 43, 1.220, 302.58, 0.76, 1.223, 302.65, 0.94, 0.005, 326.42, 45.58);
insert into SHOT values (2951, 2608, 2613, 43, 1.660, 251.24, -0.40, 1.657, 251.35, -0.35, 0.005, 24.72, 20.55);
insert into SHOT values (2952, 2608, 2614, 43, 3.160, 262.28, 43.57, 3.162, 262.47, 43.59, 0.008, 350.77, 14.65);
insert into SHOT values (2953, 2608, 2615, 43, 6.330, 297.21, 68.31, 6.328, 297.22, 68.31, 0.002, 64.93, -70.70);
insert into SHOT values (2954, 2608, 2616, 43, 2.550, 349.16, 76.22, 2.554, 349.61, 76.18, 0.006, 50.87, 31.90);
insert into SHOT values (2955, 2608, 2617, 43, 1.450, 49.92, 67.93, 1.459, 49.40, 67.72, 0.012, 18.77, 32.70);
insert into SHOT values (2956, 2608, 2618, 43, 3.850, 338.74, -50.74, 3.848, 338.81, -50.75, 0.004, 100.23, 15.70);
insert into SHOT values (2957, 2608, 2619, 43, 5.870, 341.52, -43.69, 5.868, 341.61, -43.64, 0.008, 51.18, 34.35);
insert into SHOT values (2958, 2608, 2620, 43, 6.290, 329.94, -17.83, 6.295, 329.97, -17.76, 0.010, 355.20, 38.46);
insert into SHOT values (2959, 2608, 2621, 43, 5.630, 343.43, -29.06, 5.627, 343.59, -29.02, 0.015, 76.96, 18.52);
insert into SHOT values (2960, 2608, 2621, 43, 5.630, 343.54, -29.16, 5.627, 343.59, -29.02, 0.014, 31.37, 66.02);
insert into SHOT values (2961, 2608, 2621, 43, 5.630, 343.59, -29.06, 5.627, 343.59, -29.02, 0.005, 159.19, 79.80);
insert into SHOT values (2962, 2621, 2622, 43, 2.200, 265.24, 6.29, 2.201, 265.28, 6.26, 0.002, 331.74, -31.92);
insert into SHOT values (2963, 2621, 2623, 43, 2.660, 278.14, 4.86, 2.666, 278.22, 4.73, 0.009, 306.98, -34.34);
insert into SHOT values (2964, 2621, 2624, 43, 4.900, 268.40, 16.22, 4.904, 268.42, 16.10, 0.011, 281.28, -51.14);
insert into SHOT values (2965, 2621, 2625, 43, 10.690, 258.61, 38.50, 10.686, 258.62, 38.49, 0.005, 31.06, -61.40);
insert into SHOT values (2966, 2621, 2626, 43, 6.460, 257.72, 44.16, 6.460, 257.79, 44.15, 0.006, 343.82, -4.37);
insert into SHOT values (2967, 2621, 2627, 43, 2.960, 248.65, 69.03, 2.957, 249.00, 68.98, 0.008, 329.20, -30.95);
insert into SHOT values (2968, 2621, 2628, 43, 7.620, 250.96, 73.42, 7.618, 250.98, 73.38, 0.006, 261.88, -34.58);
insert into SHOT values (2969, 2621, 2629, 43, 3.420, 216.14, 81.86, 3.415, 216.63, 81.82, 0.007, 283.59, -50.70);
insert into SHOT values (2970, 2621, 2630, 43, 3.510, 341.41, 5.56, 3.511, 341.31, 5.56, 0.006, 259.12, -0.69);
insert into SHOT values (2971, 2621, 2631, 43, 2.930, 344.43, -12.99, 2.931, 344.36, -13.01, 0.004, 266.11, -20.73);
insert into SHOT values (2972, 2621, 2632, 43, 0.920, 129.55, 3.84, 0.919, 129.25, 3.74, 0.005, 26.16, -17.85);
insert into SHOT values (2973, 2621, 2633, 43, 3.230, 231.61, -88.93, 3.231, 231.34, -88.86, 0.004, 226.97, -8.60);
insert into SHOT values (2974, 2621, 2634, 43, 4.750, 356.91, -83.19, 4.753, 356.93, -83.22, 0.004, 171.52, -55.10);
insert into SHOT values (2975, 2621, 2635, 43, 3.370, 10.67, -83.95, 3.370, 9.46, -83.78, 0.012, 332.25, 5.67);
insert into SHOT values (2976, 2621, 2635, 43, 3.370, 10.35, -83.73, 3.370, 9.46, -83.78, 0.006, 251.39, -1.40);
insert into SHOT values (2977, 2621, 2635, 43, 3.360, 9.77, -83.60, 3.370, 9.46, -83.78, 0.015, 201.34, -48.22);
insert into SHOT values (2978, 2635, 2636, 43, 0.600, 50.99, 1.91, 0.605, 51.04, 1.90, 0.005, 57.86, 0.03);
insert into SHOT values (2979, 2635, 2637, 43, 3.190, 358.04, 3.81, 3.189, 358.02, 3.78, 0.003, 226.28, -51.37);
insert into SHOT values (2980, 2635, 2638, 43, 0.630, 350.38, 2.32, 0.628, 350.84, 1.82, 0.008, 96.93, -46.44);
insert into SHOT values (2981, 2635, 2639, 43, 0.580, 312.47, 0.53, 0.581, 312.21, 0.00, 0.006, 233.85, -63.16);
insert into SHOT values (2982, 2635, 2640, 43, 3.410, 275.06, -6.05, 3.412, 275.07, -6.06, 0.002, 292.55, -14.06);
insert into SHOT values (2983, 2635, 2641, 43, 2.980, 270.55, 19.44, 2.979, 270.61, 19.41, 0.004, 359.67, -30.78);
insert into SHOT values (2984, 2635, 2642, 43, 2.370, 254.68, 57.71, 2.366, 254.86, 57.71, 0.006, 13.43, -37.00);
insert into SHOT values (2985, 2635, 2643, 43, 1.350, 258.92, 72.63, 1.350, 258.41, 72.85, 0.006, 114.77, 14.44);
insert into SHOT values (2986, 2635, 2644, 43, 5.480, 198.42, 82.68, 5.474, 198.43, 82.70, 0.006, 14.28, -64.76);
insert into SHOT values (2987, 2635, 2645, 43, 1.500, 3.86, 55.46, 1.496, 4.04, 55.29, 0.006, 62.06, -60.94);
insert into SHOT values (2988, 2635, 2646, 43, 1.860, 266.31, -19.75, 1.854, 266.38, -19.87, 0.008, 69.05, -11.20);
insert into SHOT values (2989, 2635, 2646, 43, 1.860, 266.33, -20.01, 1.854, 266.38, -19.87, 0.008, 65.64, 54.93);
insert into SHOT values (2990, 2635, 2646, 43, 1.860, 266.48, -19.81, 1.854, 266.38, -19.87, 0.007, 111.12, 2.88);
insert into SURVEY values (45, 22, '20151024_spela_matija_skufca_diba_pt2', '20151024_spela_matija_skufca_diba_pt2.2015.brezno_na_toscu', NULL);
 insert into CENTRELINE values (46, 45, NULL, NULL, NULL, 0.00, 0.00, 0.00);
 insert into CENTRELINE values (47, 45, NULL, '2015-10-24', '2015-10-24', 155.36, 0.00, 0.00);
 insert into SHOT values (2991, 2647, 2648, 47, 0.630, 1.54, -0.46, 0.630, 0.91, -0.91, 0.009, 272.05, -35.47);
insert into SHOT values (2992, 2647, 2649, 47, 1.660, 301.56, -1.10, 1.666, 301.49, -1.03, 0.006, 282.95, 17.46);
insert into SHOT values (2993, 2647, 2650, 47, 4.580, 253.31, -6.16, 4.588, 253.31, -6.13, 0.009, 254.79, 9.65);
insert into SHOT values (2994, 2647, 2651, 47, 6.290, 247.42, -4.59, 6.292, 247.40, -4.65, 0.007, 197.20, -68.07);
insert into SHOT values (2995, 2647, 2652, 47, 4.150, 255.31, 10.87, 4.156, 255.39, 10.82, 0.009, 294.57, -17.18);
insert into SHOT values (2996, 2647, 2653, 47, 2.360, 265.75, 38.11, 2.363, 265.70, 37.86, 0.011, 253.76, -37.42);
insert into SHOT values (2997, 2647, 2654, 47, 0.930, 34.29, 67.81, 0.927, 33.23, 68.04, 0.008, 268.59, -8.09);
insert into SHOT values (2998, 2647, 2655, 47, 1.130, 63.97, 14.25, 1.127, 63.90, 14.39, 0.005, 261.30, 23.82);
insert into SHOT values (2999, 2647, 2656, 47, 4.510, 4.03, -87.87, 4.513, 3.37, -87.84, 0.005, 327.47, -43.26);
insert into SHOT values (3000, 2647, 2657, 47, 4.830, 270.99, -74.92, 4.837, 270.91, -74.90, 0.007, 244.44, -57.92);
insert into SHOT values (3001, 2647, 2658, 47, 9.230, 261.57, -70.79, 9.235, 261.68, -70.77, 0.009, 311.74, -26.65);
insert into SHOT values (3002, 2647, 2659, 47, 13.400, 248.32, -62.74, 13.402, 248.32, -62.71, 0.007, 248.14, 13.94);
insert into SHOT values (3003, 2647, 2660, 47, 5.430, 260.37, -46.10, 5.434, 260.39, -46.02, 0.008, 268.96, 18.20);
insert into SHOT values (3004, 2647, 2660, 47, 5.430, 260.37, -45.90, 5.434, 260.39, -46.02, 0.012, 68.96, -60.61);
insert into SHOT values (3005, 2647, 2660, 47, 5.430, 260.29, -45.93, 5.434, 260.39, -46.02, 0.011, 20.81, -48.96);
insert into SHOT values (3006, 2660, 2661, 47, 0.580, 123.66, 2.50, 0.578, 123.69, 2.98, 0.005, 296.92, 61.26);
insert into SHOT values (3007, 2660, 2662, 47, 1.040, 179.02, 0.85, 1.040, 179.45, 1.10, 0.009, 268.04, 30.41);
insert into SHOT values (3008, 2660, 2663, 47, 2.700, 192.68, -3.78, 2.701, 192.64, -3.82, 0.003, 138.95, -43.68);
insert into SHOT values (3009, 2660, 2664, 47, 3.210, 207.25, -2.80, 3.210, 207.28, -2.68, 0.007, 279.69, 73.57);
insert into SHOT values (3010, 2660, 2665, 47, 0.730, 24.58, 3.98, 0.727, 24.44, 3.95, 0.004, 232.42, -10.27);
insert into SHOT values (3011, 2660, 2666, 47, 2.980, 56.23, 6.75, 2.977, 56.31, 6.75, 0.005, 180.35, -3.00);
insert into SHOT values (3012, 2660, 2667, 47, 4.350, 83.14, 7.94, 4.342, 83.19, 7.94, 0.009, 238.33, -5.81);
insert into SHOT values (3013, 2660, 2668, 47, 5.080, 97.78, -86.14, 5.082, 98.37, -86.12, 0.004, 162.50, -21.41);
insert into SHOT values (3014, 2660, 2669, 47, 3.620, 105.42, -74.32, 3.614, 105.46, -74.34, 0.006, 272.52, 59.27);
insert into SHOT values (3015, 2660, 2670, 47, 6.780, 203.58, -76.94, 6.777, 203.74, -76.86, 0.010, 230.65, 26.68);
insert into SHOT values (3016, 2660, 2671, 47, 9.350, 209.73, -62.75, 9.350, 209.79, -62.71, 0.008, 250.95, 17.48);
insert into SHOT values (3017, 2660, 2672, 47, 10.540, 215.24, -55.38, 10.538, 215.28, -55.36, 0.006, 278.62, 37.53);
insert into SHOT values (3018, 2660, 2673, 47, 21.270, 216.47, -50.21, 21.268, 216.46, -50.20, 0.005, 161.28, 46.07);
insert into SHOT values (3019, 2660, 2674, 47, 22.770, 214.06, -44.92, 22.773, 214.05, -44.92, 0.003, 179.56, -32.41);
insert into SHOT values (3020, 2660, 2675, 47, 11.720, 213.76, -32.34, 11.722, 213.80, -32.34, 0.008, 287.81, -3.57);
insert into SHOT values (3021, 2660, 2676, 47, 10.820, 220.11, -47.01, 10.809, 220.38, -46.96, 0.038, 310.22, 22.52);
insert into SHOT values (3022, 2660, 2676, 47, 10.810, 220.38, -46.98, 10.809, 220.38, -46.96, 0.004, 226.61, 51.07);
insert into SHOT values (3023, 2660, 2676, 47, 10.810, 220.59, -46.93, 10.809, 220.38, -46.96, 0.027, 121.57, -6.49);
insert into SHOT values (3024, 2676, 2677, 47, 3.540, 14.79, 2.92, 3.531, 14.78, 2.92, 0.009, 196.87, -2.21);
insert into SHOT values (3025, 2676, 2678, 47, 4.830, 36.50, 0.91, 4.827, 36.49, 0.83, 0.008, 230.90, -63.18);
insert into SHOT values (3026, 2676, 2679, 47, 2.770, 60.52, -0.17, 2.767, 60.56, -0.21, 0.004, 203.11, -27.36);
insert into SHOT values (3027, 2676, 2680, 47, 1.650, 113.92, -1.80, 1.653, 113.93, -1.73, 0.003, 118.23, 33.22);
insert into SHOT values (3028, 2676, 2681, 47, 1.860, 157.86, -0.09, 1.866, 157.97, -0.31, 0.010, 187.80, -44.45);
insert into SHOT values (3029, 2676, 2682, 47, 6.070, 163.52, -1.10, 6.070, 163.54, -1.13, 0.004, 254.99, -64.16);
insert into SHOT values (3030, 2676, 2683, 47, 4.080, 177.58, -1.46, 4.085, 177.61, -1.54, 0.008, 204.10, -48.04);
insert into SHOT values (3031, 2676, 2684, 47, 3.230, 202.11, 3.28, 3.234, 202.20, 3.19, 0.008, 248.83, -35.58);
insert into SHOT values (3032, 2676, 2685, 47, 0.600, 262.14, 10.01, 0.604, 262.28, 9.53, 0.006, 279.72, -42.08);
insert into SHOT values (3033, 2676, 2686, 47, 3.350, 121.10, 34.70, 3.350, 121.21, 34.55, 0.010, 167.13, -43.14);
insert into SHOT values (3034, 2676, 2687, 47, 10.110, 95.25, 83.57, 10.104, 95.56, 83.55, 0.009, 158.37, -42.92);
insert into SHOT values (3035, 2676, 2688, 47, 4.470, 328.89, 81.39, 4.470, 328.45, 81.39, 0.005, 235.18, 4.16);
insert into SHOT values (3036, 2676, 2689, 47, 1.810, 314.01, 60.65, 1.811, 313.63, 60.77, 0.007, 196.89, 19.24);
insert into SHOT values (3037, 2676, 2690, 47, 3.790, 125.29, -61.66, 3.794, 125.28, -61.67, 0.005, 112.61, -69.23);
insert into SHOT values (3038, 2676, 2691, 47, 9.430, 130.19, -76.64, 9.435, 130.34, -76.65, 0.008, 229.69, -41.13);
insert into SHOT values (3039, 2676, 2692, 47, 13.170, 159.49, -83.71, 13.170, 159.81, -83.68, 0.010, 213.02, 4.03);
insert into SHOT values (3040, 2676, 2693, 47, 11.490, 291.86, -81.03, 11.490, 291.68, -81.06, 0.008, 159.20, -3.96);
insert into SHOT values (3041, 2676, 2694, 47, 7.130, 287.53, -72.17, 7.131, 287.35, -72.21, 0.008, 166.82, -17.53);
insert into SHOT values (3042, 2676, 2695, 47, 13.470, 189.05, -69.99, 13.469, 189.01, -70.04, 0.013, 22.95, -13.74);
insert into SHOT values (3043, 2676, 2695, 47, 13.470, 189.06, -70.11, 13.469, 189.01, -70.04, 0.016, 173.57, 23.99);
insert into SHOT values (3044, 2676, 2695, 47, 13.460, 188.95, -70.08, 13.469, 189.01, -70.04, 0.013, 213.49, -24.13);
insert into SHOT values (3045, 2695, 2696, 47, 3.920, 9.53, -2.44, 3.918, 9.56, -2.49, 0.004, 146.63, -47.35);
insert into SHOT values (3046, 2695, 2697, 47, 4.140, 328.22, 3.03, 4.138, 328.16, 3.05, 0.005, 211.36, 12.74);
insert into SHOT values (3047, 2695, 2698, 47, 2.850, 256.33, -6.15, 2.857, 256.36, -6.23, 0.008, 267.10, -34.99);
insert into SHOT values (3048, 2695, 2699, 47, 2.950, 294.85, -2.13, 2.955, 294.83, -2.13, 0.005, 282.84, -4.00);
insert into SHOT values (3049, 2695, 2700, 47, 6.020, 234.74, -8.84, 6.021, 234.79, -8.89, 0.007, 324.80, -44.93);
insert into SHOT values (3050, 2695, 2701, 47, 4.090, 205.04, 0.54, 4.094, 205.00, 0.56, 0.005, 167.44, 17.23);
insert into SHOT values (3051, 2695, 2702, 47, 6.820, 20.91, 39.66, 6.814, 20.89, 39.67, 0.007, 220.15, -24.57);
insert into SHOT values (3052, 2695, 2703, 47, 10.840, 18.17, 59.57, 10.844, 18.14, 59.57, 0.005, 329.05, 38.55);
insert into SHOT values (3053, 2695, 2704, 47, 25.540, 21.96, 76.49, 25.536, 21.96, 76.50, 0.005, 198.85, -40.61);
insert into SHOT values (3054, 2695, 2705, 47, 8.170, 229.05, 80.40, 8.164, 229.17, 80.40, 0.006, 342.72, -60.79);
insert into SHOT values (3055, 2695, 2706, 47, 6.590, 221.09, 41.91, 6.594, 221.12, 41.86, 0.008, 240.64, -13.66);
insert into SHOT values (3056, 2695, 2707, 47, 15.640, 225.86, -26.20, 15.640, 225.87, -26.22, 0.006, 14.37, -58.65);
insert into SHOT values (3057, 2695, 2708, 47, 8.590, 225.87, -23.02, 8.591, 225.92, -23.02, 0.007, 311.83, -6.76);
insert into SHOT values (3058, 2695, 2709, 47, 17.390, 224.48, -35.70, 17.397, 224.48, -35.69, 0.007, 232.84, -18.83);
insert into SHOT values (3059, 2695, 2710, 47, 17.020, 227.59, -35.19, 17.020, 227.59, -35.20, 0.002, 355.54, -56.72);
insert into SHOT values (3060, 2695, 2711, 47, 17.440, 230.40, -45.85, 17.443, 230.41, -45.87, 0.007, 358.58, -63.69);
insert into SHOT values (3061, 2695, 2712, 47, 20.570, 227.69, -56.90, 20.569, 227.71, -56.89, 0.004, 299.87, 30.05);
insert into SHOT values (3062, 2695, 2713, 47, 21.460, 234.27, -61.94, 21.463, 234.31, -61.94, 0.008, 312.86, -18.95);
insert into SHOT values (3063, 2695, 2714, 47, 7.040, 218.31, -42.82, 7.030, 219.16, -42.95, 0.079, 321.68, -3.58);
insert into SHOT values (3064, 2695, 2714, 47, 7.030, 219.85, -43.06, 7.030, 219.16, -42.95, 0.063, 138.49, 8.96);
insert into SHOT values (3065, 2695, 2714, 47, 7.030, 219.25, -42.94, 7.030, 219.16, -42.95, 0.008, 126.91, -6.93);
insert into SHOT values (3066, 2714, 2715, 47, 2.860, 215.15, -27.13, 2.864, 215.25, -27.22, 0.008, 284.36, -50.69);
insert into SHOT values (3067, 2714, 2716, 47, 2.990, 215.16, -27.15, 2.995, 215.06, -27.22, 0.008, 156.64, -46.50);
insert into SHOT values (3068, 2714, 2717, 47, 3.000, 215.14, -27.24, 3.005, 215.24, -27.34, 0.008, 283.81, -54.33);
insert into SHOT values (3069, 2717, 2718, 47, 1.230, 73.22, 0.65, 1.231, 73.48, 0.93, 0.008, 154.24, 47.02);
insert into SHOT values (3070, 2717, 2719, 47, 2.060, 35.27, -3.52, 2.054, 35.47, -3.35, 0.011, 162.52, 35.40);
insert into SHOT values (3071, 2717, 2720, 47, 9.170, 14.62, 0.10, 9.168, 14.66, 0.12, 0.007, 119.50, 32.64);
insert into SHOT values (3072, 2717, 2721, 47, 5.080, 7.49, 2.19, 5.078, 7.59, 2.26, 0.011, 109.75, 33.71);
insert into SHOT values (3073, 2717, 2722, 47, 2.840, 325.31, 8.43, 2.841, 325.29, 8.50, 0.004, 273.01, 72.97);
insert into SHOT values (3074, 2717, 2723, 47, 7.330, 277.84, 2.47, 7.324, 277.78, 2.50, 0.011, 152.06, 22.09);
insert into SHOT values (3075, 2717, 2724, 47, 6.440, 255.40, -2.89, 6.438, 255.32, -2.85, 0.011, 154.75, 25.92);
insert into SHOT values (3076, 2717, 2725, 47, 6.660, 232.78, -5.19, 6.663, 232.72, -5.17, 0.009, 167.78, 16.63);
insert into SHOT values (3077, 2717, 2726, 47, 13.180, 249.74, 57.39, 13.185, 249.73, 57.42, 0.008, 96.38, 65.56);
insert into SHOT values (3078, 2717, 2727, 47, 9.210, 255.70, 42.54, 9.209, 255.66, 42.57, 0.008, 124.08, 24.00);
insert into SHOT values (3079, 2717, 2728, 47, 6.950, 271.08, -30.29, 6.947, 271.05, -30.25, 0.006, 177.34, 60.10);
insert into SHOT values (3080, 2717, 2729, 47, 8.720, 249.68, -64.15, 8.711, 249.66, -64.16, 0.009, 86.68, 53.80);
insert into SHOT values (3081, 2717, 2730, 47, 6.460, 247.11, -80.28, 6.460, 247.01, -80.42, 0.016, 74.03, -10.09);
insert into SHOT values (3082, 2717, 2730, 47, 6.470, 247.75, -80.43, 6.460, 247.01, -80.42, 0.017, 156.36, 35.68);
insert into SHOT values (3083, 2717, 2730, 47, 6.460, 247.60, -80.56, 6.460, 247.01, -80.42, 0.019, 212.66, 7.44);
insert into SHOT values (3084, 2730, 2731, 47, 4.860, 24.44, 3.07, 4.863, 24.45, 3.07, 0.003, 49.05, -5.77);
insert into SHOT values (3085, 2730, 2732, 47, 3.660, 358.04, 4.75, 3.664, 358.12, 4.70, 0.007, 45.27, -24.73);
insert into SHOT values (3086, 2730, 2733, 47, 2.380, 326.95, 3.69, 2.382, 326.84, 3.61, 0.006, 260.73, -33.62);
insert into SHOT values (3087, 2730, 2734, 47, 3.440, 288.10, 0.01, 3.441, 288.12, 0.00, 0.001, 349.94, -24.91);
insert into SHOT values (3088, 2730, 2735, 47, 4.130, 240.56, 2.66, 4.124, 240.63, 2.64, 0.008, 19.99, -11.43);
insert into SHOT values (3089, 2730, 2736, 47, 8.110, 204.48, 3.80, 8.105, 204.47, 3.82, 0.006, 34.05, 23.80);
insert into SHOT values (3090, 2730, 2737, 47, 17.080, 236.57, 82.13, 17.080, 236.72, 82.15, 0.009, 11.92, 5.78);
insert into SHOT values (3091, 2730, 2738, 47, 14.540, 265.29, 66.70, 14.535, 265.31, 66.70, 0.005, 38.84, -55.57);
insert into SHOT values (3092, 2730, 2739, 47, 8.610, 273.02, 47.63, 8.606, 273.06, 47.65, 0.006, 45.35, -10.54);
insert into SHOT values (3093, 2730, 2740, 47, 3.400, 259.93, -27.53, 3.399, 260.07, -27.51, 0.007, 348.72, 11.76);
insert into SHOT values (3094, 2730, 2741, 47, 5.650, 251.69, -58.77, 5.648, 251.69, -58.77, 0.002, 74.86, 49.00);
insert into SHOT values (3095, 2730, 2742, 47, 9.910, 222.49, -83.50, 9.913, 222.83, -83.52, 0.008, 342.83, -26.04);
insert into SHOT values (3096, 2730, 2743, 47, 8.100, 198.29, -74.68, 8.097, 198.27, -74.69, 0.003, 39.27, 40.27);
insert into SHOT values (3097, 2730, 2744, 47, 10.340, 191.94, -55.16, 10.343, 191.92, -55.17, 0.004, 108.32, -57.19);
insert into SHOT values (3098, 2730, 2745, 47, 10.600, 194.67, -48.49, 10.598, 194.69, -48.52, 0.007, 351.95, -20.31);
insert into SHOT values (3099, 2730, 2746, 47, 6.890, 355.05, -59.17, 6.894, 355.13, -59.17, 0.006, 65.89, -35.16);
insert into SHOT values (3100, 2730, 2747, 47, 12.940, 336.78, -69.85, 12.943, 336.77, -69.84, 0.005, 324.02, -24.80);
insert into SHOT values (3101, 2730, 2748, 47, 12.130, 340.02, -72.00, 12.136, 340.07, -71.98, 0.008, 6.24, -26.86);
insert into SHOT values (3102, 2730, 2749, 47, 7.580, 187.50, -66.15, 7.579, 187.68, -66.12, 0.010, 262.57, 15.18);
insert into SHOT values (3103, 2730, 2749, 47, 7.580, 187.68, -66.13, 7.579, 187.68, -66.12, 0.002, 205.00, 83.52);
insert into SHOT values (3104, 2730, 2749, 47, 7.580, 187.81, -66.03, 7.579, 187.68, -66.12, 0.014, 37.89, -15.08);
insert into SHOT values (3105, 2749, 2750, 47, 8.030, 175.72, 3.37, 8.026, 175.71, 3.36, 0.005, 24.99, -26.11);
insert into SHOT values (3106, 2749, 2751, 47, 4.030, 194.62, 0.84, 4.032, 194.66, 0.85, 0.003, 252.70, 16.79);
insert into SHOT values (3107, 2749, 2752, 47, 1.230, 260.77, -0.57, 1.226, 260.61, -0.47, 0.005, 124.12, 24.76);
insert into SHOT values (3108, 2749, 2753, 47, 1.640, 307.84, -1.82, 1.639, 308.06, -1.75, 0.007, 45.41, 18.27);
insert into SHOT values (3109, 2749, 2754, 47, 4.770, 337.53, -0.40, 4.771, 337.57, -0.36, 0.005, 53.60, 41.08);
insert into SHOT values (3110, 2749, 2755, 47, 7.930, 345.26, -1.01, 7.933, 345.25, -1.01, 0.003, 309.16, -3.65);
insert into SHOT values (3111, 2749, 2756, 47, 5.400, 8.83, -2.41, 5.399, 8.85, -2.44, 0.004, 125.19, -52.83);
insert into SHOT values (3112, 2749, 2757, 47, 1.420, 47.88, 8.32, 1.417, 47.89, 8.52, 0.006, 222.95, 54.63);
insert into SHOT values (3113, 2749, 2758, 47, 3.260, 153.06, 10.73, 3.255, 153.03, 10.80, 0.006, 348.09, 28.86);
insert into SHOT values (3114, 2749, 2759, 47, 1.270, 112.59, 13.02, 1.267, 112.41, 13.23, 0.007, 335.52, 33.63);
insert into SHOT values (3115, 2749, 2760, 47, 10.070, 180.60, 26.38, 10.067, 180.57, 26.36, 0.006, 78.80, -43.52);
insert into SHOT values (3116, 2749, 2761, 47, 21.000, 184.37, 54.32, 21.000, 184.36, 54.33, 0.005, 49.58, 24.49);
insert into SHOT values (3117, 2749, 2762, 47, 12.710, 195.23, 77.33, 12.709, 195.18, 77.33, 0.002, 93.83, -12.23);
insert into SHOT values (3118, 2749, 2763, 47, 27.940, 200.17, 86.16, 27.943, 199.98, 86.16, 0.007, 124.73, 23.36);
insert into SHOT values (3119, 2749, 2764, 47, 27.680, 330.39, 66.41, 27.682, 330.40, 66.42, 0.005, 101.41, 44.02);
insert into SHOT values (3120, 2749, 2765, 47, 8.270, 345.09, 53.82, 8.276, 345.05, 53.82, 0.007, 301.78, 46.19);
insert into SHOT values (3121, 2749, 2766, 47, 11.960, 343.87, 26.94, 11.958, 343.88, 26.95, 0.004, 138.38, 24.17);
insert into SURVEY values (50, 19, '2016', '2016.brezno_na_toscu', '2016');
 insert into CENTRELINE values (51, 50, NULL, NULL, NULL, 0.00, 0.00, 0.00);
 insert into CENTRELINE values (52, 50, NULL, NULL, NULL, 0.00, 0.00, 0.00);
 insert into SURVEY values (53, 50, '20160827_matija_flis_spela_diba_usrana_jama', '20160827_matija_flis_spela_diba_usrana_jama.2016.brezno_na_toscu', NULL);
 insert into CENTRELINE values (54, 53, NULL, NULL, NULL, 0.00, 0.00, 0.00);
 insert into CENTRELINE values (55, 53, NULL, '2016-08-27', '2016-08-27', 62.98, 0.00, 0.00);
 insert into SHOT values (3122, 2767, 2768, 55, 0.000, 0.00, 0.00, 0.000, 90.00, 0.00, 0.000, 90.00, 0.00);
insert into SHOT values (3123, 2767, 2769, 55, 9.760, 326.82, 2.50, 9.764, 326.88, 2.52, 0.012, 34.65, 21.15);
insert into SHOT values (3124, 2767, 2769, 55, 9.760, 327.00, 2.59, 9.764, 326.88, 2.52, 0.024, 250.32, -27.76);
insert into SHOT values (3125, 2767, 2769, 55, 9.760, 326.82, 2.52, 9.764, 326.88, 2.52, 0.011, 33.94, 4.48);
insert into SHOT values (3126, 2769, 2770, 55, 1.050, 309.29, 74.15, 1.049, 309.29, 74.28, 0.003, 129.36, -1.79);
insert into SHOT values (3127, 2769, 2771, 55, 1.130, 257.88, 48.83, 1.132, 257.64, 48.68, 0.005, 215.35, -7.53);
insert into SHOT values (3128, 2769, 2772, 55, 0.450, 227.60, 12.27, 0.457, 227.73, 12.64, 0.008, 236.53, 34.57);
insert into SHOT values (3129, 2769, 2773, 55, 0.680, 227.98, -30.17, 0.679, 228.45, -30.04, 0.005, 317.30, 20.00);
insert into SHOT values (3130, 2769, 2774, 55, 0.870, 234.34, -62.31, 0.869, 235.12, -62.42, 0.006, 344.95, 3.53);
insert into SHOT values (3131, 2769, 2775, 55, 1.060, 247.82, -71.28, 1.058, 247.89, -70.95, 0.007, 252.50, 36.96);
insert into SHOT values (3132, 2769, 2776, 55, 1.290, 246.82, -82.77, 1.290, 248.20, -82.81, 0.004, 349.04, -3.70);
insert into SHOT values (3133, 2769, 2777, 55, 2.900, 277.16, -86.65, 2.895, 276.71, -86.61, 0.005, 238.89, 66.71);
insert into SHOT values (3134, 2769, 2778, 55, 1.670, 349.32, -86.87, 1.663, 347.47, -86.82, 0.008, 277.25, 67.40);
insert into SHOT values (3135, 2769, 2779, 55, 7.140, 318.26, -0.88, 7.140, 318.29, -0.88, 0.004, 44.57, -4.72);
insert into SHOT values (3136, 2769, 2780, 55, 11.380, 321.23, -2.68, 11.379, 321.21, -2.67, 0.004, 210.24, 32.12);
insert into SHOT values (3137, 2769, 2781, 55, 2.070, 313.37, -3.46, 2.069, 313.43, -3.32, 0.005, 61.16, 65.02);
insert into SHOT values (3138, 2769, 2782, 55, 1.770, 309.67, -7.38, 1.768, 309.68, -7.15, 0.007, 115.53, 80.23);
insert into SHOT values (3139, 2769, 2783, 55, 7.010, 317.33, 2.63, 7.014, 317.31, 2.70, 0.009, 287.36, 64.46);
insert into SHOT values (3140, 2769, 2784, 55, 3.980, 316.83, -13.82, 3.985, 316.78, -13.79, 0.006, 282.62, 6.78);
insert into SHOT values (3141, 2769, 2785, 55, 4.330, 318.93, -26.37, 4.333, 318.97, -26.30, 0.006, 346.29, 30.88);
insert into SHOT values (3142, 2769, 2786, 55, 2.500, 145.34, 30.80, 2.502, 145.42, 30.77, 0.004, 198.61, -1.58);
insert into SHOT values (3143, 2769, 2787, 55, 4.600, 143.05, 18.20, 4.601, 143.00, 18.24, 0.005, 55.09, 39.94);
insert into SHOT values (3144, 2769, 2788, 55, 3.100, 141.77, 2.19, 3.099, 141.69, 2.22, 0.005, 42.21, 18.66);
insert into SHOT values (3145, 2769, 2789, 55, 3.020, 146.63, -0.20, 3.018, 146.63, -0.19, 0.002, 331.85, 12.84);
insert into SHOT values (3146, 2769, 2790, 55, 1.620, 136.21, -4.64, 1.618, 136.01, -4.61, 0.006, 24.90, 9.62);
insert into SHOT values (3147, 2769, 2791, 55, 1.460, 153.07, -1.44, 1.458, 153.08, -1.18, 0.007, 320.96, 76.29);
insert into SHOT values (3148, 2769, 2792, 55, 1.810, 140.51, -15.47, 1.812, 140.57, -15.36, 0.005, 170.28, 36.12);
insert into SHOT values (3149, 2769, 2793, 55, 5.510, 144.45, -27.00, 5.504, 144.46, -27.02, 0.006, 314.67, 13.47);
insert into SHOT values (3150, 2769, 2794, 55, 5.120, 146.21, -42.05, 5.119, 146.27, -42.07, 0.005, 266.10, -9.35);
insert into SHOT values (3151, 2769, 2795, 55, 3.950, 143.27, -47.70, 3.949, 143.26, -47.69, 0.002, 14.56, 67.85);
insert into SHOT values (3152, 2769, 2796, 55, 7.120, 146.28, -22.80, 7.119, 146.31, -22.81, 0.004, 260.79, -13.28);
insert into SHOT values (3153, 2769, 2797, 55, 6.160, 147.02, 17.32, 6.159, 147.01, 17.38, 0.007, 339.84, 61.82);
insert into SHOT values (3154, 2769, 2798, 55, 4.270, 150.32, 35.93, 4.269, 150.32, 36.01, 0.006, 332.76, 44.60);
insert into SHOT values (3155, 2769, 2799, 55, 3.410, 156.26, 47.79, 3.414, 156.34, 47.82, 0.006, 219.24, 49.13);
insert into SHOT values (3156, 2769, 2800, 55, 2.130, 189.68, 67.21, 2.135, 189.81, 67.35, 0.007, 339.07, 60.53);
insert into SHOT values (3157, 2769, 2801, 55, 1.460, 219.42, 68.27, 1.463, 218.99, 68.33, 0.006, 126.80, 42.79);
insert into SHOT values (3158, 2769, 2802, 55, 9.010, 319.63, 0.57, 9.016, 319.54, 0.57, 0.015, 253.74, 1.41);
insert into SHOT values (3159, 2769, 2802, 55, 9.010, 319.50, 0.57, 9.016, 319.54, 0.57, 0.009, 7.76, 2.29);
insert into SHOT values (3160, 2769, 2802, 55, 9.020, 319.55, 0.49, 9.016, 319.54, 0.57, 0.014, 153.94, 72.15);
insert into SHOT values (3161, 2802, 2803, 55, 6.400, 147.28, 11.80, 6.402, 147.25, 11.81, 0.004, 79.64, 18.10);
insert into SHOT values (3162, 2802, 2804, 55, 5.900, 141.28, 1.69, 5.900, 141.26, 1.65, 0.004, 40.49, -67.68);
insert into SHOT values (3163, 2802, 2805, 55, 4.260, 131.72, -2.77, 4.262, 131.67, -2.82, 0.006, 67.36, -43.42);
insert into SHOT values (3164, 2802, 2806, 55, 4.520, 131.28, -11.21, 4.515, 131.25, -11.24, 0.006, 339.19, -13.20);
insert into SHOT values (3165, 2802, 2807, 55, 3.910, 123.71, -23.13, 3.913, 123.78, -23.18, 0.006, 194.06, -41.80);
insert into SHOT values (3166, 2802, 2808, 55, 1.160, 114.27, -10.87, 1.162, 114.32, -10.91, 0.003, 139.50, -28.40);
insert into SHOT values (3167, 2802, 2809, 55, 2.760, 142.22, -2.68, 2.761, 142.22, -2.70, 0.002, 134.43, -34.46);
insert into SHOT values (3168, 2802, 2810, 55, 0.720, 161.05, 1.35, 0.721, 160.56, 1.59, 0.007, 82.81, 25.74);
insert into SHOT values (3169, 2802, 2811, 55, 1.110, 149.27, 16.86, 1.110, 148.85, 16.75, 0.008, 66.46, -13.90);
insert into SHOT values (3170, 2802, 2812, 55, 13.430, 146.08, 16.95, 13.429, 146.07, 16.93, 0.005, 74.05, -77.35);
insert into SHOT values (3171, 2802, 2813, 55, 1.040, 150.34, 54.20, 1.038, 150.49, 54.06, 0.004, 217.72, -64.00);
insert into SHOT values (3172, 2802, 2814, 55, 1.450, 250.30, 84.85, 1.446, 251.57, 84.98, 0.006, 33.23, -41.83);
insert into SHOT values (3173, 2802, 2815, 55, 2.780, 307.74, 56.91, 2.781, 307.78, 56.91, 0.001, 13.16, 40.15);
insert into SHOT values (3174, 2802, 2816, 55, 2.580, 342.73, 11.60, 2.577, 342.71, 11.64, 0.004, 175.02, 19.85);
insert into SHOT values (3175, 2802, 2817, 55, 4.040, 350.44, -12.22, 4.037, 350.51, -12.30, 0.008, 122.19, -35.57);
insert into SHOT values (3176, 2802, 2818, 55, 1.870, 8.88, -32.48, 1.870, 9.10, -32.33, 0.008, 77.70, 32.30);
insert into SHOT values (3177, 2802, 2819, 55, 0.660, 29.83, -16.03, 0.661, 30.19, -15.80, 0.005, 93.73, 26.74);
insert into SHOT values (3178, 2802, 2820, 55, 0.570, 45.02, 6.37, 0.569, 45.00, 6.05, 0.003, 238.96, -75.81);
insert into SHOT values (3179, 2802, 2821, 55, 0.620, 82.58, 20.40, 0.625, 82.15, 20.59, 0.007, 37.14, 32.02);
insert into SHOT values (3180, 2802, 2822, 55, 1.190, 359.66, 10.87, 1.191, 0.00, 10.65, 0.008, 78.81, -31.97);
insert into SHOT values (3181, 2802, 2823, 55, 1.590, 318.67, 29.13, 1.582, 318.81, 29.13, 0.009, 112.20, -27.17);
insert into SHOT values (3182, 2802, 2824, 55, 1.170, 262.85, 47.09, 1.172, 262.79, 47.20, 0.003, 154.89, 72.96);
insert into SHOT values (3183, 2802, 2825, 55, 1.100, 24.93, -57.28, 1.104, 24.84, -57.39, 0.005, 322.49, -77.28);
insert into SHOT values (3184, 2802, 2826, 55, 0.790, 358.70, -76.65, 0.791, 0.00, -76.84, 0.005, 119.73, -15.79);
insert into SHOT values (3185, 2802, 2827, 55, 1.590, 23.87, -41.23, 1.591, 24.21, -41.30, 0.007, 119.89, -16.28);
insert into SHOT values (3186, 2802, 2828, 55, 2.580, 343.82, 1.69, 2.584, 343.81, 1.77, 0.005, 337.10, 47.78);
insert into SHOT values (3187, 2802, 2829, 55, 4.090, 351.63, -15.68, 4.095, 351.68, -15.73, 0.007, 37.70, -41.38);
insert into SHOT values (3188, 2802, 2830, 55, 0.640, 105.61, 33.36, 0.642, 105.07, 33.02, 0.007, 53.38, -16.72);
insert into SHOT values (3189, 2802, 2831, 55, 0.730, 62.77, -8.32, 0.728, 62.72, -8.69, 0.005, 257.42, -61.99);
insert into SHOT values (3190, 2802, 2832, 55, 1.790, 72.14, -40.93, 1.791, 71.97, -40.78, 0.007, 28.19, 24.38);
insert into SHOT values (3191, 2802, 2833, 55, 3.620, 121.38, -22.14, 3.626, 121.37, -22.03, 0.009, 118.58, 27.00);
insert into SHOT values (3192, 2802, 2834, 55, 2.220, 292.54, 37.02, 2.217, 292.64, 37.19, 0.008, 85.58, 25.19);
insert into SHOT values (3193, 2802, 2834, 55, 2.220, 292.56, 37.13, 2.217, 292.64, 37.19, 0.005, 77.91, -0.61);
insert into SHOT values (3194, 2802, 2834, 55, 2.220, 292.51, 37.27, 2.217, 292.64, 37.19, 0.006, 29.45, -46.22);
insert into SHOT values (3195, 2834, 2835, 55, 0.630, 238.56, 28.36, 0.636, 238.86, 28.14, 0.007, 263.25, 6.02);
insert into SHOT values (3196, 2834, 2836, 55, 1.540, 213.83, 12.90, 1.544, 213.90, 12.72, 0.006, 234.75, -36.02);
insert into SHOT values (3197, 2834, 2837, 55, 1.140, 185.82, 15.32, 1.145, 185.71, 15.18, 0.006, 166.42, -10.69);
insert into SHOT values (3198, 2834, 2838, 55, 1.050, 160.27, 23.68, 1.052, 160.63, 23.53, 0.007, 223.57, -14.30);
insert into SHOT values (3199, 2834, 2839, 55, 1.140, 144.30, 30.18, 1.136, 144.53, 30.13, 0.006, 273.24, -31.42);
insert into SHOT values (3200, 2834, 2840, 55, 2.060, 181.46, 60.29, 2.060, 181.68, 60.31, 0.004, 278.92, 11.17);
insert into SHOT values (3201, 2834, 2841, 55, 5.150, 185.62, 69.43, 5.148, 185.71, 69.43, 0.003, 285.24, -29.70);
insert into SHOT values (3202, 2834, 2842, 55, 3.630, 175.38, 75.57, 3.634, 175.55, 75.62, 0.006, 299.91, 53.84);
insert into SHOT values (3203, 2834, 2843, 55, 3.670, 184.84, 66.43, 3.666, 185.09, 66.43, 0.008, 290.31, -30.10);
insert into SHOT values (3204, 2834, 2844, 55, 2.030, 141.63, 76.40, 2.027, 142.65, 76.36, 0.009, 227.58, -19.85);
insert into SHOT values (3205, 2834, 2845, 55, 1.200, 310.69, 69.82, 1.205, 310.16, 69.67, 0.007, 271.02, 30.94);
insert into SHOT values (3206, 2834, 2846, 55, 1.590, 96.77, 61.68, 1.591, 96.84, 61.65, 0.001, 138.09, 11.83);
insert into SHOT values (3207, 2834, 2847, 55, 1.180, 75.53, 55.37, 1.180, 75.34, 55.29, 0.003, 16.14, -20.47);
insert into SHOT values (3208, 2834, 2848, 55, 1.250, 89.21, 55.37, 1.251, 89.19, 55.42, 0.001, 306.76, 76.66);
insert into SHOT values (3209, 2834, 2849, 55, 1.130, 127.81, 44.50, 1.127, 128.44, 44.49, 0.009, 228.86, -12.73);
insert into SHOT values (3210, 2834, 2850, 55, 1.140, 154.40, 34.96, 1.135, 154.54, 34.94, 0.006, 304.86, -35.62);
insert into SHOT values (3211, 2834, 2851, 55, 0.900, 135.15, 26.08, 0.900, 135.00, 26.39, 0.005, 358.14, 54.49);
insert into SHOT values (3212, 2834, 2852, 55, 0.790, 132.85, -10.08, 0.791, 132.92, -10.20, 0.002, 193.02, -58.63);
insert into SHOT values (3213, 2834, 2853, 55, 1.540, 200.07, -69.44, 1.539, 200.43, -69.30, 0.005, 245.44, 21.52);
insert into SHOT values (3214, 2834, 2854, 55, 1.360, 82.64, -74.73, 1.357, 83.48, -74.95, 0.008, 221.63, 14.16);
insert into SURVEY values (57, 50, '20160827_flis_diba_odcepek', '20160827_flis_diba_odcepek.2016.brezno_na_toscu', NULL);
 insert into CENTRELINE values (58, 57, NULL, NULL, NULL, 0.00, 0.00, 0.00);
 insert into CENTRELINE values (59, 57, NULL, '2016-08-27', '2016-08-27', 155.24, 0.00, 0.00);
 insert into SHOT values (3215, 2855, 2856, 59, 0.000, 0.00, 0.00, 0.000, 90.00, 0.00, 0.000, 90.00, 0.00);
insert into SHOT values (3216, 2855, 2857, 59, 5.510, 261.40, 49.09, 5.508, 261.40, 49.04, 0.005, 259.19, -61.25);
insert into SHOT values (3217, 2855, 2858, 59, 3.850, 237.72, 54.53, 3.845, 237.80, 54.49, 0.006, 338.74, -58.75);
insert into SHOT values (3218, 2855, 2859, 59, 3.670, 246.48, 44.68, 3.674, 246.57, 44.61, 0.007, 280.80, -4.24);
insert into SHOT values (3219, 2855, 2860, 59, 5.990, 268.92, 47.94, 5.983, 269.00, 47.91, 0.009, 19.89, -50.38);
insert into SHOT values (3220, 2855, 2861, 59, 3.550, 280.33, 45.79, 3.551, 280.45, 45.67, 0.009, 322.23, -30.72);
insert into SHOT values (3221, 2855, 2862, 59, 2.490, 285.58, 36.88, 2.490, 285.71, 36.76, 0.007, 344.02, -39.62);
insert into SHOT values (3222, 2855, 2863, 59, 1.660, 252.25, 32.39, 1.660, 252.21, 32.02, 0.011, 241.94, -58.50);
insert into SHOT values (3223, 2855, 2864, 59, 1.380, 232.86, 20.59, 1.378, 232.86, 20.38, 0.005, 261.38, -87.95);
insert into SHOT values (3224, 2855, 2865, 59, 1.090, 223.88, 1.02, 1.089, 224.26, 1.05, 0.007, 320.38, 4.74);
insert into SHOT values (3225, 2855, 2866, 59, 1.220, 292.51, 1.91, 1.224, 292.58, 1.87, 0.005, 311.74, -7.87);
insert into SHOT values (3226, 2855, 2867, 59, 0.940, 296.59, 0.40, 0.939, 296.57, 0.00, 0.007, 142.86, -81.98);
insert into SHOT values (3227, 2855, 2868, 59, 0.940, 290.01, -18.81, 0.948, 290.26, -19.10, 0.010, 324.67, -45.59);
insert into SHOT values (3228, 2855, 2869, 59, 1.430, 290.09, -45.48, 1.431, 290.42, -45.48, 0.006, 16.43, -3.94);
insert into SHOT values (3229, 2855, 2870, 59, 1.140, 245.26, -44.50, 1.142, 245.32, -44.49, 0.002, 280.61, -31.85);
insert into SHOT values (3230, 2855, 2871, 59, 6.160, 259.46, 36.91, 6.151, 259.58, 36.86, 0.015, 11.88, -40.14);
insert into SHOT values (3231, 2855, 2871, 59, 6.160, 259.48, 36.97, 6.151, 259.58, 36.86, 0.017, 352.09, -59.36);
insert into SHOT values (3232, 2855, 2871, 59, 6.140, 259.77, 36.96, 6.151, 259.58, 36.86, 0.022, 212.30, -4.46);
insert into SHOT values (3233, 2871, 2872, 59, 1.100, 274.48, 84.24, 1.106, 275.19, 84.27, 0.006, 2.52, 76.07);
insert into SHOT values (3234, 2871, 2873, 59, 2.020, 282.84, 71.68, 2.022, 282.72, 71.68, 0.003, 220.57, 58.68);
insert into SHOT values (3235, 2871, 2874, 59, 3.240, 287.64, 52.88, 3.243, 287.60, 53.01, 0.008, 126.94, 57.18);
insert into SHOT values (3236, 2871, 2875, 59, 3.340, 287.21, 37.56, 3.342, 287.13, 37.62, 0.005, 194.52, 48.63);
insert into SHOT values (3237, 2871, 2876, 59, 1.470, 284.30, 10.74, 1.472, 284.42, 10.96, 0.007, 351.33, 61.37);
insert into SHOT values (3238, 2871, 2877, 59, 1.220, 283.15, -16.53, 1.220, 283.32, -16.18, 0.008, 344.45, 60.23);
insert into SHOT values (3239, 2871, 2878, 59, 1.290, 289.47, -31.23, 1.286, 289.58, -30.88, 0.009, 359.80, 75.21);
insert into SHOT values (3240, 2871, 2879, 59, 1.850, 233.48, 2.52, 1.846, 233.38, 2.79, 0.010, 91.33, 58.46);
insert into SHOT values (3241, 2871, 2880, 59, 1.340, 276.92, 14.04, 1.341, 277.07, 14.24, 0.006, 8.42, 55.24);
insert into SHOT values (3242, 2871, 2881, 59, 1.310, 262.18, 7.58, 1.315, 262.06, 7.87, 0.009, 226.73, 56.09);
insert into SHOT values (3243, 2871, 2882, 59, 1.540, 309.73, 9.34, 1.540, 309.66, 9.34, 0.002, 226.49, 2.14);
insert into SHOT values (3244, 2871, 2883, 59, 1.640, 326.35, 6.70, 1.643, 326.50, 6.99, 0.010, 31.70, 60.76);
insert into SHOT values (3245, 2871, 2884, 59, 1.430, 338.70, 4.28, 1.432, 338.65, 4.40, 0.004, 304.94, 53.35);
insert into SHOT values (3246, 2871, 2885, 59, 1.490, 4.92, 3.59, 1.489, 5.02, 3.85, 0.007, 122.97, 66.36);
insert into SHOT values (3247, 2871, 2886, 59, 1.920, 13.45, 15.92, 1.925, 13.44, 15.98, 0.005, 7.23, 37.86);
insert into SHOT values (3248, 2871, 2887, 59, 2.270, 49.26, -11.74, 2.266, 49.20, -11.71, 0.004, 263.16, 25.27);
insert into SHOT values (3249, 2871, 2888, 59, 4.130, 69.35, -20.62, 4.130, 69.41, -20.55, 0.006, 137.31, 45.91);
insert into SHOT values (3250, 2871, 2889, 59, 5.370, 75.75, -23.87, 5.369, 75.74, -23.84, 0.003, 18.80, 67.03);
insert into SHOT values (3251, 2871, 2890, 59, 2.650, 42.60, -43.19, 2.647, 42.69, -43.13, 0.005, 134.76, 49.91);
insert into SHOT values (3252, 2871, 2891, 59, 1.530, 55.52, -53.57, 1.532, 55.27, -53.43, 0.006, 10.45, 10.01);
insert into SHOT values (3253, 2871, 2892, 59, 4.270, 66.77, -49.78, 4.268, 66.69, -49.80, 0.004, 303.76, 5.72);
insert into SHOT values (3254, 2871, 2893, 59, 1.900, 89.13, -20.80, 1.902, 89.03, -20.62, 0.007, 53.09, 42.98);
insert into SHOT values (3255, 2871, 2894, 59, 1.760, 97.29, -9.74, 1.758, 97.29, -9.49, 0.008, 280.23, 85.44);
insert into SHOT values (3256, 2871, 2895, 59, 0.720, 47.60, -50.73, 0.717, 47.64, -50.09, 0.009, 52.07, 59.39);
insert into SHOT values (3257, 2871, 2896, 59, 1.790, 2.72, -41.33, 1.787, 2.56, -41.34, 0.005, 235.22, 24.56);
insert into SHOT values (3258, 2871, 2897, 59, 2.220, 235.83, -9.63, 2.219, 235.80, -9.60, 0.002, 128.47, 50.40);
insert into SHOT values (3259, 2871, 2898, 59, 2.820, 246.82, -6.30, 2.822, 246.91, -6.31, 0.005, 315.02, -6.70);
insert into SHOT values (3260, 2871, 2899, 59, 6.810, 236.37, -2.21, 6.806, 236.33, -2.19, 0.007, 101.67, 23.06);
insert into SHOT values (3261, 2871, 2899, 59, 6.810, 236.23, -2.27, 6.806, 236.33, -2.19, 0.016, 344.48, 37.02);
insert into SHOT values (3262, 2871, 2899, 59, 6.810, 236.37, -2.11, 6.806, 236.33, -2.19, 0.011, 98.84, -55.16);
insert into SHOT values (3263, 2899, 2900, 59, 4.230, 69.29, 3.72, 4.231, 69.33, 3.79, 0.006, 148.62, 60.01);
insert into SHOT values (3264, 2899, 2901, 59, 3.700, 68.38, -2.81, 3.694, 68.37, -2.79, 0.006, 253.74, 13.48);
insert into SHOT values (3265, 2899, 2902, 59, 3.250, 79.32, -7.16, 3.251, 79.28, -7.07, 0.006, 26.66, 62.19);
insert into SHOT values (3266, 2899, 2903, 59, 1.840, 87.49, -4.48, 1.837, 87.50, -4.37, 0.005, 262.72, 54.67);
insert into SHOT values (3267, 2899, 2904, 59, 1.420, 94.44, -5.06, 1.419, 94.46, -4.85, 0.005, 203.91, 84.06);
insert into SHOT values (3268, 2899, 2905, 59, 2.060, 40.56, 0.82, 2.057, 40.66, 0.84, 0.005, 172.58, 6.03);
insert into SHOT values (3269, 2899, 2906, 59, 1.420, 18.54, 0.23, 1.414, 18.56, 0.41, 0.008, 193.48, 33.60);
insert into SHOT values (3270, 2899, 2907, 59, 1.260, 3.07, 2.89, 1.254, 3.21, 3.20, 0.010, 158.43, 42.40);
insert into SHOT values (3271, 2899, 2908, 59, 6.140, 44.10, 56.97, 6.141, 44.15, 57.00, 0.004, 164.69, 33.21);
insert into SHOT values (3272, 2899, 2909, 59, 5.320, 57.47, 41.82, 5.319, 57.47, 41.87, 0.004, 233.49, 38.68);
insert into SHOT values (3273, 2899, 2910, 59, 5.650, 59.63, 21.66, 5.649, 59.67, 21.71, 0.007, 185.88, 43.37);
insert into SHOT values (3274, 2899, 2911, 59, 0.750, 99.31, 16.54, 0.753, 99.59, 16.99, 0.007, 172.21, 60.15);
insert into SHOT values (3275, 2899, 2912, 59, 3.170, 97.10, -3.81, 3.171, 97.08, -3.80, 0.002, 52.97, 22.08);
insert into SHOT values (3276, 2899, 2913, 59, 3.680, 79.88, -19.06, 3.675, 79.89, -19.06, 0.005, 254.27, 21.97);
insert into SHOT values (3277, 2899, 2914, 59, 0.940, 66.81, -58.20, 0.937, 67.11, -58.59, 0.007, 226.45, -8.53);
insert into SHOT values (3278, 2899, 2915, 59, 2.330, 66.95, -46.32, 2.326, 66.94, -46.25, 0.005, 266.36, 82.16);
insert into SHOT values (3279, 2899, 2916, 59, 3.980, 65.97, -30.43, 3.975, 65.90, -30.38, 0.008, 300.41, 49.19);
insert into SHOT values (3280, 2899, 2917, 59, 3.970, 66.08, -14.88, 3.970, 66.17, -14.89, 0.006, 154.90, -4.74);
insert into SHOT values (3281, 2899, 2918, 59, 3.560, 31.13, -29.48, 3.556, 31.12, -29.48, 0.004, 217.73, 28.80);
insert into SHOT values (3282, 2899, 2919, 59, 4.670, 36.49, -21.43, 4.661, 36.47, -21.39, 0.009, 226.36, 41.20);
insert into SHOT values (3283, 2899, 2920, 59, 1.710, 10.79, -36.49, 1.706, 10.90, -36.30, 0.007, 100.07, 68.86);
insert into SHOT values (3284, 2899, 2921, 59, 1.340, 6.50, -21.77, 1.331, 6.49, -21.59, 0.010, 187.73, 47.08);
insert into SHOT values (3285, 2899, 2922, 59, 1.500, 348.55, 11.00, 1.497, 348.61, 11.17, 0.005, 143.77, 44.24);
insert into SHOT values (3286, 2899, 2923, 59, 6.150, 359.20, 73.88, 6.152, 358.99, 73.86, 0.007, 293.04, 15.08);
insert into SHOT values (3287, 2899, 2924, 59, 6.230, 46.76, 69.40, 6.226, 46.67, 69.45, 0.007, 256.63, -13.23);
insert into SHOT values (3288, 2899, 2925, 59, 5.790, 55.20, 59.27, 5.793, 55.18, 59.27, 0.003, 19.17, 62.80);
insert into SHOT values (3289, 2899, 2926, 59, 0.430, 327.22, 66.89, 0.433, 327.26, 67.41, 0.005, 144.04, 62.51);
insert into SHOT values (3290, 2899, 2927, 59, 5.990, 311.79, 58.33, 5.992, 311.65, 58.34, 0.008, 221.91, 14.42);
insert into SHOT values (3291, 2899, 2928, 59, 1.460, 115.35, 63.64, 1.460, 115.77, 63.82, 0.007, 247.20, 15.95);
insert into SHOT values (3292, 2899, 2929, 59, 1.910, 294.77, 50.66, 1.913, 294.87, 50.67, 0.004, 347.36, 45.36);
insert into SHOT values (3293, 2899, 2930, 59, 3.160, 302.40, 53.41, 3.175, 302.26, 53.42, 0.016, 274.18, 52.99);
insert into SHOT values (3294, 2899, 2930, 59, 3.170, 302.59, 53.40, 3.175, 302.26, 53.42, 0.012, 223.32, 24.70);
insert into SHOT values (3295, 2899, 2930, 59, 3.180, 302.35, 53.37, 3.175, 302.26, 53.42, 0.006, 151.42, -18.23);
insert into SHOT values (3296, 2930, 2931, 59, 1.550, 0.74, 25.12, 1.557, 1.22, 25.08, 0.014, 60.51, 8.34);
insert into SHOT values (3297, 2930, 2931, 59, 1.560, 1.12, 25.19, 1.557, 1.22, 25.08, 0.005, 119.76, -55.06);
insert into SHOT values (3298, 2930, 2931, 59, 1.550, 1.01, 25.43, 1.557, 1.22, 25.08, 0.013, 27.12, -25.54);
insert into SHOT values (3299, 2931, 2932, 59, 1.740, 193.22, 1.47, 1.747, 193.24, 1.64, 0.009, 198.33, 37.36);
insert into SHOT values (3300, 2931, 2933, 59, 1.840, 208.99, 0.57, 1.845, 209.21, 0.62, 0.008, 265.69, 11.55);
insert into SHOT values (3301, 2931, 2934, 59, 2.610, 227.48, -5.91, 2.619, 227.49, -5.92, 0.009, 230.41, -8.43);
insert into SHOT values (3302, 2931, 2935, 59, 6.010, 235.54, -9.17, 6.018, 235.56, -9.18, 0.009, 250.50, -14.74);
insert into SHOT values (3303, 2931, 2936, 59, 5.870, 244.69, -12.67, 5.874, 244.69, -12.69, 0.004, 239.39, -38.67);
insert into SHOT values (3304, 2931, 2937, 59, 5.370, 253.39, -11.28, 5.374, 253.35, -11.27, 0.006, 217.06, 3.89);
insert into SHOT values (3305, 2931, 2938, 59, 3.720, 269.54, -11.61, 3.726, 269.53, -11.61, 0.006, 263.18, -12.18);
insert into SHOT values (3306, 2931, 2939, 59, 3.950, 280.68, -10.08, 3.958, 280.65, -10.04, 0.008, 265.00, 9.10);
insert into SHOT values (3307, 2931, 2940, 59, 2.810, 295.66, -8.70, 2.814, 295.55, -8.58, 0.009, 245.82, 36.28);
insert into SHOT values (3308, 2931, 2941, 59, 2.440, 304.14, -8.51, 2.440, 304.02, -8.49, 0.005, 212.39, 11.95);
insert into SHOT values (3309, 2931, 2942, 59, 1.290, 312.05, -10.82, 1.290, 312.12, -10.72, 0.003, 32.98, 53.45);
insert into SHOT values (3310, 2931, 2943, 59, 1.880, 119.56, 60.16, 1.877, 119.59, 60.25, 0.004, 291.98, -10.62);
insert into SHOT values (3311, 2931, 2944, 59, 2.130, 67.48, 76.88, 2.124, 67.75, 77.07, 0.009, 231.97, -27.62);
insert into SHOT values (3312, 2931, 2945, 59, 1.840, 247.30, 57.35, 1.844, 247.03, 57.19, 0.008, 211.31, 5.32);
insert into SHOT values (3313, 2931, 2946, 59, 2.480, 249.27, 8.73, 2.488, 249.28, 8.78, 0.009, 252.53, 24.74);
insert into SHOT values (3314, 2931, 2947, 59, 2.080, 154.46, -6.27, 2.084, 154.55, -6.34, 0.005, 197.48, -31.15);
insert into SHOT values (3315, 2931, 2948, 59, 3.610, 120.32, -2.81, 3.608, 120.34, -2.86, 0.004, 275.57, -50.56);
insert into SHOT values (3316, 2931, 2949, 59, 13.180, 256.05, -54.98, 13.178, 256.00, -54.97, 0.008, 176.28, 29.68);
insert into SHOT values (3317, 2931, 2950, 59, 13.040, 250.39, -57.10, 13.046, 250.39, -57.07, 0.008, 250.10, -9.26);
insert into SHOT values (3318, 2931, 2951, 59, 13.060, 248.22, -57.31, 13.059, 248.20, -57.30, 0.003, 177.94, 25.94);
insert into SHOT values (3319, 2931, 2952, 59, 12.020, 259.66, -49.15, 12.022, 259.68, -49.12, 0.006, 281.57, 21.16);
insert into SHOT values (3320, 2931, 2953, 59, 12.090, 260.07, -48.52, 12.093, 260.08, -48.52, 0.003, 294.26, -46.01);
insert into SHOT values (3321, 2931, 2954, 59, 13.560, 255.15, -54.92, 13.567, 255.14, -54.90, 0.008, 249.26, -22.67);
insert into SHOT values (3322, 2931, 2955, 59, 13.050, 249.76, -56.13, 13.049, 249.75, -56.09, 0.009, 237.67, 36.76);
insert into SHOT values (3323, 2931, 2956, 59, 14.140, 260.13, -53.33, 14.139, 260.11, -53.32, 0.003, 191.35, 30.94);
insert into SHOT values (3324, 2931, 2957, 59, 13.500, 255.02, -54.03, 13.503, 255.02, -54.04, 0.004, 192.71, -84.33);
insert into SHOT values (3325, 2931, 2958, 59, 12.010, 258.98, -48.62, 12.014, 258.97, -48.59, 0.008, 251.48, 11.97);
insert into SHOT values (3326, 2931, 2959, 59, 11.860, 258.67, -48.47, 11.862, 258.63, -48.47, 0.005, 179.09, -16.17);
insert into SHOT values (3327, 2931, 2960, 59, 13.680, 254.46, -56.69, 13.680, 254.41, -56.67, 0.008, 195.40, 18.54);
insert into SHOT values (3328, 2931, 2961, 59, 8.530, 263.85, -48.87, 8.527, 263.86, -48.84, 0.005, 305.79, 69.36);
insert into SHOT values (3329, 2931, 2962, 59, 12.920, 263.96, -51.56, 12.922, 263.93, -51.55, 0.005, 205.45, -3.06);
insert into SHOT values (3330, 2931, 2963, 59, 6.180, 252.19, -52.59, 6.184, 252.19, -52.55, 0.006, 253.16, -11.56);
insert into SHOT values (3331, 2931, 2964, 59, 4.470, 237.89, -58.08, 4.471, 237.92, -57.96, 0.010, 245.32, 24.60);
insert into SHOT values (3332, 2931, 2965, 59, 13.640, 252.05, -57.28, 13.648, 252.01, -57.26, 0.011, 217.59, -23.99);
insert into SHOT values (3333, 2931, 2966, 59, 13.100, 251.46, -57.86, 13.100, 251.44, -57.84, 0.005, 212.72, 26.72);
insert into SHOT values (3334, 2931, 2967, 59, 13.100, 252.12, -57.07, 13.098, 252.10, -57.04, 0.007, 216.10, 50.12);
insert into SHOT values (3335, 2931, 2968, 59, 13.130, 256.58, -55.12, 13.123, 256.37, -55.08, 0.030, 172.72, 22.12);
insert into SHOT values (3336, 2931, 2968, 59, 13.110, 256.00, -55.07, 13.123, 256.37, -55.08, 0.050, 340.24, -13.51);
insert into SHOT values (3337, 2931, 2968, 59, 13.110, 256.56, -55.09, 13.123, 256.37, -55.08, 0.028, 186.02, -19.11);
insert into SHOT values (3338, 2931, 2969, 59, 0.000, 0.00, 0.00, 0.000, 90.00, 0.00, 0.000, 90.00, 0.00);
insert into SHOT values (3339, 2931, 2970, 59, 6.550, 243.20, -21.30, 6.549, 243.14, -21.12, 0.021, 199.03, 65.05);
insert into SHOT values (3340, 2931, 2970, 59, 6.540, 243.07, -21.08, 6.549, 243.14, -21.12, 0.013, 291.80, -37.45);
insert into SHOT values (3341, 2931, 2970, 59, 6.550, 243.17, -21.12, 6.549, 243.14, -21.12, 0.003, 134.96, 1.99);
insert into SHOT values (3342, 2970, 2971, 59, 0.850, 168.12, -73.84, 0.853, 167.74, -73.98, 0.004, 40.78, -60.99);
insert into SHOT values (3343, 2970, 2972, 59, 1.400, 141.45, -39.98, 1.402, 141.42, -39.95, 0.002, 125.14, -14.91);
insert into SHOT values (3344, 2970, 2973, 59, 1.370, 135.36, 8.55, 1.365, 135.30, 8.42, 0.006, 334.05, -39.82);
insert into SHOT values (3345, 2970, 2974, 59, 1.540, 127.97, 49.93, 1.540, 128.03, 50.00, 0.002, 266.82, 44.97);
insert into SHOT values (3346, 2970, 2975, 59, 0.950, 104.68, 86.13, 0.942, 108.43, 86.15, 0.009, 208.36, -61.45);
insert into SHOT values (3347, 2970, 2976, 59, 0.690, 304.15, 49.28, 0.685, 304.05, 49.35, 0.005, 136.88, -38.77);
insert into SHOT values (3348, 2970, 2977, 59, 1.570, 299.60, -40.82, 1.572, 299.80, -40.95, 0.006, 44.37, -40.26);
insert into SHOT values (3349, 2970, 2978, 59, 0.930, 260.40, -57.98, 0.933, 260.73, -57.85, 0.005, 300.41, -18.63);
insert into SHOT values (3350, 2970, 2979, 59, 2.180, 221.12, -15.42, 2.177, 221.13, -15.46, 0.004, 32.97, -5.39);
insert into SHOT values (3351, 2970, 2980, 59, 1.860, 211.72, 4.52, 1.865, 211.81, 4.31, 0.009, 241.69, -48.58);
insert into SHOT values (3352, 2970, 2981, 59, 1.020, 200.34, 27.08, 1.018, 200.63, 26.86, 0.006, 289.73, -43.36);
insert into SHOT values (3353, 2970, 2982, 59, 1.350, 139.98, 62.84, 1.349, 139.60, 62.78, 0.004, 62.57, -15.24);
insert into SHOT values (3354, 2970, 2983, 59, 2.540, 72.63, 51.00, 2.540, 72.58, 50.86, 0.007, 57.75, -37.08);
insert into SHOT values (3355, 2970, 2984, 59, 4.800, 45.36, 40.67, 4.795, 45.33, 40.59, 0.008, 345.75, -76.68);
insert into SHOT values (3356, 2970, 2985, 59, 6.610, 46.59, 27.34, 6.601, 46.59, 27.33, 0.009, 227.20, -37.69);
insert into SHOT values (3357, 2970, 2986, 59, 4.640, 40.69, -3.86, 4.641, 40.71, -3.95, 0.008, 99.47, -77.00);
insert into SHOT values (3358, 2970, 2987, 59, 1.650, 39.22, -30.55, 1.651, 39.29, -30.58, 0.002, 119.04, -37.07);
insert into SHOT values (3359, 2970, 2988, 59, 0.880, 357.13, -59.95, 0.887, 357.40, -60.23, 0.009, 93.11, -75.99);
insert into SHOT values (3360, 2970, 2989, 59, 2.340, 210.38, -9.22, 2.343, 210.11, -9.33, 0.012, 132.27, -24.79);
insert into SHOT values (3361, 2970, 2989, 59, 2.340, 210.15, -9.16, 2.343, 210.11, -9.33, 0.008, 172.48, -72.27);
insert into SHOT values (3362, 2970, 2989, 59, 2.340, 210.16, -9.15, 2.343, 210.11, -9.33, 0.008, 164.59, -71.68);
insert into SHOT values (3363, 2989, 2990, 59, 1.760, 136.97, 41.73, 1.756, 137.17, 41.79, 0.006, 271.29, -13.36);
insert into SHOT values (3364, 2989, 2991, 59, 2.720, 173.84, 5.50, 2.718, 173.85, 5.49, 0.002, 344.07, -20.06);
insert into SHOT values (3365, 2989, 2992, 59, 2.330, 197.45, 9.60, 2.329, 197.49, 9.64, 0.002, 326.70, 36.00);
insert into SHOT values (3366, 2989, 2993, 59, 1.080, 212.06, 19.03, 1.082, 212.60, 19.43, 0.012, 303.18, 39.20);
insert into SHOT values (3367, 2989, 2994, 59, 0.810, 178.56, 61.45, 0.805, 178.49, 61.84, 0.007, 2.22, -12.12);
insert into SHOT values (3368, 2989, 2995, 59, 1.480, 116.80, 22.34, 1.478, 116.57, 22.68, 0.011, 345.42, 44.98);
insert into SHOT values (3369, 2989, 2996, 59, 0.980, 338.43, 34.81, 0.983, 338.20, 34.73, 0.005, 292.33, 7.05);
insert into SHOT values (3370, 2989, 2997, 59, 1.140, 288.22, 33.78, 1.144, 288.43, 34.00, 0.007, 0.56, 58.74);
insert into SHOT values (3371, 2989, 2998, 59, 3.020, 303.13, 46.82, 3.024, 303.00, 46.68, 0.010, 273.29, -13.20);
insert into SHOT values (3372, 2989, 2998, 59, 3.020, 302.59, 46.82, 3.024, 303.00, 46.68, 0.017, 3.98, -7.42);
insert into SHOT values (3373, 2989, 2998, 59, 3.020, 303.20, 46.69, 3.024, 303.00, 46.68, 0.008, 236.86, 17.52);
insert into SHOT values (3374, 2998, 2999, 59, 0.190, 214.73, 15.63, 0.190, 213.69, 18.41, 0.010, 84.93, 64.20);
insert into SHOT values (3375, 2998, 3000, 59, 0.340, 182.47, 4.08, 0.341, 181.68, 5.04, 0.008, 104.30, 50.65);
insert into SHOT values (3376, 2998, 3001, 59, 1.820, 228.78, 44.90, 1.824, 228.77, 45.01, 0.005, 211.26, 83.80);
insert into SHOT values (3377, 2998, 3002, 59, 0.270, 42.21, 25.97, 0.269, 41.63, 26.49, 0.004, 273.87, 29.77);
insert into SHOT values (3378, 2998, 3003, 59, 1.570, 296.10, 67.87, 1.575, 296.13, 67.98, 0.006, 99.84, 78.61);
insert into SHOT values (3379, 2998, 3004, 59, 1.590, 296.04, 67.86, 1.597, 295.71, 67.95, 0.008, 207.67, 64.49);
insert into SHOT values (3380, 2998, 3005, 59, 2.060, 296.22, 67.82, 2.062, 295.91, 67.83, 0.005, 212.99, 29.59);
insert into SHOT values (3381, 2998, 3006, 59, 1.580, 306.11, 78.12, 1.583, 306.16, 78.26, 0.005, 121.33, 49.78);
insert into SHOT values (3382, 2998, 3007, 59, 1.540, 291.91, 70.49, 1.549, 291.60, 70.53, 0.009, 235.91, 67.90);
insert into SHOT values (3383, 2998, 3008, 59, 1.590, 294.10, 67.94, 1.591, 293.20, 67.49, 0.016, 255.53, -13.17);
insert into SHOT values (3384, 2998, 3008, 59, 1.590, 292.25, 67.42, 1.591, 293.20, 67.49, 0.010, 29.81, 10.48);
insert into SHOT values (3385, 2998, 3008, 59, 1.590, 292.33, 67.37, 1.591, 293.20, 67.49, 0.010, 38.09, 14.13);
insert into SHOT values (3386, 3008, 3009, 59, 0.360, 290.86, -0.80, 0.351, 289.98, 0.00, 0.012, 142.08, 25.87);
insert into SHOT values (3387, 3008, 3010, 59, 0.560, 339.68, -42.94, 0.555, 339.78, -43.18, 0.005, 152.00, 16.49);
insert into SHOT values (3388, 3008, 3011, 59, 0.760, 350.18, 1.97, 0.752, 350.04, 2.29, 0.009, 183.10, 24.67);
insert into SHOT values (3389, 3008, 3012, 59, 0.760, 348.84, 3.03, 0.754, 349.29, 3.04, 0.008, 123.64, -1.20);
insert into SHOT values (3390, 3008, 3013, 59, 0.750, 350.12, 2.42, 0.743, 349.90, 3.09, 0.012, 189.84, 44.97);
insert into SHOT values (3391, 3013, 3014, 59, 0.240, 85.52, 15.20, 0.239, 85.03, 14.57, 0.004, 334.85, -54.21);
insert into SHOT values (3392, 3013, 3015, 59, 0.530, 136.06, 73.12, 0.524, 135.00, 72.72, 0.008, 75.76, -65.18);
insert into SHOT values (3393, 3013, 3016, 59, 2.630, 292.23, 48.99, 2.624, 292.54, 48.99, 0.011, 46.63, -23.94);
insert into SHOT values (3394, 3013, 3016, 59, 2.640, 292.22, 49.19, 2.624, 292.54, 48.99, 0.021, 43.94, -60.09);
insert into SHOT values (3395, 3013, 3016, 59, 2.630, 292.30, 48.98, 2.624, 292.54, 48.99, 0.010, 54.53, -26.39);
insert into SHOT values (3396, 3016, 3017, 59, 1.030, 73.05, 88.61, 1.030, 90.00, 88.89, 0.008, 208.17, 2.10);
insert into SHOT values (3397, 3016, 3018, 59, 1.430, 170.79, 3.28, 1.431, 170.74, 3.60, 0.008, 116.51, 78.43);
insert into SHOT values (3398, 3016, 3019, 59, 1.070, 99.63, -78.16, 1.062, 100.78, -78.38, 0.010, 243.08, 45.01);
insert into SHOT values (3399, 3016, 3020, 59, 1.270, 352.22, -1.14, 1.263, 351.81, -0.91, 0.013, 225.19, 24.73);
insert into SHOT values (3400, 3016, 3021, 59, 1.120, 17.67, -3.67, 1.115, 17.78, -3.60, 0.005, 171.55, 18.60);
insert into SHOT values (3401, 3016, 3022, 59, 1.220, 25.48, -2.16, 1.217, 25.30, -1.88, 0.007, 262.92, 53.04);
insert into SHOT values (3402, 3016, 3023, 59, 1.420, 32.83, -5.15, 1.417, 32.56, -4.86, 0.010, 283.47, 47.11);
insert into SHOT values (3403, 3016, 3024, 59, 2.050, 25.49, -25.76, 2.042, 25.45, -25.83, 0.008, 214.75, 6.68);
insert into SHOT values (3404, 3016, 3025, 59, 1.860, 341.25, 26.24, 1.865, 341.13, 26.43, 0.009, 273.23, 63.90);
insert into SHOT values (3405, 3016, 3026, 59, 7.550, 318.99, 32.79, 7.554, 318.96, 32.78, 0.005, 276.54, 13.11);
insert into SHOT values (3406, 3016, 3027, 59, 9.270, 307.77, 40.72, 9.274, 307.72, 40.72, 0.008, 242.62, 20.15);
insert into SHOT values (3407, 3016, 3028, 59, 2.220, 317.48, 51.78, 2.224, 317.36, 51.88, 0.007, 217.01, 63.81);
insert into SHOT values (3408, 3016, 3029, 59, 1.700, 294.20, 69.20, 1.699, 293.57, 69.32, 0.008, 175.17, 6.07);
insert into SHOT values (3409, 3016, 3030, 59, 12.790, 275.93, 54.31, 12.791, 275.92, 54.32, 0.003, 116.98, 47.57);
insert into SHOT values (3410, 3016, 3031, 59, 14.270, 190.32, 48.64, 14.279, 190.32, 48.66, 0.010, 193.71, 71.12);
insert into SHOT values (3411, 3016, 3032, 59, 4.560, 261.44, 48.15, 4.563, 261.50, 48.17, 0.005, 331.57, 45.48);
insert into SHOT values (3412, 3016, 3032, 59, 4.570, 261.56, 48.14, 4.563, 261.50, 48.17, 0.008, 109.98, -27.39);
insert into SHOT values (3413, 3016, 3032, 59, 4.560, 261.60, 48.21, 4.563, 261.50, 48.17, 0.007, 212.02, 0.79);
insert into SHOT values (3414, 3032, 3033, 59, 1.880, 203.78, -86.42, 1.874, 204.44, -86.30, 0.007, 225.98, 59.66);
insert into SHOT values (3415, 3032, 3034, 59, 23.390, 160.97, 82.86, 23.391, 161.13, 82.86, 0.008, 258.30, 9.65);
insert into SHOT values (3416, 3032, 3035, 59, 1.830, 51.86, -6.44, 1.827, 51.93, -6.28, 0.006, 184.13, 59.82);
insert into SHOT values (3417, 3032, 3036, 59, 2.030, 29.27, -3.24, 2.031, 29.22, -3.10, 0.005, 335.10, 64.91);
insert into SHOT values (3418, 3032, 3037, 59, 2.920, 9.44, -1.97, 2.921, 9.46, -1.96, 0.002, 47.52, 11.60);
insert into SHOT values (3419, 3032, 3038, 59, 5.270, 1.85, -2.57, 5.268, 1.85, -2.50, 0.007, 178.83, 72.77);
insert into SHOT values (3420, 3032, 3039, 59, 5.140, 352.19, -1.22, 5.139, 352.17, -1.12, 0.010, 235.38, 77.71);
insert into SHOT values (3421, 3032, 3040, 59, 5.780, 342.09, -3.06, 5.779, 342.04, -2.98, 0.010, 247.79, 57.43);
insert into SHOT values (3422, 3032, 3041, 59, 7.380, 328.55, -3.89, 7.383, 328.49, -3.88, 0.008, 260.84, 4.53);
insert into SHOT values (3423, 3032, 3042, 59, 7.990, 322.68, -4.71, 7.989, 322.66, -4.67, 0.007, 220.49, 59.85);
insert into SHOT values (3424, 3032, 3043, 59, 10.490, 317.37, -4.35, 10.489, 317.32, -4.32, 0.010, 226.41, 34.34);
insert into SHOT values (3425, 3032, 3044, 59, 9.750, 308.78, -3.76, 9.752, 308.74, -3.70, 0.012, 237.72, 54.37);
insert into SHOT values (3426, 3032, 3045, 59, 8.160, 295.49, -4.84, 8.160, 295.49, -4.78, 0.009, 326.42, 83.25);
insert into SHOT values (3427, 3032, 3046, 59, 7.370, 289.66, -5.84, 7.376, 289.67, -5.84, 0.007, 300.45, -0.84);
insert into SHOT values (3428, 3032, 3047, 59, 6.540, 281.02, -5.87, 6.543, 280.98, -5.79, 0.010, 229.95, 57.89);
insert into SHOT values (3429, 3032, 3048, 59, 5.580, 273.35, -4.85, 5.579, 273.30, -4.83, 0.005, 173.95, 19.80);
insert into SHOT values (3430, 3032, 3049, 59, 7.390, 288.28, -20.15, 7.388, 288.23, -20.11, 0.009, 201.72, 41.05);
insert into SHOT values (3431, 3032, 3050, 59, 11.860, 312.81, -28.28, 11.862, 312.79, -28.22, 0.012, 286.26, 47.86);
insert into SHOT values (3432, 3032, 3051, 59, 11.550, 323.10, -41.15, 11.551, 323.04, -41.15, 0.009, 239.02, 1.67);
insert into SHOT values (3433, 3032, 3052, 59, 9.630, 333.45, -48.33, 9.632, 333.39, -48.29, 0.009, 288.50, 21.77);
insert into SHOT values (3434, 3032, 3053, 59, 12.160, 342.36, -40.26, 12.154, 342.31, -40.23, 0.012, 248.10, 44.64);
insert into SHOT values (3435, 3032, 3054, 59, 10.030, 351.62, -39.98, 10.024, 351.62, -39.97, 0.006, 178.53, 51.05);
insert into SHOT values (3436, 3032, 3055, 59, 9.710, 6.59, -40.38, 9.711, 6.60, -40.37, 0.003, 27.71, 15.34);
insert into SHOT values (3437, 3032, 3056, 59, 10.420, 18.36, -49.81, 10.417, 18.30, -49.83, 0.008, 256.14, -0.49);
insert into SHOT values (3438, 3032, 3057, 59, 8.520, 3.93, -53.81, 8.515, 3.87, -53.78, 0.008, 282.57, 51.51);
insert into SHOT values (3439, 3032, 3058, 59, 8.360, 346.29, -52.44, 8.354, 346.26, -52.41, 0.007, 245.50, 71.48);
insert into SHOT values (3440, 3032, 3059, 59, 8.930, 329.44, -47.72, 8.925, 329.38, -47.69, 0.009, 239.48, 47.93);
insert into SHOT values (3441, 3032, 3060, 59, 13.430, 315.60, -35.93, 13.431, 315.60, -35.92, 0.002, 282.53, 26.09);
insert into SHOT values (3442, 3032, 3061, 59, 5.430, 257.40, -0.91, 5.433, 257.35, -0.84, 0.009, 194.35, 47.02);
insert into SHOT values (3443, 3032, 3062, 59, 5.790, 244.69, 1.18, 5.798, 244.67, 1.19, 0.009, 232.96, 5.05);
insert into SHOT values (3444, 3032, 3063, 59, 7.460, 222.96, 1.39, 7.467, 222.99, 1.46, 0.012, 254.15, 48.85);
insert into SHOT values (3445, 3032, 3064, 59, 7.310, 201.15, 1.44, 7.316, 201.16, 1.49, 0.008, 215.93, 48.19);
insert into SHOT values (3446, 3032, 3065, 59, 8.390, 185.95, 4.40, 8.391, 185.97, 4.44, 0.007, 274.15, 65.69);
insert into SHOT values (3447, 3032, 3066, 59, 10.030, 175.75, 6.88, 10.030, 175.80, 6.93, 0.012, 272.84, 46.87);
insert into SHOT values (3448, 3032, 3067, 59, 12.610, 164.02, 5.54, 12.613, 164.05, 5.55, 0.007, 233.84, 21.63);
insert into SHOT values (3449, 3032, 3068, 59, 12.950, 161.66, 7.39, 12.950, 161.66, 7.41, 0.004, 276.95, 77.71);
insert into SHOT values (3450, 3032, 3069, 59, 10.550, 150.68, 6.81, 10.557, 150.70, 6.85, 0.011, 177.73, 54.72);
insert into SHOT values (3451, 3032, 3070, 59, 6.580, 142.06, 5.69, 6.582, 142.13, 5.75, 0.011, 222.45, 42.12);
insert into SHOT values (3452, 3032, 3071, 59, 5.080, 133.41, -1.57, 5.081, 133.40, -1.47, 0.009, 104.74, 83.61);
insert into SHOT values (3453, 3032, 3072, 59, 4.310, 147.05, -10.90, 4.307, 147.06, -10.84, 0.006, 307.01, 64.02);
insert into SHOT values (3454, 3032, 3073, 59, 5.870, 156.41, 2.39, 5.872, 156.49, 2.44, 0.010, 233.55, 30.69);
insert into SHOT values (3455, 3032, 3074, 59, 3.140, 158.03, -21.68, 3.143, 158.09, -21.66, 0.004, 202.23, -0.18);
insert into SHOT values (3456, 3032, 3075, 59, 4.910, 173.39, -1.76, 4.914, 173.45, -1.75, 0.007, 224.92, 6.55);
insert into SHOT values (3457, 3032, 3076, 59, 2.810, 175.71, -19.18, 2.812, 175.90, -19.10, 0.010, 248.18, 19.13);
insert into SHOT values (3458, 3032, 3077, 59, 8.220, 191.39, 3.73, 8.219, 191.39, 3.77, 0.005, 354.43, 78.71);
insert into SHOT values (3459, 3032, 3078, 59, 24.210, 209.24, 84.11, 24.218, 209.35, 84.10, 0.010, 251.51, 48.97);
insert into SURVEY values (62, 19, '2018', '2018.brezno_na_toscu', '2018');
 insert into CENTRELINE values (63, 62, NULL, NULL, NULL, 0.00, 0.00, 0.00);
 insert into CENTRELINE values (64, 62, NULL, NULL, NULL, 0.00, 0.00, 0.00);
 insert into SURVEY values (65, 62, '20180616_jure_diba_lambada', '20180616_jure_diba_lambada.2018.brezno_na_toscu', NULL);
 insert into CENTRELINE values (66, 65, NULL, NULL, NULL, 0.00, 0.00, 0.00);
 insert into CENTRELINE values (67, 65, NULL, '2018-06-16', '2018-06-16', 301.01, 0.00, 0.00);
 insert into SHOT values (3460, 3079, 3080, 67, 0.000, 0.00, 0.00, 0.000, 90.00, 0.00, 0.000, 90.00, 0.00);
insert into SHOT values (3461, 3079, 3081, 67, 2.590, 328.63, -18.09, 2.588, 328.44, -17.77, 0.017, 255.99, 58.71);
insert into SHOT values (3462, 3079, 3081, 67, 2.580, 328.42, -17.90, 2.588, 328.44, -17.77, 0.010, 333.15, 17.44);
insert into SHOT values (3463, 3079, 3081, 67, 2.580, 328.41, -17.72, 2.588, 328.44, -17.77, 0.009, 338.27, -33.78);
insert into SHOT values (3464, 3079, 3082, 67, 0.000, 0.00, 0.00, 0.000, 90.00, 0.00, 0.000, 90.00, 0.00);
insert into SHOT values (3465, 3079, 3083, 67, 5.840, 284.45, 60.61, 5.844, 284.52, 60.57, 0.007, 315.97, 13.47);
insert into SHOT values (3466, 3079, 3084, 67, 4.280, 224.88, 61.91, 4.284, 224.80, 61.94, 0.005, 134.74, 55.49);
insert into SHOT values (3467, 3079, 3085, 67, 1.390, 229.02, 72.56, 1.394, 229.84, 72.53, 0.007, 300.20, 31.49);
insert into SHOT values (3468, 3079, 3086, 67, 2.410, 264.96, 3.16, 2.413, 265.00, 3.33, 0.008, 295.24, 65.35);
insert into SHOT values (3469, 3079, 3087, 67, 3.130, 303.60, -49.78, 3.129, 303.69, -49.81, 0.004, 65.95, -0.36);
insert into SHOT values (3470, 3079, 3088, 67, 1.370, 276.88, -80.05, 1.362, 277.13, -79.77, 0.011, 288.25, 60.81);
insert into SHOT values (3471, 3079, 3089, 67, 4.100, 182.05, 7.73, 4.101, 182.12, 7.85, 0.010, 271.75, 61.29);
insert into SHOT values (3472, 3079, 3090, 67, 2.500, 153.48, 48.60, 2.504, 153.43, 48.65, 0.005, 110.78, 67.89);
insert into SHOT values (3473, 3079, 3091, 67, 3.700, 140.72, -22.43, 3.698, 140.82, -22.41, 0.006, 243.42, 16.49);
insert into SHOT values (3474, 3079, 3092, 67, 4.860, 141.68, 5.76, 4.858, 141.64, 5.79, 0.005, 25.35, 28.64);
insert into SHOT values (3475, 3079, 3093, 67, 4.870, 142.97, 2.46, 4.875, 143.01, 2.59, 0.012, 181.71, 62.27);
insert into SHOT values (3476, 3079, 3093, 67, 4.870, 143.06, 2.66, 4.875, 143.01, 2.59, 0.009, 105.50, -42.20);
insert into SHOT values (3477, 3079, 3093, 67, 4.890, 143.07, 2.58, 4.875, 143.01, 2.59, 0.016, 341.09, -0.43);
insert into SHOT values (3478, 3093, 3094, 67, 1.180, 305.58, -85.75, 1.173, 305.54, -85.79, 0.007, 128.13, 78.08);
insert into SHOT values (3479, 3093, 3095, 67, 2.100, 341.37, -52.63, 2.103, 341.28, -52.58, 0.004, 307.64, -16.62);
insert into SHOT values (3480, 3093, 3096, 67, 2.820, 184.05, 79.98, 2.823, 184.67, 79.97, 0.006, 263.94, 29.27);
insert into SHOT values (3481, 3093, 3097, 67, 4.830, 163.83, 75.28, 4.829, 163.93, 75.27, 0.003, 234.54, -33.97);
insert into SHOT values (3482, 3093, 3098, 67, 5.840, 147.88, 43.58, 5.841, 147.85, 43.62, 0.005, 11.78, 53.00);
insert into SHOT values (3483, 3093, 3099, 67, 1.390, 243.55, 15.24, 1.392, 243.43, 15.42, 0.005, 164.47, 59.30);
insert into SHOT values (3484, 3093, 3100, 67, 3.330, 244.07, 58.17, 3.331, 244.02, 58.16, 0.002, 195.30, 20.14);
insert into SHOT values (3485, 3093, 3101, 67, 2.300, 153.81, 20.02, 2.300, 153.91, 20.09, 0.005, 257.39, 33.98);
insert into SHOT values (3486, 3093, 3102, 67, 1.060, 60.18, 75.93, 1.061, 59.42, 76.07, 0.004, 297.44, 24.10);
insert into SHOT values (3487, 3093, 3103, 67, 2.790, 154.76, 30.77, 2.790, 155.26, 31.08, 0.026, 265.83, 29.61);
insert into SHOT values (3488, 3093, 3103, 67, 2.790, 155.41, 31.09, 2.790, 155.26, 31.08, 0.006, 66.18, -6.41);
insert into SHOT values (3489, 3093, 3103, 67, 2.790, 155.54, 30.91, 2.790, 155.26, 31.08, 0.014, 44.79, 28.44);
insert into SHOT values (3490, 3103, 3104, 67, 1.230, 69.41, 87.91, 1.231, 75.96, 88.08, 0.006, 199.03, 7.63);
insert into SHOT values (3491, 3103, 3105, 67, 3.900, 150.90, 65.75, 3.895, 150.88, 65.70, 0.006, 111.50, -79.77);
insert into SHOT values (3492, 3103, 3106, 67, 4.990, 163.00, 65.20, 4.993, 163.12, 65.12, 0.009, 193.10, 1.27);
insert into SHOT values (3493, 3103, 3107, 67, 3.710, 177.20, 70.59, 3.714, 177.23, 70.47, 0.009, 181.53, 5.74);
insert into SHOT values (3494, 3103, 3108, 67, 0.820, 68.05, 11.85, 0.825, 68.20, 11.88, 0.006, 89.81, 15.93);
insert into SHOT values (3495, 3103, 3109, 67, 0.350, 246.51, 0.65, 0.349, 246.37, 0.00, 0.004, 117.29, -74.56);
insert into SHOT values (3496, 3103, 3110, 67, 2.710, 328.78, -53.24, 2.705, 328.67, -53.33, 0.007, 174.75, 9.05);
insert into SHOT values (3497, 3103, 3111, 67, 2.830, 323.33, 44.38, 2.830, 323.24, 44.40, 0.003, 221.37, 11.91);
insert into SHOT values (3498, 3103, 3112, 67, 7.320, 330.33, -16.02, 7.316, 330.34, -16.03, 0.004, 140.42, 1.63);
insert into SHOT values (3499, 3103, 3113, 67, 9.960, 326.88, -15.49, 9.951, 326.87, -15.50, 0.010, 153.31, 0.11);
insert into SHOT values (3500, 3103, 3114, 67, 2.400, 191.68, -30.08, 2.402, 191.36, -29.97, 0.012, 120.79, 13.43);
insert into SHOT values (3501, 3103, 3114, 67, 2.400, 191.06, -29.83, 2.402, 191.36, -29.97, 0.013, 287.51, -29.06);
insert into SHOT values (3502, 3103, 3114, 67, 2.400, 191.25, -29.83, 2.402, 191.36, -29.97, 0.008, 297.72, -55.04);
insert into SHOT values (3503, 3114, 3115, 67, 1.380, 150.88, 78.55, 1.378, 149.74, 78.37, 0.007, 95.80, -20.67);
insert into SHOT values (3504, 3114, 3116, 67, 1.550, 179.69, 23.35, 1.555, 179.60, 23.10, 0.009, 161.72, -30.60);
insert into SHOT values (3505, 3114, 3117, 67, 0.560, 94.32, 19.09, 0.561, 94.32, 18.71, 0.004, 93.40, -53.81);
insert into SHOT values (3506, 3114, 3118, 67, 0.920, 149.31, -71.90, 0.918, 149.04, -71.47, 0.007, 135.63, 37.23);
insert into SHOT values (3507, 3114, 3119, 67, 2.130, 184.28, -34.13, 2.134, 184.22, -34.21, 0.005, 138.23, -64.18);
insert into SHOT values (3508, 3114, 3120, 67, 4.090, 157.77, -56.15, 4.093, 157.83, -56.17, 0.004, 239.58, -55.86);
insert into SHOT values (3509, 3114, 3121, 67, 7.510, 281.61, -69.30, 7.514, 281.52, -69.32, 0.006, 176.17, -48.61);
insert into SHOT values (3510, 3114, 3122, 67, 0.890, 0.64, -80.66, 0.891, 0.00, -80.96, 0.005, 200.01, -20.88);
insert into SHOT values (3511, 3114, 3123, 67, 10.260, 189.85, -13.74, 10.260, 189.82, -13.76, 0.006, 96.00, -31.79);
insert into SHOT values (3512, 3114, 3124, 67, 10.970, 195.65, -13.00, 10.977, 195.62, -13.00, 0.008, 155.24, -15.63);
insert into SHOT values (3513, 3114, 3125, 67, 3.500, 185.46, -1.97, 3.498, 185.58, -1.47, 0.031, 286.04, 76.18);
insert into SHOT values (3514, 3114, 3125, 67, 3.490, 185.67, -1.27, 3.498, 185.58, -1.47, 0.016, 149.22, -53.88);
insert into SHOT values (3515, 3114, 3125, 67, 3.490, 185.60, -1.14, 3.498, 185.58, -1.47, 0.022, 176.13, -70.31);
insert into SHOT values (3516, 3125, 3126, 67, 7.970, 181.32, -17.50, 7.972, 181.28, -17.52, 0.006, 99.93, -33.09);
insert into SHOT values (3517, 3125, 3127, 67, 2.650, 233.30, -16.65, 2.647, 233.18, -16.68, 0.006, 115.60, -6.50);
insert into SHOT values (3518, 3125, 3128, 67, 7.980, 185.99, 9.95, 7.983, 185.99, 9.95, 0.003, 175.60, 21.23);
insert into SHOT values (3519, 3125, 3129, 67, 7.160, 186.82, -47.97, 7.161, 186.83, -47.98, 0.002, 257.80, -64.62);
insert into SHOT values (3520, 3125, 3130, 67, 7.040, 157.41, -68.64, 7.045, 157.33, -68.62, 0.007, 117.14, -32.37);
insert into SHOT values (3521, 3125, 3131, 67, 13.210, 243.22, -68.93, 13.213, 243.22, -68.93, 0.003, 231.39, -83.83);
insert into SHOT values (3522, 3125, 3132, 67, 20.050, 248.68, -87.57, 20.038, 249.44, -87.56, 0.017, 318.31, 44.57);
insert into SHOT values (3523, 3125, 3132, 67, 20.040, 248.87, -87.53, 20.038, 249.44, -87.56, 0.013, 26.22, 6.24);
insert into SHOT values (3524, 3125, 3132, 67, 20.040, 251.14, -87.58, 20.038, 249.44, -87.56, 0.027, 178.38, 4.59);
insert into SHOT values (3525, 3103, 3133, 67, 0.000, 0.00, 0.00, 0.000, 90.00, 0.00, 0.000, 90.00, 0.00);
insert into SHOT values (3526, 3103, 3134, 67, 3.430, 121.64, 71.14, 3.428, 121.84, 70.96, 0.012, 144.17, -29.56);
insert into SHOT values (3527, 3103, 3135, 67, 3.430, 118.64, 72.68, 3.427, 118.57, 72.60, 0.006, 98.43, -49.35);
insert into SHOT values (3528, 3103, 3135, 67, 3.420, 118.33, 72.53, 3.427, 118.57, 72.60, 0.009, 233.37, 59.01);
insert into SHOT values (3529, 3103, 3135, 67, 3.430, 117.95, 72.56, 3.427, 118.57, 72.60, 0.012, 224.68, -11.44);
insert into SHOT values (3530, 3135, 3136, 67, 3.880, 204.35, -14.83, 3.882, 204.24, -14.93, 0.010, 114.12, -44.24);
insert into SHOT values (3531, 3135, 3137, 67, 5.660, 220.23, -17.11, 5.659, 220.20, -17.16, 0.006, 91.15, -51.81);
insert into SHOT values (3532, 3135, 3138, 67, 4.750, 240.41, -22.09, 4.744, 240.40, -22.17, 0.009, 65.50, -24.76);
insert into SHOT values (3533, 3135, 3139, 67, 2.100, 224.70, -12.28, 2.099, 224.60, -12.38, 0.005, 113.86, -42.62);
insert into SHOT values (3534, 3135, 3140, 67, 2.500, 223.28, -27.26, 2.501, 223.18, -27.37, 0.006, 120.63, -49.99);
insert into SHOT values (3535, 3135, 3141, 67, 2.250, 200.64, -58.35, 2.255, 200.27, -58.35, 0.009, 129.80, -30.04);
insert into SHOT values (3536, 3135, 3142, 67, 13.910, 226.14, -69.34, 13.912, 226.07, -69.37, 0.010, 86.21, -27.64);
insert into SHOT values (3537, 3135, 3143, 67, 1.630, 244.78, -4.58, 1.629, 244.86, -4.58, 0.002, 357.95, 3.88);
insert into SHOT values (3538, 3135, 3144, 67, 3.440, 303.89, 36.34, 3.438, 303.80, 36.39, 0.005, 177.64, 16.80);
insert into SHOT values (3539, 3135, 3145, 67, 2.910, 283.06, 58.23, 2.906, 283.22, 58.22, 0.006, 33.65, -41.31);
insert into SHOT values (3540, 3135, 3146, 67, 15.970, 308.90, 52.52, 15.965, 308.90, 52.52, 0.005, 130.88, -43.62);
insert into SHOT values (3541, 3135, 3147, 67, 4.530, 279.47, 54.55, 4.529, 279.43, 54.57, 0.003, 145.68, -4.91);
insert into SHOT values (3542, 3135, 3148, 67, 4.690, 279.31, 54.68, 4.667, 279.39, 54.71, 0.023, 85.12, -46.60);
insert into SHOT values (3543, 3135, 3148, 67, 4.680, 279.41, 54.69, 4.667, 279.39, 54.71, 0.013, 104.71, -45.38);
insert into SHOT values (3544, 3135, 3148, 67, 4.660, 279.30, 54.64, 4.667, 279.39, 54.71, 0.011, 17.87, 65.43);
insert into SHOT values (3545, 3148, 3149, 67, 4.760, 93.19, -52.99, 4.759, 93.20, -52.99, 0.001, 237.32, 44.42);
insert into SHOT values (3546, 3148, 3150, 67, 2.200, 39.81, -10.59, 2.195, 39.74, -10.50, 0.006, 255.29, 42.56);
insert into SHOT values (3547, 3148, 3151, 67, 2.890, 289.24, 1.86, 2.892, 289.19, 1.98, 0.007, 237.36, 61.33);
insert into SHOT values (3548, 3148, 3152, 67, 1.780, 330.72, -2.13, 1.778, 330.69, -1.93, 0.006, 181.61, 76.18);
insert into SHOT values (3549, 3148, 3153, 67, 7.850, 326.20, 15.70, 7.855, 326.16, 15.73, 0.008, 271.36, 43.95);
insert into SHOT values (3550, 3148, 3154, 67, 6.310, 305.74, 51.19, 6.312, 305.74, 51.21, 0.003, 285.29, 89.18);
insert into SHOT values (3551, 3148, 3155, 67, 4.440, 10.09, 23.45, 4.440, 10.04, 23.49, 0.005, 265.39, 40.56);
insert into SHOT values (3552, 3148, 3156, 67, 7.600, 346.95, 41.28, 7.601, 346.94, 41.33, 0.007, 185.46, 57.09);
insert into SHOT values (3553, 3148, 3157, 67, 10.480, 340.77, 57.17, 10.482, 340.67, 57.19, 0.011, 241.54, 21.27);
insert into SHOT values (3554, 3148, 3158, 67, 2.060, 11.01, 74.14, 2.057, 10.30, 74.23, 0.008, 250.85, -11.24);
insert into SHOT values (3555, 3148, 3159, 67, 0.240, 276.44, 63.19, 0.246, 275.19, 63.34, 0.007, 228.67, 60.78);
insert into SHOT values (3556, 3148, 3160, 67, 2.900, 17.84, 6.58, 2.897, 17.81, 6.54, 0.004, 227.54, -33.35);
insert into SHOT values (3557, 3148, 3161, 67, 0.620, 47.70, 15.77, 0.618, 47.73, 15.95, 0.003, 220.00, 36.31);
insert into SHOT values (3558, 3148, 3162, 67, 7.620, 327.44, 16.58, 7.617, 327.42, 16.63, 0.008, 175.25, 46.36);
insert into SHOT values (3559, 3148, 3163, 67, 9.790, 323.47, 39.49, 9.793, 323.45, 39.51, 0.005, 249.74, 54.41);
insert into SHOT values (3560, 3148, 3164, 67, 9.240, 329.75, 53.52, 9.233, 329.65, 53.58, 0.016, 189.08, 1.62);
insert into SHOT values (3561, 3148, 3164, 67, 9.230, 329.73, 53.65, 9.233, 329.65, 53.58, 0.014, 292.55, -16.48);
insert into SHOT values (3562, 3148, 3164, 67, 9.230, 329.70, 53.60, 9.233, 329.65, 53.58, 0.007, 278.32, 7.12);
insert into SHOT values (3563, 3164, 3165, 67, 6.480, 129.10, -13.97, 6.475, 129.06, -13.94, 0.007, 359.60, 36.47);
insert into SHOT values (3564, 3164, 3166, 67, 6.780, 144.00, -14.64, 6.784, 143.99, -14.60, 0.006, 125.07, 35.11);
insert into SHOT values (3565, 3164, 3167, 67, 4.780, 81.75, 25.34, 4.786, 81.76, 25.36, 0.006, 88.77, 42.36);
insert into SHOT values (3566, 3164, 3168, 67, 5.460, 106.81, 7.56, 5.458, 106.76, 7.58, 0.006, 346.66, 16.93);
insert into SHOT values (3567, 3164, 3169, 67, 6.920, 114.02, -48.72, 6.920, 114.04, -48.71, 0.002, 181.72, 11.83);
insert into SHOT values (3568, 3164, 3170, 67, 7.490, 140.09, -69.04, 7.485, 140.00, -69.05, 0.007, 11.07, 39.85);
insert into SHOT values (3569, 3164, 3171, 67, 8.520, 105.96, -78.50, 8.522, 105.99, -78.45, 0.008, 113.19, -7.94);
insert into SHOT values (3570, 3164, 3172, 67, 1.990, 50.63, -32.40, 1.990, 50.54, -32.19, 0.008, 14.49, 55.44);
insert into SHOT values (3571, 3164, 3173, 67, 2.770, 303.33, 24.63, 2.773, 303.50, 24.73, 0.009, 30.57, 36.61);
insert into SHOT values (3572, 3164, 3174, 67, 1.060, 313.82, -8.83, 1.059, 314.23, -8.69, 0.008, 50.36, 19.99);
insert into SHOT values (3573, 3164, 3175, 67, 2.850, 320.43, 62.70, 2.857, 320.59, 62.77, 0.008, 48.34, 64.24);
insert into SHOT values (3574, 3164, 3176, 67, 3.120, 263.70, 7.25, 3.117, 263.50, 7.56, 0.020, 148.45, 53.20);
insert into SHOT values (3575, 3164, 3176, 67, 3.120, 263.41, 7.67, 3.117, 263.50, 7.56, 0.008, 18.82, -51.34);
insert into SHOT values (3576, 3164, 3176, 67, 3.110, 263.46, 7.55, 3.117, 263.50, 7.56, 0.007, 279.28, 10.92);
insert into SHOT values (3577, 3176, 3177, 67, 1.140, 136.10, -8.49, 1.137, 136.08, -8.60, 0.003, 323.20, -29.20);
insert into SHOT values (3578, 3176, 3178, 67, 1.170, 137.91, -30.78, 1.170, 137.42, -30.84, 0.009, 46.30, -8.33);
insert into SHOT values (3579, 3176, 3179, 67, 1.760, 98.37, 72.80, 1.760, 97.67, 72.66, 0.008, 41.51, -9.52);
insert into SHOT values (3580, 3176, 3180, 67, 1.130, 67.46, 63.34, 1.132, 66.95, 63.17, 0.006, 16.81, 1.32);
insert into SHOT values (3581, 3176, 3181, 67, 0.310, 39.20, 6.17, 0.314, 39.81, 5.49, 0.006, 77.45, -31.89);
insert into SHOT values (3582, 3176, 3182, 67, 0.800, 18.95, -73.46, 0.805, 19.98, -73.09, 0.008, 52.74, -22.24);
insert into SHOT values (3583, 3176, 3183, 67, 2.020, 7.60, -57.54, 2.028, 7.91, -57.48, 0.010, 50.93, -33.28);
insert into SHOT values (3584, 3176, 3184, 67, 2.400, 3.14, -28.45, 2.401, 3.26, -28.34, 0.006, 55.72, 32.02);
insert into SHOT values (3585, 3176, 3185, 67, 1.510, 0.59, -26.63, 1.512, 0.85, -26.73, 0.007, 87.63, -27.49);
insert into SHOT values (3586, 3176, 3186, 67, 1.100, 10.46, -26.14, 1.102, 10.51, -26.41, 0.006, 146.30, -76.40);
insert into SHOT values (3587, 3176, 3187, 67, 2.850, 11.30, -46.23, 2.842, 11.42, -46.15, 0.009, 131.94, 58.38);
insert into SHOT values (3588, 3176, 3187, 67, 2.830, 11.51, -46.02, 2.842, 11.42, -46.15, 0.014, 333.91, -70.38);
insert into SHOT values (3589, 3176, 3187, 67, 2.850, 11.47, -46.13, 2.842, 11.42, -46.15, 0.008, 205.95, 36.12);
insert into SHOT values (3590, 3187, 3188, 67, 0.630, 0.50, 86.52, 0.631, 0.00, 86.37, 0.002, 349.27, 32.96);
insert into SHOT values (3591, 3187, 3189, 67, 1.040, 308.02, 74.35, 1.040, 309.29, 74.13, 0.007, 8.04, -11.24);
insert into SHOT values (3592, 3187, 3190, 67, 0.200, 283.21, 23.35, 0.203, 285.52, 23.18, 0.008, 351.24, 5.13);
insert into SHOT values (3593, 3187, 3191, 67, 0.390, 96.76, 61.75, 0.390, 96.01, 60.67, 0.008, 75.51, -27.18);
insert into SHOT values (3594, 3187, 3192, 67, 0.560, 311.63, 67.20, 0.564, 313.15, 67.13, 0.007, 20.68, 31.05);
insert into SHOT values (3595, 3187, 3193, 67, 0.890, 23.37, -5.91, 0.896, 23.11, -5.76, 0.008, 351.06, 12.42);
insert into SHOT values (3596, 3187, 3194, 67, 1.110, 7.92, 9.14, 1.115, 7.84, 9.29, 0.006, 347.53, 38.31);
insert into SHOT values (3597, 3187, 3195, 67, 1.200, 26.42, 18.45, 1.202, 26.57, 18.43, 0.004, 80.77, 3.67);
insert into SHOT values (3598, 3187, 3196, 67, 0.750, 37.30, -21.30, 0.756, 37.52, -20.93, 0.008, 57.67, 17.45);
insert into SHOT values (3599, 3187, 3197, 67, 3.360, 354.11, 55.72, 3.367, 354.26, 55.66, 0.009, 29.23, 22.97);
insert into SHOT values (3600, 3187, 3198, 67, 2.400, 353.94, 55.94, 2.403, 354.04, 55.90, 0.004, 29.46, 23.94);
insert into SHOT values (3601, 3187, 3199, 67, 2.380, 353.79, 56.07, 2.381, 353.99, 55.83, 0.011, 21.66, -25.25);
insert into SHOT values (3602, 3187, 3200, 67, 3.350, 354.61, 55.68, 3.350, 354.56, 55.48, 0.012, 344.93, -34.33);
insert into SHOT values (3603, 3187, 3200, 67, 3.350, 354.33, 55.63, 3.350, 354.56, 55.48, 0.012, 40.35, -25.83);
insert into SHOT values (3604, 3187, 3200, 67, 3.350, 353.97, 55.57, 3.350, 354.56, 55.48, 0.020, 71.38, -8.91);
insert into SHOT values (3605, 3200, 3201, 67, 0.410, 246.91, 0.38, 0.412, 247.17, 1.39, 0.008, 285.45, 67.87);
insert into SHOT values (3606, 3200, 3202, 67, 2.370, 185.47, 5.91, 2.374, 185.59, 6.04, 0.009, 237.75, 43.71);
insert into SHOT values (3607, 3200, 3203, 67, 0.980, 176.15, 30.22, 0.987, 176.63, 30.42, 0.011, 233.40, 38.29);
insert into SHOT values (3608, 3200, 3204, 67, 0.170, 144.44, 33.28, 0.175, 146.31, 34.74, 0.008, 211.15, 52.66);
insert into SHOT values (3609, 3200, 3205, 67, 1.790, 339.61, 57.85, 1.794, 339.09, 57.92, 0.010, 250.72, 27.49);
insert into SHOT values (3610, 3200, 3206, 67, 1.420, 337.32, 18.58, 1.421, 337.25, 18.89, 0.008, 207.86, 74.05);
insert into SHOT values (3611, 3200, 3207, 67, 2.530, 343.03, -20.82, 2.528, 342.79, -20.62, 0.014, 259.43, 42.89);
insert into SHOT values (3612, 3200, 3208, 67, 3.350, 338.39, -12.44, 3.350, 338.30, -12.41, 0.006, 254.81, 16.98);
insert into SHOT values (3613, 3200, 3209, 67, 1.110, 323.18, 1.27, 1.114, 323.03, 1.54, 0.007, 288.36, 46.06);
insert into SHOT values (3614, 3200, 3210, 67, 1.240, 328.99, 17.77, 1.240, 328.87, 17.85, 0.003, 218.50, 30.47);
insert into SHOT values (3615, 3200, 3211, 67, 0.700, 315.52, -55.74, 0.694, 315.00, -55.21, 0.009, 253.37, 64.56);
insert into SHOT values (3616, 3200, 3212, 67, 1.850, 344.69, -34.95, 1.850, 344.31, -34.95, 0.010, 255.19, -1.19);
insert into SHOT values (3617, 3200, 3213, 67, 2.550, 101.87, -86.07, 2.546, 103.24, -86.07, 0.006, 194.32, 43.76);
insert into SHOT values (3618, 3200, 3214, 67, 0.960, 262.89, -76.49, 0.958, 262.57, -76.00, 0.009, 253.27, 23.82);
insert into SHOT values (3619, 3200, 3215, 67, 4.510, 343.49, 3.98, 4.520, 343.37, 4.06, 0.015, 299.16, 28.04);
insert into SHOT values (3620, 3200, 3215, 67, 4.500, 343.40, 4.03, 4.520, 343.37, 4.06, 0.020, 337.40, 10.75);
insert into SHOT values (3621, 3200, 3215, 67, 4.540, 343.49, 4.05, 4.520, 343.37, 4.06, 0.022, 187.87, -1.67);
insert into SHOT values (3622, 3215, 3216, 67, 0.450, 319.14, -82.13, 0.444, 315.00, -82.67, 0.009, 177.31, 41.08);
insert into SHOT values (3623, 3215, 3217, 67, 0.470, 237.54, -12.38, 0.466, 236.66, -12.40, 0.008, 116.17, 5.34);
insert into SHOT values (3624, 3215, 3218, 67, 0.620, 154.56, 70.80, 0.626, 154.65, 70.39, 0.008, 157.67, 35.24);
insert into SHOT values (3625, 3215, 3219, 67, 0.410, 98.45, 31.89, 0.418, 99.73, 31.78, 0.011, 147.37, 17.94);
insert into SHOT values (3626, 3215, 3220, 67, 0.470, 152.88, -73.23, 0.470, 153.43, -73.40, 0.002, 291.04, 0.33);
insert into SHOT values (3627, 3215, 3221, 67, 1.070, 153.20, -48.04, 1.066, 153.43, -47.83, 0.006, 240.83, 62.60);
insert into SHOT values (3628, 3215, 3222, 67, 0.630, 147.68, -17.33, 0.631, 147.89, -17.51, 0.003, 220.97, -44.92);
insert into SHOT values (3629, 3215, 3223, 67, 0.720, 158.06, 13.19, 0.720, 158.20, 13.65, 0.006, 276.99, 71.28);
insert into SHOT values (3630, 3215, 3224, 67, 0.760, 175.39, -7.40, 0.769, 175.49, -7.47, 0.009, 183.75, -13.54);
insert into SHOT values (3631, 3215, 3225, 67, 0.760, 65.84, 33.63, 0.758, 66.68, 33.62, 0.009, 163.71, -5.54);
insert into SHOT values (3632, 3215, 3226, 67, 1.740, 47.80, 75.66, 1.740, 50.91, 76.29, 0.030, 178.55, 8.13);
insert into SHOT values (3633, 3215, 3226, 67, 1.740, 51.95, 76.54, 1.740, 50.91, 76.29, 0.011, 5.85, -11.95);
insert into SHOT values (3634, 3215, 3226, 67, 1.740, 52.01, 76.85, 1.740, 50.91, 76.29, 0.019, 26.14, -13.51);
insert into SHOT values (3635, 3226, 3227, 67, 0.940, 32.81, -43.11, 0.933, 32.99, -43.28, 0.007, 195.24, 18.87);
insert into SHOT values (3636, 3226, 3228, 67, 3.060, 343.71, -0.90, 3.054, 343.64, -0.94, 0.007, 194.67, -15.41);
insert into SHOT values (3637, 3226, 3229, 67, 1.480, 298.11, -9.78, 1.480, 297.80, -9.73, 0.008, 206.24, 9.91);
insert into SHOT values (3638, 3226, 3230, 67, 1.390, 45.93, 4.55, 1.383, 45.88, 4.56, 0.007, 235.98, -2.28);
insert into SHOT values (3639, 3226, 3231, 67, 3.050, 30.27, 60.41, 3.048, 30.31, 60.39, 0.002, 130.99, -63.62);
insert into SHOT values (3640, 3226, 3232, 67, 4.950, 5.67, 49.24, 4.947, 5.69, 49.30, 0.006, 173.34, 5.83);
insert into SHOT values (3641, 3226, 3233, 67, 8.550, 10.89, 81.97, 8.553, 10.65, 82.00, 0.007, 243.17, 31.21);
insert into SHOT values (3642, 3226, 3234, 67, 5.740, 301.92, 76.68, 5.744, 302.01, 76.71, 0.005, 72.39, 59.63);
insert into SHOT values (3643, 3226, 3235, 67, 3.430, 292.46, 62.14, 3.427, 292.40, 62.15, 0.004, 151.21, -42.10);
insert into SHOT values (3644, 3226, 3236, 67, 1.010, 64.29, 51.09, 1.011, 64.65, 51.40, 0.007, 196.86, 36.91);
insert into SHOT values (3645, 3226, 3237, 67, 1.220, 88.11, -33.63, 1.212, 88.30, -33.55, 0.008, 236.33, 41.91);
insert into SHOT values (3646, 3226, 3238, 67, 1.380, 112.07, -55.21, 1.378, 112.34, -55.07, 0.005, 175.75, 38.62);
insert into SHOT values (3647, 3226, 3239, 67, 7.220, 353.97, 31.43, 7.217, 353.94, 31.49, 0.009, 203.25, 35.37);
insert into SHOT values (3648, 3226, 3240, 67, 3.450, 8.07, -2.83, 3.448, 8.01, -2.83, 0.004, 245.88, 4.70);
insert into SHOT values (3649, 3226, 3241, 67, 3.480, 346.93, 24.23, 3.480, 346.88, 24.26, 0.003, 242.60, 34.24);
insert into SHOT values (3650, 3226, 3242, 67, 4.280, 7.40, 21.01, 4.280, 7.18, 20.80, 0.022, 298.18, -41.23);
insert into SHOT values (3651, 3226, 3242, 67, 4.280, 7.30, 20.96, 4.280, 7.18, 20.80, 0.015, 305.51, -48.82);
insert into SHOT values (3652, 3226, 3242, 67, 4.280, 7.02, 20.48, 4.280, 7.18, 20.80, 0.026, 133.36, 58.63);
insert into SHOT values (3653, 3242, 3243, 67, 0.990, 254.33, -1.97, 0.988, 254.13, -1.74, 0.006, 136.28, 46.53);
insert into SHOT values (3654, 3242, 3244, 67, 2.260, 292.45, 45.05, 2.257, 292.54, 45.15, 0.006, 87.27, 5.49);
insert into SHOT values (3655, 3242, 3245, 67, 2.170, 312.95, -50.80, 2.165, 312.92, -50.89, 0.006, 139.22, 15.38);
insert into SHOT values (3656, 3242, 3246, 67, 0.370, 348.20, -60.62, 0.364, 349.99, -61.65, 0.011, 137.19, 12.97);
insert into SHOT values (3657, 3242, 3247, 67, 2.350, 320.70, -20.03, 2.343, 320.53, -19.96, 0.010, 190.53, 29.48);
insert into SHOT values (3658, 3242, 3248, 67, 4.970, 321.82, -4.40, 4.964, 321.81, -4.39, 0.006, 149.75, 11.98);
insert into SHOT values (3659, 3242, 3249, 67, 3.040, 319.98, 14.88, 3.040, 319.97, 14.87, 0.001, 268.11, -44.54);
insert into SHOT values (3660, 3242, 3250, 67, 8.630, 322.76, 24.92, 8.628, 322.79, 24.95, 0.007, 96.86, 30.60);
insert into SHOT values (3661, 3242, 3251, 67, 8.640, 322.89, 24.97, 8.634, 322.90, 25.01, 0.009, 137.50, 17.72);
insert into SHOT values (3662, 3242, 3252, 67, 5.970, 320.83, 30.83, 5.963, 320.87, 30.87, 0.009, 118.77, 2.65);
insert into SHOT values (3663, 3242, 3253, 67, 6.040, 327.55, 27.41, 6.033, 327.59, 27.44, 0.008, 123.90, -3.68);
insert into SHOT values (3664, 3242, 3254, 67, 4.020, 310.13, 29.58, 4.019, 310.12, 29.68, 0.007, 137.38, 51.21);
insert into SHOT values (3665, 3242, 3255, 67, 5.720, 323.08, 36.93, 5.715, 323.10, 37.01, 0.009, 129.74, 20.35);
insert into SHOT values (3666, 3242, 3256, 67, 4.280, 190.49, -0.49, 4.282, 190.50, -0.40, 0.007, 205.23, 74.23);
insert into SHOT values (3667, 3242, 3257, 67, 5.330, 190.82, 6.85, 5.332, 190.78, 6.89, 0.006, 121.83, 46.75);
insert into SHOT values (3668, 3242, 3258, 67, 6.970, 185.72, 20.64, 6.971, 185.72, 20.66, 0.003, 32.16, 86.87);
insert into SHOT values (3669, 3242, 3259, 67, 8.040, 185.89, 24.82, 8.043, 185.90, 24.85, 0.005, 224.56, 71.99);
insert into SHOT values (3670, 3242, 3260, 67, 5.910, 189.41, 21.54, 5.916, 189.41, 21.52, 0.007, 190.20, 1.17);
insert into SHOT values (3671, 3242, 3261, 67, 5.150, 184.40, 22.11, 5.153, 184.33, 22.12, 0.007, 114.67, 13.62);
insert into SHOT values (3672, 3242, 3262, 67, 8.420, 191.12, 40.48, 8.426, 191.06, 40.48, 0.009, 137.67, 26.67);
insert into SHOT values (3673, 3242, 3263, 67, 4.090, 326.23, 33.09, 4.083, 325.98, 33.27, 0.020, 195.86, 20.11);
insert into SHOT values (3674, 3242, 3263, 67, 4.090, 325.96, 33.16, 4.083, 325.98, 33.27, 0.010, 137.52, 16.25);
insert into SHOT values (3675, 3242, 3263, 67, 4.080, 326.01, 33.19, 4.083, 325.98, 33.27, 0.007, 230.32, 76.67);
insert into SHOT values (3676, 3263, 3264, 67, 1.920, 152.18, -0.77, 1.915, 151.96, -0.90, 0.010, 26.92, -25.27);
insert into SHOT values (3677, 3263, 3265, 67, 1.760, 204.25, 71.37, 1.761, 204.27, 71.48, 0.004, 19.34, 38.55);
insert into SHOT values (3678, 3263, 3266, 67, 0.930, 177.14, 53.81, 0.925, 176.82, 54.20, 0.009, 17.11, -3.68);
insert into SHOT values (3679, 3263, 3267, 67, 1.130, 237.54, 10.28, 1.119, 237.61, 10.29, 0.011, 50.38, -8.91);
insert into SHOT values (3680, 3263, 3268, 67, 1.670, 310.36, 63.17, 1.669, 310.68, 63.23, 0.005, 66.58, -2.71);
insert into SHOT values (3681, 3263, 3269, 67, 4.670, 319.96, 16.30, 4.674, 320.06, 16.28, 0.009, 23.01, -4.48);
insert into SHOT values (3682, 3263, 3270, 67, 2.010, 307.19, 27.43, 2.007, 307.26, 27.28, 0.006, 36.77, -71.09);
insert into SHOT values (3683, 3263, 3271, 67, 2.690, 302.58, 44.73, 2.688, 302.61, 44.68, 0.003, 19.69, -72.34);
insert into SHOT values (3684, 3263, 3272, 67, 0.770, 287.22, -68.68, 0.771, 289.09, -69.09, 0.011, 46.12, -14.70);
insert into SHOT values (3685, 3263, 3273, 67, 1.200, 255.00, -80.08, 1.198, 255.96, -80.09, 0.004, 354.84, 30.33);
insert into SHOT values (3686, 3263, 3274, 67, 1.550, 322.97, -7.30, 1.549, 323.20, -7.42, 0.007, 65.93, -25.28);
insert into SHOT values (3687, 3263, 3275, 67, 2.040, 308.98, 3.10, 2.043, 309.23, 3.09, 0.009, 22.13, -1.97);
insert into SHOT values (3688, 3263, 3276, 67, 2.250, 326.09, 2.46, 2.251, 326.24, 2.29, 0.009, 42.87, -47.52);
insert into SHOT values (3689, 3263, 3277, 67, 3.680, 323.10, 0.29, 3.686, 323.16, 0.31, 0.007, 356.17, 10.78);
insert into SHOT values (3690, 3263, 3278, 67, 6.340, 321.25, 3.35, 6.342, 321.28, 3.34, 0.004, 21.57, -6.39);
insert into SHOT values (3691, 3263, 3279, 67, 3.720, 322.92, -2.55, 3.724, 322.98, -2.62, 0.007, 7.50, -40.89);
insert into SHOT values (3692, 3263, 3279, 67, 3.710, 322.84, -2.55, 3.724, 322.98, -2.62, 0.017, 355.70, -16.87);
insert into SHOT values (3693, 3263, 3279, 67, 3.720, 323.01, -2.59, 3.724, 322.98, -2.62, 0.005, 293.00, -23.32);
insert into SHOT values (3694, 3279, 3280, 67, 0.220, 216.34, 2.68, 0.222, 215.84, 2.58, 0.003, 175.70, -5.48);
insert into SHOT values (3695, 3279, 3281, 67, 0.220, 222.13, -3.08, 0.220, 219.47, -2.60, 0.010, 133.86, 10.11);
insert into SHOT values (3696, 3279, 3282, 67, 1.000, 248.54, -57.09, 0.998, 248.20, -57.34, 0.006, 102.23, -4.69);
insert into SHOT values (3697, 3279, 3283, 67, 1.520, 17.95, -71.54, 1.516, 18.43, -71.77, 0.008, 168.01, 12.53);
insert into SHOT values (3698, 3279, 3284, 67, 1.350, 286.08, -80.62, 1.348, 285.95, -80.67, 0.003, 123.63, 48.88);
insert into SHOT values (3699, 3279, 3285, 67, 1.880, 149.14, -13.10, 1.886, 149.25, -12.87, 0.010, 174.65, 36.67);
insert into SHOT values (3700, 3279, 3286, 67, 1.680, 151.48, 26.76, 1.685, 151.39, 26.81, 0.006, 117.49, 40.07);
insert into SHOT values (3701, 3279, 3287, 67, 2.800, 146.30, 27.08, 2.810, 146.25, 27.10, 0.010, 131.18, 30.79);
insert into SHOT values (3702, 3279, 3288, 67, 2.850, 139.34, 7.14, 2.859, 139.29, 7.23, 0.011, 122.79, 33.10);
insert into SHOT values (3703, 3279, 3289, 67, 2.250, 153.73, -26.60, 2.260, 153.56, -26.55, 0.012, 121.87, -12.73);
insert into SHOT values (3704, 3279, 3290, 67, 1.690, 288.20, -25.10, 1.686, 287.96, -25.28, 0.009, 154.32, -19.26);
insert into SHOT values (3705, 3279, 3291, 67, 1.780, 328.06, -8.24, 1.774, 328.03, -8.10, 0.007, 158.34, 43.99);
insert into SHOT values (3706, 3279, 3292, 67, 2.600, 305.12, 5.63, 2.596, 305.23, 5.75, 0.008, 77.17, 36.87);
insert into SHOT values (3707, 3279, 3293, 67, 2.950, 308.48, 17.40, 2.946, 308.50, 17.38, 0.005, 113.81, -28.48);
insert into SHOT values (3708, 3279, 3294, 67, 1.160, 314.34, 24.23, 1.158, 314.62, 24.49, 0.008, 84.07, 30.86);
insert into SHOT values (3709, 3279, 3295, 67, 2.220, 303.76, 12.31, 2.206, 303.84, 12.30, 0.015, 111.94, -13.07);
insert into SHOT values (3710, 3279, 3295, 67, 2.210, 303.83, 12.33, 2.206, 303.84, 12.30, 0.004, 119.78, -25.64);
insert into SHOT values (3711, 3279, 3295, 67, 2.220, 303.93, 12.27, 2.206, 303.84, 12.30, 0.015, 137.62, -6.95);
insert into SHOT values (3712, 3295, 3296, 67, 0.890, 30.12, -25.79, 0.891, 29.74, -25.24, 0.010, 342.74, 45.17);
insert into SHOT values (3713, 3295, 3297, 67, 0.490, 13.23, -68.43, 0.486, 12.53, -67.72, 0.007, 345.18, 49.83);
insert into SHOT values (3714, 3295, 3298, 67, 0.680, 55.31, 37.96, 0.683, 54.83, 37.97, 0.005, 350.23, 19.26);
insert into SHOT values (3715, 3295, 3299, 67, 1.070, 344.30, 28.13, 1.075, 344.05, 28.32, 0.007, 288.88, 48.29);
insert into SHOT values (3716, 3295, 3300, 67, 1.120, 358.58, 58.84, 1.122, 358.03, 58.85, 0.006, 276.64, 15.62);
insert into SHOT values (3717, 3295, 3301, 67, 0.610, 176.92, -75.64, 0.609, 180.00, -75.74, 0.008, 277.50, 6.55);
insert into SHOT values (3718, 3295, 3302, 67, 2.190, 307.50, 65.10, 2.194, 305.54, 64.46, 0.041, 253.61, -9.10);
insert into SHOT values (3719, 3295, 3302, 67, 2.190, 304.52, 64.26, 2.194, 305.54, 64.46, 0.019, 51.04, 22.62);
insert into SHOT values (3720, 3295, 3302, 67, 2.190, 304.43, 64.14, 2.194, 305.54, 64.46, 0.022, 60.98, 24.46);
insert into SHOT values (3721, 3302, 3303, 67, 1.680, 31.61, 12.39, 1.682, 31.56, 12.36, 0.003, 359.16, -10.32);
insert into SHOT values (3722, 3302, 3304, 67, 1.330, 7.48, -18.54, 1.328, 7.29, -18.43, 0.005, 266.62, 34.83);
insert into SHOT values (3723, 3302, 3305, 67, 2.540, 4.55, 29.71, 2.541, 4.42, 29.73, 0.005, 279.61, 12.76);
insert into SHOT values (3724, 3302, 3306, 67, 2.170, 6.48, 67.44, 2.167, 6.19, 67.34, 0.006, 305.26, -39.18);
insert into SHOT values (3725, 3302, 3307, 67, 2.890, 332.28, 20.17, 2.889, 332.30, 20.25, 0.004, 127.68, 56.38);
insert into SHOT values (3726, 3302, 3308, 67, 1.650, 299.12, -6.55, 1.650, 299.22, -6.61, 0.004, 41.70, -30.25);
insert into SHOT values (3727, 3302, 3309, 67, 3.210, 315.42, 43.14, 3.217, 315.35, 43.14, 0.008, 285.58, 39.36);
insert into SHOT values (3728, 3302, 3310, 67, 2.230, 95.56, 20.27, 2.227, 95.49, 20.23, 0.004, 322.51, -37.28);
insert into SHOT values (3729, 3302, 3311, 67, 2.080, 101.96, 6.00, 2.077, 102.02, 6.08, 0.005, 250.30, 33.28);
insert into SHOT values (3730, 3302, 3312, 67, 1.710, 76.73, 57.39, 1.711, 76.87, 57.31, 0.003, 116.63, -7.21);
insert into SHOT values (3731, 3302, 3313, 67, 2.860, 23.40, 59.84, 2.858, 23.36, 59.80, 0.003, 332.29, -63.15);
insert into SHOT values (3732, 3302, 3314, 67, 1.600, 60.31, 12.58, 1.593, 60.30, 12.69, 0.008, 242.22, 11.52);
insert into SHOT values (3733, 3302, 3315, 67, 3.790, 349.00, 27.96, 3.790, 348.99, 27.84, 0.008, 342.26, -59.58);
insert into SHOT values (3734, 3302, 3315, 67, 3.790, 349.13, 27.90, 3.790, 348.99, 27.84, 0.009, 274.29, -22.41);
insert into SHOT values (3735, 3302, 3315, 67, 3.790, 349.07, 27.90, 3.790, 348.99, 27.84, 0.006, 284.72, -34.24);
insert into SHOT values (3736, 3315, 3316, 67, 0.470, 155.55, -57.00, 0.471, 155.38, -55.90, 0.009, 149.86, 27.37);
insert into SHOT values (3737, 3315, 3317, 67, 3.590, 152.33, -3.01, 3.596, 152.29, -2.87, 0.011, 133.69, 49.91);
insert into SHOT values (3738, 3315, 3318, 67, 5.030, 187.48, -14.38, 5.026, 187.43, -14.28, 0.010, 77.55, 64.49);
insert into SHOT values (3739, 3315, 3319, 67, 5.530, 185.78, -5.93, 5.527, 185.74, -5.92, 0.005, 58.20, 15.92);
insert into SHOT values (3740, 3315, 3320, 67, 3.080, 178.40, -21.52, 3.085, 178.40, -21.48, 0.006, 180.04, -1.73);
insert into SHOT values (3741, 3315, 3321, 67, 1.860, 187.86, 13.99, 1.861, 187.64, 13.99, 0.007, 107.34, 2.73);
insert into SHOT values (3742, 3315, 3322, 67, 4.020, 188.66, -31.42, 4.015, 188.56, -31.37, 0.009, 77.65, 40.20);
insert into SHOT values (3743, 3315, 3323, 67, 8.090, 182.92, -28.61, 8.094, 182.90, -28.56, 0.008, 165.63, 28.04);
insert into SHOT values (3744, 3315, 3324, 67, 3.720, 198.29, -11.62, 3.717, 198.24, -11.48, 0.010, 95.26, 69.21);
insert into SHOT values (3745, 3315, 3325, 67, 5.040, 189.89, -13.44, 5.040, 189.87, -13.42, 0.003, 114.12, 33.84);
insert into SHOT values (3746, 3315, 3326, 67, 0.690, 209.42, -29.28, 0.688, 208.69, -28.64, 0.011, 135.68, 42.80);
insert into SHOT values (3747, 3315, 3327, 67, 0.460, 217.03, -68.75, 0.454, 215.54, -67.72, 0.011, 176.64, 51.60);
insert into SHOT values (3748, 3315, 3328, 67, 2.390, 164.50, 9.07, 2.396, 164.55, 9.13, 0.007, 187.11, 29.32);
insert into SHOT values (3749, 3315, 3329, 67, 1.010, 278.64, 76.98, 1.015, 277.77, 77.36, 0.009, 130.13, 42.59);
insert into SHOT values (3750, 3315, 3330, 67, 1.390, 338.36, 55.04, 1.390, 338.60, 55.12, 0.004, 95.22, 12.42);
insert into SHOT values (3751, 3315, 3331, 67, 1.560, 344.61, 62.40, 1.563, 344.60, 62.76, 0.010, 165.17, 46.81);
insert into SHOT values (3752, 3315, 3332, 67, 0.760, 333.44, 40.21, 0.767, 333.43, 40.70, 0.009, 330.44, 84.02);
insert into SHOT values (3753, 3315, 3333, 67, 2.700, 341.63, 42.15, 2.701, 341.38, 42.08, 0.009, 271.58, -11.73);
insert into SHOT values (3754, 3315, 3333, 67, 2.710, 341.26, 42.00, 2.701, 341.38, 42.08, 0.011, 135.55, -18.45);
insert into SHOT values (3755, 3315, 3333, 67, 2.710, 341.07, 41.71, 2.701, 341.38, 42.08, 0.022, 129.94, 17.90);
insert into SHOT values (3756, 3333, 3334, 67, 1.450, 229.02, 8.17, 1.455, 229.23, 8.30, 0.008, 280.99, 30.95);
insert into SHOT values (3757, 3333, 3335, 67, 0.580, 205.56, 11.49, 0.581, 206.11, 11.93, 0.007, 299.98, 39.04);
insert into SHOT values (3758, 3333, 3336, 67, 0.710, 258.18, -55.32, 0.709, 258.69, -54.88, 0.007, 300.99, 35.86);
insert into SHOT values (3759, 3333, 3337, 67, 1.630, 221.50, 42.32, 1.631, 221.63, 42.41, 0.004, 332.18, 40.57);
insert into SHOT values (3760, 3333, 3338, 67, 0.650, 301.76, 54.87, 0.659, 302.01, 55.05, 0.009, 327.69, 66.25);
insert into SHOT values (3761, 3333, 3339, 67, 1.880, 142.64, 7.39, 1.879, 142.64, 7.65, 0.009, 324.43, 74.21);
insert into SHOT values (3762, 3333, 3340, 67, 4.470, 139.82, 8.13, 4.467, 139.86, 8.24, 0.009, 279.63, 57.05);
insert into SHOT values (3763, 3333, 3341, 67, 3.960, 144.70, 2.16, 3.956, 144.78, 2.17, 0.007, 266.65, 6.36);
insert into SHOT values (3764, 3333, 3342, 67, 1.250, 135.85, 24.23, 1.245, 135.72, 24.68, 0.011, 333.27, 38.40);
insert into SHOT values (3765, 3333, 3343, 67, 1.520, 126.56, -4.77, 1.513, 126.64, -4.55, 0.010, 288.78, 42.17);
insert into SHOT values (3766, 3333, 3344, 67, 1.550, 148.27, -28.33, 1.548, 148.17, -28.13, 0.006, 80.03, 65.75);
insert into SHOT values (3767, 3333, 3345, 67, 1.680, 154.39, -48.82, 1.673, 154.13, -48.87, 0.009, 14.04, 29.94);
insert into SHOT values (3768, 3333, 3346, 67, 6.230, 164.40, -30.29, 6.226, 164.46, -30.29, 0.007, 281.35, 18.48);
insert into SHOT values (3769, 3333, 3347, 67, 1.310, 310.13, -8.59, 1.307, 309.98, -8.80, 0.007, 175.65, -41.68);
insert into SHOT values (3770, 3333, 3347, 67, 1.310, 309.87, -8.68, 1.307, 309.98, -8.80, 0.005, 92.26, -30.45);
insert into SHOT values (3771, 3333, 3347, 67, 1.300, 309.05, -9.59, 1.307, 309.98, -8.80, 0.028, 13.69, 35.66);
insert into SHOT values (3772, 3347, 3348, 67, 2.330, 9.45, -39.72, 2.338, 8.94, -39.59, 0.019, 310.42, -3.20);
insert into SHOT values (3773, 3347, 3348, 67, 2.350, 8.68, -39.52, 2.338, 8.94, -39.59, 0.015, 151.92, 21.66);
insert into SHOT values (3774, 3347, 3348, 67, 2.330, 9.06, -39.62, 2.338, 8.94, -39.59, 0.009, 341.00, -27.41);
insert into SHOT values (3775, 3348, 3349, 67, 12.370, 353.02, -11.04, 12.370, 353.00, -11.05, 0.005, 256.55, -14.48);
insert into SHOT values (3776, 3348, 3350, 67, 13.490, 356.17, -11.05, 13.489, 356.15, -11.03, 0.008, 266.64, 44.67);
insert into SHOT values (3777, 3348, 3351, 67, 12.550, 356.25, -10.95, 12.545, 356.23, -10.94, 0.008, 218.90, 30.64);
insert into SHOT values (3778, 3348, 3352, 67, 3.000, 356.10, -11.15, 2.994, 356.10, -11.17, 0.007, 178.30, 1.18);
insert into SHOT values (3779, 3348, 3353, 67, 12.560, 356.43, -11.19, 12.554, 356.41, -11.21, 0.008, 200.83, -18.16);
insert into SHOT values (3780, 3348, 3354, 67, 12.530, 356.64, -11.41, 12.529, 356.64, -11.42, 0.002, 186.26, -43.85);
insert into SHOT values (3781, 3354, 3355, 67, 1.240, 314.76, 32.70, 1.237, 314.61, 32.80, 0.005, 168.91, 1.21);
insert into SHOT values (3782, 3354, 3356, 67, 1.350, 27.62, 33.89, 1.346, 27.71, 33.85, 0.004, 171.08, -42.84);
insert into SHOT values (3783, 3354, 3357, 67, 1.360, 23.60, 34.58, 1.355, 23.81, 34.63, 0.007, 164.25, -16.54);
insert into SHOT values (3784, 3354, 3358, 67, 1.370, 23.31, 35.33, 1.363, 23.33, 35.42, 0.007, 199.41, -18.18);
insert into SHOT values (3785, 3354, 3359, 67, 1.310, 27.67, 32.87, 1.306, 27.73, 32.94, 0.005, 191.99, -12.20);
insert into SHOT values (3786, 3354, 3360, 67, 1.310, 22.72, 33.68, 1.307, 22.78, 33.94, 0.007, 190.59, 32.16);
insert into SHOT values (3787, 3354, 3361, 67, 1.320, 22.80, 32.47, 1.315, 22.86, 32.68, 0.007, 193.21, 11.19);
insert into SURVEY values (69, 62, '20180624_lojze_jure_diba_skoraj_drzavnost', '20180624_lojze_jure_diba_skoraj_drzavnost.2018.brezno_na_toscu', NULL);
 insert into CENTRELINE values (70, 69, NULL, NULL, NULL, 0.00, 0.00, 0.00);
 insert into CENTRELINE values (71, 69, NULL, '2018-06-24', '2018-06-24', 227.68, 0.00, 0.00);
 insert into SHOT values (3788, 3362, 3363, 71, 0.000, 0.00, 0.00, 0.000, 90.00, 0.00, 0.000, 90.00, 0.00);
insert into SHOT values (3789, 3362, 3364, 71, 20.350, 31.90, -89.73, 20.350, 32.01, -89.73, 0.002, 205.54, -8.21);
insert into SHOT values (3790, 3362, 3365, 71, 18.600, 209.88, -77.62, 18.602, 209.78, -77.63, 0.007, 109.52, -19.58);
insert into SHOT values (3791, 3362, 3366, 71, 1.740, 269.94, -40.01, 1.739, 270.00, -40.10, 0.003, 62.85, -23.30);
insert into SHOT values (3792, 3362, 3367, 71, 1.640, 329.56, -72.98, 1.640, 329.66, -73.16, 0.005, 140.37, -19.99);
insert into SHOT values (3793, 3362, 3368, 71, 19.120, 171.95, -81.35, 19.118, 171.81, -81.34, 0.008, 110.44, 17.91);
insert into SHOT values (3794, 3362, 3369, 71, 19.050, 171.46, -81.29, 19.049, 171.42, -81.30, 0.003, 29.68, 5.37);
insert into SHOT values (3795, 3369, 3370, 71, 1.210, 200.97, 20.26, 1.208, 200.67, 20.34, 0.006, 90.41, 9.10);
insert into SHOT values (3796, 3369, 3371, 71, 19.120, 6.50, 74.73, 19.124, 6.50, 74.74, 0.006, 180.81, 57.29);
insert into SHOT values (3797, 3369, 3372, 71, 15.920, 284.49, 70.91, 15.925, 284.46, 70.92, 0.006, 158.96, 61.67);
insert into SHOT values (3798, 3369, 3373, 71, 7.880, 262.96, 61.01, 7.878, 262.93, 61.00, 0.003, 171.02, -53.90);
insert into SHOT values (3799, 3369, 3374, 71, 10.720, 320.23, 59.82, 10.723, 320.19, 59.83, 0.005, 229.06, 42.74);
insert into SHOT values (3800, 3369, 3375, 71, 18.660, 219.50, 79.78, 18.656, 219.36, 79.78, 0.009, 131.74, -26.32);
insert into SHOT values (3801, 3369, 3376, 71, 9.370, 176.43, 57.02, 9.370, 176.40, 57.02, 0.002, 75.37, -2.86);
insert into SHOT values (3802, 3369, 3377, 71, 7.330, 169.28, 37.71, 7.330, 169.27, 37.68, 0.004, 149.74, -52.58);
insert into SHOT values (3803, 3369, 3378, 71, 6.050, 165.81, 15.21, 6.051, 165.82, 15.24, 0.003, 267.10, 67.45);
insert into SHOT values (3804, 3369, 3379, 71, 6.140, 163.86, -7.83, 6.147, 163.89, -7.85, 0.008, 187.46, -26.52);
insert into SHOT values (3805, 3369, 3380, 71, 8.340, 350.88, 17.42, 8.334, 350.88, 17.46, 0.008, 169.45, 24.66);
insert into SHOT values (3806, 3369, 3381, 71, 6.870, 303.09, 17.55, 6.868, 303.03, 17.54, 0.007, 199.11, -13.56);
insert into SHOT values (3807, 3369, 3382, 71, 5.890, 271.46, 42.54, 5.890, 271.45, 42.51, 0.003, 250.55, -52.65);
insert into SHOT values (3808, 3369, 3383, 71, 6.250, 21.13, 37.32, 6.245, 21.14, 37.36, 0.006, 195.77, 7.40);
insert into SHOT values (3809, 3369, 3384, 71, 5.300, 164.93, -11.72, 5.300, 164.92, -11.76, 0.004, 35.41, -69.65);
insert into SHOT values (3810, 3369, 3385, 71, 6.300, 164.61, -11.77, 6.303, 164.59, -11.72, 0.007, 138.42, 46.49);
insert into SHOT values (3811, 3369, 3386, 71, 6.410, 165.02, -11.99, 6.412, 165.03, -11.97, 0.003, 193.87, 28.26);
insert into SHOT values (3812, 3369, 3387, 71, 5.040, 165.01, -11.85, 5.045, 164.98, -11.78, 0.008, 141.51, 36.45);
insert into SHOT values (3813, 3369, 3388, 71, 5.480, 164.77, -11.97, 5.479, 164.74, -12.01, 0.005, 34.07, -48.08);
insert into SHOT values (3814, 3369, 3389, 71, 6.450, 164.68, -11.67, 6.447, 164.67, -11.63, 0.005, 25.92, 62.25);
insert into SHOT values (3815, 3369, 3390, 71, 6.380, 164.48, -11.66, 6.379, 164.50, -11.67, 0.002, 285.05, -16.41);
insert into SHOT values (3816, 3369, 3391, 71, 6.290, 164.36, -11.57, 6.302, 164.50, -11.53, 0.020, 215.23, 4.54);
insert into SHOT values (3817, 3369, 3391, 71, 6.310, 164.71, -11.51, 6.302, 164.50, -11.53, 0.024, 53.83, -2.16);
insert into SHOT values (3818, 3369, 3391, 71, 6.290, 164.42, -11.65, 6.302, 164.50, -11.53, 0.019, 196.06, 31.49);
insert into SHOT values (3819, 3391, 3392, 71, 1.160, 276.36, -83.48, 1.167, 278.75, -83.53, 0.009, 9.52, -53.83);
insert into SHOT values (3820, 3391, 3393, 71, 1.050, 286.36, -83.62, 1.057, 289.98, -83.64, 0.010, 15.31, -41.32);
insert into SHOT values (3821, 3391, 3394, 71, 3.070, 214.93, 2.93, 3.064, 214.88, 2.81, 0.010, 56.43, -46.33);
insert into SHOT values (3822, 3391, 3395, 71, 2.380, 225.47, 54.57, 2.376, 225.59, 54.73, 0.008, 25.26, 4.91);
insert into SHOT values (3823, 3391, 3396, 71, 2.970, 219.59, 69.99, 2.969, 219.81, 70.00, 0.004, 323.72, -10.21);
insert into SHOT values (3824, 3391, 3397, 71, 1.680, 26.82, 80.68, 1.673, 25.64, 80.46, 0.011, 339.04, -45.44);
insert into SHOT values (3825, 3391, 3398, 71, 3.550, 321.22, 85.60, 3.551, 322.31, 85.51, 0.008, 4.34, 3.44);
insert into SHOT values (3826, 3391, 3399, 71, 1.030, 227.27, 1.99, 1.027, 227.76, 1.67, 0.011, 335.52, -31.76);
insert into SHOT values (3827, 3391, 3400, 71, 1.360, 206.33, 18.87, 1.357, 206.37, 18.92, 0.003, 13.18, 2.40);
insert into SHOT values (3828, 3391, 3401, 71, 2.840, 208.53, -3.89, 2.822, 208.66, -4.06, 0.021, 9.70, -20.45);
insert into SHOT values (3829, 3391, 3401, 71, 2.820, 208.73, -3.93, 2.822, 208.66, -4.06, 0.008, 141.81, -60.65);
insert into SHOT values (3830, 3391, 3401, 71, 2.820, 208.31, -3.98, 2.822, 208.66, -4.06, 0.018, 292.97, -13.91);
insert into SHOT values (3831, 3401, 3402, 71, 2.360, 187.27, 62.69, 2.365, 186.86, 62.62, 0.010, 130.17, 18.38);
insert into SHOT values (3832, 3401, 3403, 71, 2.650, 196.28, 2.59, 2.658, 196.18, 2.59, 0.009, 166.54, 1.57);
insert into SHOT values (3833, 3401, 3404, 71, 2.990, 190.91, -53.01, 2.993, 190.87, -52.98, 0.004, 172.00, -26.51);
insert into SHOT values (3834, 3401, 3405, 71, 1.070, 178.09, -32.98, 1.071, 178.09, -32.79, 0.004, 178.35, 40.01);
insert into SHOT values (3835, 3401, 3406, 71, 0.590, 223.06, -17.64, 0.594, 222.14, -17.63, 0.010, 157.07, -6.91);
insert into SHOT values (3836, 3401, 3407, 71, 0.620, 298.76, 9.03, 0.612, 298.69, 9.40, 0.009, 124.21, 18.16);
insert into SHOT values (3837, 3401, 3408, 71, 2.340, 192.84, -81.12, 2.339, 192.53, -80.93, 0.008, 178.00, 14.01);
insert into SHOT values (3838, 3401, 3409, 71, 2.540, 202.70, 6.02, 2.537, 202.60, 5.88, 0.008, 86.13, -53.02);
insert into SHOT values (3839, 3401, 3409, 71, 2.530, 202.69, 5.59, 2.537, 202.60, 5.88, 0.015, 169.39, 62.59);
insert into SHOT values (3840, 3401, 3409, 71, 2.540, 202.70, 5.63, 2.537, 202.60, 5.88, 0.012, 70.45, 61.77);
insert into SHOT values (3841, 3409, 3410, 71, 2.400, 126.94, -1.38, 2.401, 126.87, -1.43, 0.004, 50.24, -36.10);
insert into SHOT values (3842, 3409, 3411, 71, 2.760, 115.46, -37.22, 2.759, 115.63, -37.25, 0.007, 220.27, -4.53);
insert into SHOT values (3843, 3409, 3412, 71, 2.840, 116.77, -37.24, 2.842, 116.79, -37.24, 0.003, 140.08, -32.33);
insert into SHOT values (3844, 3409, 3413, 71, 0.820, 129.87, 27.03, 0.819, 130.01, 26.84, 0.003, 199.01, -54.97);
insert into SHOT values (3845, 3409, 3414, 71, 2.130, 128.89, 29.12, 2.129, 128.90, 28.93, 0.007, 136.57, -69.72);
insert into SHOT values (3846, 3409, 3415, 71, 1.100, 117.55, 0.23, 1.105, 117.49, 0.00, 0.007, 104.54, -42.04);
insert into SHOT values (3847, 3409, 3416, 71, 1.690, 131.45, -6.15, 1.689, 131.38, -6.12, 0.003, 14.20, 24.07);
insert into SHOT values (3848, 3409, 3417, 71, 4.480, 108.56, -59.14, 4.484, 108.51, -59.16, 0.005, 46.81, -63.71);
insert into SHOT values (3849, 3409, 3418, 71, 1.910, 123.77, -12.86, 1.913, 123.86, -12.68, 0.007, 157.07, 43.61);
insert into SHOT values (3850, 3409, 3418, 71, 1.910, 123.51, -12.56, 1.913, 123.86, -12.68, 0.013, 202.37, -21.78);
insert into SHOT values (3851, 3409, 3418, 71, 1.910, 123.79, -12.41, 1.913, 123.86, -12.68, 0.010, 186.14, -74.81);
insert into SHOT values (3852, 3418, 3419, 71, 2.830, 300.28, -41.39, 2.827, 300.31, -41.42, 0.004, 98.86, 17.95);
insert into SHOT values (3853, 3418, 3420, 71, 2.920, 309.56, -41.62, 2.919, 309.60, -41.66, 0.003, 94.98, -11.07);
insert into SHOT values (3854, 3418, 3421, 71, 1.950, 328.46, -52.68, 1.951, 328.46, -52.60, 0.003, 326.76, 14.71);
insert into SHOT values (3855, 3418, 3422, 71, 2.600, 313.41, -59.82, 2.603, 313.45, -59.82, 0.003, 344.94, -53.05);
insert into SHOT values (3856, 3418, 3423, 71, 2.130, 283.18, -79.92, 2.133, 284.04, -79.98, 0.006, 30.80, -26.32);
insert into SHOT values (3857, 3418, 3424, 71, 1.360, 1.80, -63.39, 1.364, 1.88, -63.42, 0.004, 37.31, -70.60);
insert into SHOT values (3858, 3418, 3425, 71, 1.920, 50.11, -75.15, 1.925, 49.90, -75.05, 0.007, 28.89, -39.24);
insert into SHOT values (3859, 3418, 3426, 71, 0.420, 6.70, 21.10, 0.421, 7.31, 20.88, 0.005, 78.96, -15.36);
insert into SHOT values (3860, 3418, 3427, 71, 0.680, 48.49, 20.79, 0.681, 48.81, 20.62, 0.004, 108.58, -18.12);
insert into SHOT values (3861, 3418, 3428, 71, 0.890, 67.71, 15.47, 0.889, 67.33, 15.66, 0.006, 321.84, 23.75);
insert into SHOT values (3862, 3418, 3429, 71, 2.050, 81.23, 10.35, 2.048, 81.15, 10.41, 0.004, 309.48, 23.11);
insert into SHOT values (3863, 3418, 3430, 71, 0.710, 108.67, 4.42, 0.707, 108.18, 4.06, 0.008, 354.49, -35.40);
insert into SHOT values (3864, 3418, 3431, 71, 0.530, 122.93, 3.13, 0.531, 121.89, 3.24, 0.010, 37.12, 6.28);
insert into SHOT values (3865, 3418, 3432, 71, 0.850, 110.03, 6.25, 0.846, 110.16, 6.10, 0.005, 261.19, -33.14);
insert into SHOT values (3866, 3418, 3433, 71, 1.330, 88.28, 16.48, 1.336, 88.21, 16.53, 0.006, 71.74, 26.23);
insert into SHOT values (3867, 3418, 3434, 71, 0.390, 97.38, -12.06, 0.392, 97.50, -11.79, 0.003, 119.76, 36.11);
insert into SHOT values (3868, 3418, 3435, 71, 1.140, 120.00, -14.56, 1.144, 119.81, -14.69, 0.006, 69.10, -35.68);
insert into SHOT values (3869, 3418, 3436, 71, 0.860, 127.72, -25.68, 0.854, 127.61, -25.66, 0.006, 323.65, 27.27);
insert into SHOT values (3870, 3418, 3437, 71, 0.880, 134.07, -60.34, 0.874, 134.06, -60.42, 0.006, 315.04, 49.06);
insert into SHOT values (3871, 3418, 3438, 71, 1.150, 103.53, -82.08, 1.152, 100.62, -81.87, 0.009, 40.02, -5.99);
insert into SHOT values (3872, 3418, 3439, 71, 2.160, 83.10, 0.87, 2.166, 83.10, 0.79, 0.007, 84.82, -25.31);
insert into SHOT values (3873, 3418, 3440, 71, 2.200, 85.67, 23.86, 2.204, 85.45, 23.82, 0.009, 24.93, 0.60);
insert into SHOT values (3874, 3418, 3441, 71, 1.720, 79.50, 13.22, 1.725, 80.03, 13.75, 0.023, 166.55, 46.93);
insert into SHOT values (3875, 3418, 3441, 71, 1.740, 80.24, 13.90, 1.725, 80.03, 13.75, 0.017, 284.11, -27.98);
insert into SHOT values (3876, 3418, 3441, 71, 1.720, 80.26, 13.80, 1.725, 80.03, 13.75, 0.008, 26.68, -1.92);
insert into SHOT values (3877, 3441, 3442, 71, 1.340, 127.84, -20.85, 1.337, 127.51, -21.04, 0.009, 7.39, -20.32);
insert into SHOT values (3878, 3441, 3443, 71, 0.950, 147.06, -16.28, 0.949, 146.66, -16.53, 0.008, 37.94, -28.69);
insert into SHOT values (3879, 3441, 3444, 71, 0.970, 130.02, -30.33, 0.965, 129.63, -30.53, 0.008, 352.04, -1.15);
insert into SHOT values (3880, 3441, 3445, 71, 1.400, 144.08, 57.15, 1.394, 143.58, 57.06, 0.009, 41.85, -42.38);
insert into SHOT values (3881, 3441, 3446, 71, 3.410, 174.42, 59.41, 3.402, 174.36, 59.46, 0.009, 10.11, -37.01);
insert into SHOT values (3882, 3441, 3447, 71, 3.800, 158.48, 38.55, 3.798, 158.45, 38.61, 0.005, 358.16, 21.57);
insert into SHOT values (3883, 3441, 3448, 71, 3.450, 159.52, 36.05, 3.449, 159.42, 36.06, 0.005, 53.25, -3.32);
insert into SHOT values (3884, 3441, 3449, 71, 0.880, 158.57, 28.89, 0.871, 158.48, 28.82, 0.009, 348.20, -34.96);
insert into SHOT values (3885, 3441, 3450, 71, 0.550, 172.35, 26.86, 0.546, 171.70, 27.27, 0.008, 36.64, 10.85);
insert into SHOT values (3886, 3441, 3451, 71, 2.000, 145.96, 24.54, 1.996, 145.52, 24.26, 0.017, 56.75, -37.58);
insert into SHOT values (3887, 3441, 3451, 71, 2.000, 145.38, 24.35, 1.996, 145.52, 24.26, 0.007, 264.11, -41.55);
insert into SHOT values (3888, 3441, 3451, 71, 2.000, 145.29, 23.96, 1.996, 145.52, 24.26, 0.013, 282.72, 35.40);
insert into SHOT values (3889, 3451, 3452, 71, 1.050, 207.47, 4.58, 1.050, 207.30, 4.37, 0.005, 115.89, -50.98);
insert into SHOT values (3890, 3451, 3453, 71, 1.480, 190.17, 3.78, 1.477, 190.17, 3.88, 0.004, 11.90, 33.61);
insert into SHOT values (3891, 3451, 3454, 71, 1.620, 185.51, 58.20, 1.623, 185.38, 58.26, 0.004, 97.98, 57.94);
insert into SHOT values (3892, 3451, 3455, 71, 1.520, 187.21, 70.05, 1.519, 186.71, 70.25, 0.007, 48.38, 10.11);
insert into SHOT values (3893, 3451, 3456, 71, 1.610, 175.87, 58.30, 1.609, 175.24, 58.40, 0.010, 67.20, 1.13);
insert into SHOT values (3894, 3451, 3457, 71, 2.030, 175.14, 57.24, 2.030, 174.76, 57.38, 0.009, 56.87, 19.19);
insert into SHOT values (3895, 3451, 3458, 71, 0.830, 236.12, -54.29, 0.826, 235.98, -54.24, 0.005, 88.36, 60.85);
insert into SHOT values (3896, 3451, 3459, 71, 0.780, 232.55, -49.28, 0.777, 232.22, -49.38, 0.004, 98.45, 16.24);
insert into SHOT values (3897, 3451, 3460, 71, 1.870, 185.92, 24.74, 1.869, 185.74, 24.67, 0.006, 97.64, -26.47);
insert into SHOT values (3898, 3451, 3460, 71, 1.880, 185.76, 25.01, 1.869, 185.74, 24.67, 0.016, 10.93, -70.62);
insert into SHOT values (3899, 3451, 3460, 71, 1.860, 185.60, 24.48, 1.869, 185.74, 24.67, 0.012, 222.33, 52.35);
insert into SHOT values (3900, 3460, 3461, 71, 0.470, 131.05, 7.42, 0.472, 129.81, 7.30, 0.010, 54.53, -3.81);
insert into SHOT values (3901, 3460, 3462, 71, 0.340, 286.95, 2.95, 0.336, 287.35, 3.41, 0.006, 78.13, 27.03);
insert into SHOT values (3902, 3460, 3463, 71, 1.070, 41.48, -77.71, 1.066, 43.26, -77.35, 0.011, 93.97, 30.87);
insert into SHOT values (3903, 3460, 3464, 71, 2.330, 282.55, 85.35, 2.337, 282.53, 85.48, 0.009, 103.42, 59.60);
insert into SHOT values (3904, 3460, 3465, 71, 1.440, 30.06, -4.67, 1.438, 30.14, -4.39, 0.008, 153.50, 71.37);
insert into SHOT values (3905, 3460, 3466, 71, 0.960, 34.17, -5.82, 0.961, 34.35, -5.37, 0.008, 92.95, 63.90);
insert into SHOT values (3906, 3460, 3467, 71, 0.670, 8.26, -2.83, 0.668, 8.62, -2.57, 0.005, 120.13, 34.60);
insert into SHOT values (3907, 3460, 3468, 71, 1.910, 198.10, 65.12, 1.915, 198.21, 65.31, 0.008, 354.77, 62.23);
insert into SHOT values (3908, 3460, 3468, 71, 1.920, 198.95, 65.30, 1.915, 198.21, 65.31, 0.011, 96.38, -22.23);
insert into SHOT values (3909, 3460, 3468, 71, 1.920, 199.14, 65.43, 1.915, 198.21, 65.31, 0.014, 116.20, -25.14);
insert into SHOT values (3910, 3468, 3469, 71, 1.050, 142.59, 12.16, 1.044, 142.57, 12.17, 0.007, 326.03, -10.39);
insert into SHOT values (3911, 3468, 3470, 71, 1.010, 123.06, 51.32, 1.010, 122.68, 51.44, 0.005, 12.66, 19.15);
insert into SHOT values (3912, 3468, 3471, 71, 1.020, 11.24, 47.41, 1.021, 10.82, 47.29, 0.006, 303.03, -9.82);
insert into SHOT values (3913, 3468, 3472, 71, 1.180, 17.02, 52.61, 1.185, 16.93, 52.50, 0.005, 3.13, 26.95);
insert into SHOT values (3914, 3468, 3473, 71, 0.390, 49.51, 43.18, 0.391, 47.86, 43.63, 0.009, 310.36, 20.76);
insert into SHOT values (3915, 3468, 3474, 71, 0.820, 147.47, -40.69, 0.813, 147.60, -40.71, 0.008, 314.11, 37.29);
insert into SHOT values (3916, 3468, 3475, 71, 0.840, 173.41, -85.91, 0.832, 180.00, -85.87, 0.010, 265.97, 48.75);
insert into SHOT values (3917, 3468, 3476, 71, 1.920, 152.58, -86.41, 1.913, 153.43, -86.65, 0.011, 321.39, 35.94);
insert into SHOT values (3918, 3468, 3477, 71, 0.620, 281.17, -55.53, 0.622, 281.31, -55.01, 0.006, 289.40, 10.62);
insert into SHOT values (3919, 3468, 3478, 71, 1.580, 185.25, 2.64, 1.578, 185.10, 2.91, 0.009, 68.94, 56.76);
insert into SHOT values (3920, 3468, 3478, 71, 1.580, 184.97, 2.89, 1.578, 185.10, 2.91, 0.004, 302.00, 4.98);
insert into SHOT values (3921, 3468, 3478, 71, 1.570, 184.45, 2.35, 1.578, 185.10, 2.91, 0.025, 251.70, 39.05);
insert into SHOT values (3922, 3478, 3479, 71, 2.160, 245.88, -61.95, 2.159, 245.98, -62.20, 0.009, 54.22, -23.19);
insert into SHOT values (3923, 3478, 3480, 71, 1.530, 264.71, -58.93, 1.526, 264.87, -59.13, 0.007, 65.86, 4.20);
insert into SHOT values (3924, 3478, 3481, 71, 1.280, 223.90, -75.83, 1.286, 223.67, -76.33, 0.013, 51.52, -43.92);
insert into SHOT values (3925, 3478, 3482, 71, 0.550, 216.84, 65.26, 0.550, 217.87, 65.48, 0.005, 334.71, 5.89);
insert into SHOT values (3926, 3478, 3483, 71, 0.960, 201.51, -1.93, 0.957, 201.47, -2.40, 0.008, 34.32, -67.43);
insert into SHOT values (3927, 3478, 3484, 71, 2.650, 202.20, -1.52, 2.647, 202.20, -1.52, 0.003, 18.97, 5.89);
insert into SHOT values (3928, 3478, 3485, 71, 2.450, 223.08, -38.72, 2.448, 223.08, -38.98, 0.011, 42.22, -41.92);
insert into SHOT values (3929, 3478, 3486, 71, 2.860, 216.34, -28.38, 2.855, 216.41, -28.45, 0.007, 8.91, -4.86);
insert into SHOT values (3930, 3478, 3487, 71, 0.780, 206.19, 36.10, 0.777, 206.57, 36.31, 0.006, 341.52, 4.19);
insert into SHOT values (3931, 3478, 3488, 71, 2.760, 211.57, -20.46, 2.761, 211.53, -20.79, 0.016, 50.19, -71.94);
insert into SHOT values (3932, 3478, 3488, 71, 2.750, 211.50, -20.71, 2.761, 211.53, -20.79, 0.012, 221.51, -39.73);
insert into SHOT values (3933, 3478, 3488, 71, 2.760, 211.45, -20.71, 2.761, 211.53, -20.79, 0.006, 308.56, -45.80);
insert into SHOT values (3934, 3488, 3489, 71, 1.620, 106.92, 7.41, 1.621, 106.63, 7.44, 0.008, 22.15, 7.49);
insert into SHOT values (3935, 3488, 3490, 71, 1.750, 83.24, 6.09, 1.753, 83.08, 6.22, 0.007, 20.90, 38.12);
insert into SHOT values (3936, 3488, 3491, 71, 2.050, 87.25, 8.40, 2.054, 87.18, 8.40, 0.005, 58.04, 5.93);
insert into SHOT values (3937, 3488, 3492, 71, 2.630, 51.21, 17.48, 2.639, 51.13, 17.42, 0.010, 29.10, 0.11);
insert into SHOT values (3938, 3488, 3493, 71, 4.070, 48.71, 16.78, 4.078, 48.63, 16.82, 0.010, 13.60, 29.24);
insert into SHOT values (3939, 3488, 3494, 71, 3.260, 57.04, 48.95, 3.265, 56.98, 48.89, 0.007, 35.08, 13.31);
insert into SHOT values (3940, 3488, 3495, 71, 5.710, 85.07, 66.70, 5.715, 84.92, 66.72, 0.008, 357.97, 43.84);
insert into SHOT values (3941, 3488, 3496, 71, 1.500, 340.47, 71.93, 1.504, 341.18, 71.99, 0.007, 74.84, 34.76);
insert into SHOT values (3942, 3488, 3497, 71, 0.990, 184.50, 33.62, 0.989, 184.18, 33.78, 0.005, 68.34, 20.21);
insert into SHOT values (3943, 3488, 3498, 71, 2.990, 112.25, 43.85, 2.997, 112.05, 43.95, 0.012, 33.62, 47.96);
insert into SHOT values (3944, 3488, 3499, 71, 2.940, 100.34, -32.89, 2.943, 100.26, -32.94, 0.005, 23.14, -45.91);
insert into SHOT values (3945, 3488, 3499, 71, 2.950, 100.35, -32.95, 2.943, 100.26, -32.94, 0.008, 312.39, 32.73);
insert into SHOT values (3946, 3488, 3499, 71, 2.950, 100.39, -33.34, 2.943, 100.26, -32.94, 0.023, 52.92, 70.85);
insert into SHOT values (3947, 3499, 3500, 71, 3.540, 170.27, -48.62, 3.546, 170.18, -48.61, 0.007, 128.19, -33.46);
insert into SHOT values (3948, 3499, 3501, 71, 1.560, 176.22, -60.41, 1.564, 176.28, -60.43, 0.004, 209.88, -65.52);
insert into SHOT values (3949, 3499, 3502, 71, 1.480, 221.84, -80.13, 1.482, 221.82, -80.09, 0.002, 217.83, -56.47);
insert into SHOT values (3950, 3499, 3503, 71, 0.880, 179.83, 77.28, 0.881, 180.00, 77.54, 0.004, 351.31, 22.76);
insert into SHOT values (3951, 3499, 3504, 71, 0.980, 330.78, 37.77, 0.979, 331.45, 37.78, 0.009, 64.42, -1.54);
insert into SHOT values (3952, 3499, 3505, 71, 1.020, 290.39, 22.84, 1.018, 290.56, 22.54, 0.007, 24.33, -65.25);
insert into SHOT values (3953, 3499, 3506, 71, 2.300, 281.00, 15.18, 2.300, 280.91, 15.12, 0.004, 196.26, -31.45);
insert into SHOT values (3954, 3499, 3507, 71, 1.110, 259.09, 46.31, 1.107, 258.69, 46.29, 0.006, 149.45, -24.87);
insert into SHOT values (3955, 3499, 3508, 71, 0.240, 238.13, 14.94, 0.233, 237.72, 14.95, 0.008, 70.64, -14.31);
insert into SHOT values (3956, 3499, 3509, 71, 1.470, 220.31, 22.27, 1.469, 220.24, 21.98, 0.008, 179.10, -69.45);
insert into SHOT values (3957, 3499, 3510, 71, 1.630, 215.65, 35.14, 1.626, 215.49, 35.32, 0.008, 65.53, 13.48);
insert into SHOT values (3958, 3499, 3511, 71, 1.870, 263.24, -74.19, 1.869, 263.16, -74.37, 0.006, 90.28, -7.12);
insert into SHOT values (3959, 3499, 3512, 71, 1.330, 244.84, 39.33, 1.325, 245.19, 39.35, 0.008, 8.94, -21.46);
insert into SHOT values (3960, 3499, 3512, 71, 1.330, 245.18, 39.25, 1.325, 245.19, 39.35, 0.006, 64.07, -15.65);
insert into SHOT values (3961, 3499, 3512, 71, 1.330, 244.98, 39.35, 1.325, 245.19, 39.35, 0.006, 21.50, -31.63);
insert into SHOT values (3962, 3512, 3513, 71, 2.230, 150.18, 26.63, 2.247, 150.11, 26.71, 0.017, 140.35, 37.45);
insert into SHOT values (3963, 3512, 3513, 71, 2.240, 150.00, 26.94, 2.247, 150.11, 26.71, 0.012, 171.74, -24.32);
insert into SHOT values (3964, 3512, 3513, 71, 2.240, 150.20, 26.97, 2.247, 150.11, 26.71, 0.012, 134.10, -28.34);
insert into SHOT values (3965, 3513, 3514, 71, 1.740, 66.28, 51.38, 1.739, 66.04, 51.46, 0.005, 306.16, 5.75);
insert into SHOT values (3966, 3513, 3515, 71, 0.800, 16.43, 27.59, 0.800, 16.39, 27.56, 0.001, 262.14, -43.06);
insert into SHOT values (3967, 3513, 3516, 71, 1.950, 10.84, 16.13, 1.949, 10.77, 16.08, 0.003, 274.73, -37.16);
insert into SHOT values (3968, 3513, 3517, 71, 2.150, 30.92, 31.05, 2.148, 30.75, 31.12, 0.007, 268.44, 9.31);
insert into SHOT values (3969, 3513, 3518, 71, 0.800, 35.05, 18.21, 0.803, 34.32, 18.15, 0.010, 320.81, -0.00);
insert into SHOT values (3970, 3513, 3519, 71, 1.030, 334.48, 1.73, 1.034, 334.18, 1.66, 0.007, 278.08, -9.54);
insert into SHOT values (3971, 3513, 3520, 71, 2.500, 356.48, 2.02, 2.507, 356.34, 2.06, 0.009, 313.50, 11.66);
insert into SHOT values (3972, 3513, 3521, 71, 1.990, 3.07, 6.55, 1.996, 2.89, 6.62, 0.009, 314.74, 19.92);
insert into SHOT values (3973, 3513, 3522, 71, 1.230, 348.72, 62.57, 1.231, 347.91, 62.28, 0.010, 295.27, -9.61);
insert into SHOT values (3974, 3513, 3523, 71, 1.420, 33.28, 76.22, 1.422, 31.83, 76.11, 0.009, 322.26, 5.44);
insert into SHOT values (3975, 3513, 3524, 71, 1.680, 80.96, 65.19, 1.683, 80.13, 65.40, 0.012, 326.17, 24.46);
insert into SHOT values (3976, 3513, 3525, 71, 1.220, 84.27, -87.53, 1.221, 78.69, -87.61, 0.005, 334.02, -12.11);
insert into SHOT values (3977, 3513, 3526, 71, 1.890, 165.81, -42.35, 1.884, 165.86, -42.37, 0.006, 330.03, 33.70);
insert into SHOT values (3978, 3513, 3527, 71, 1.750, 150.63, -45.21, 1.744, 150.72, -45.31, 0.007, 313.49, 16.97);
insert into SHOT values (3979, 3513, 3528, 71, 1.190, 189.08, -33.95, 1.184, 189.37, -33.88, 0.008, 318.49, 35.74);
insert into SHOT values (3980, 3513, 3529, 71, 2.820, 180.27, -35.02, 2.813, 180.50, -35.16, 0.013, 315.93, -7.42);
insert into SHOT values (3981, 3513, 3530, 71, 2.930, 180.51, 7.71, 2.926, 180.59, 7.66, 0.006, 309.27, -29.90);
insert into SHOT values (3982, 3513, 3530, 71, 2.930, 180.65, 7.65, 2.926, 180.59, 7.66, 0.005, 38.24, -0.55);
insert into SHOT values (3983, 3513, 3530, 71, 2.940, 180.51, 7.55, 2.926, 180.59, 7.66, 0.015, 344.26, 13.93);
insert into SHOT values (3984, 3530, 3531, 71, 0.620, 270.39, 5.82, 0.623, 270.00, 5.53, 0.006, 217.40, -28.51);
insert into SHOT values (3985, 3530, 3532, 71, 0.370, 137.20, -12.23, 0.370, 138.37, -12.49, 0.008, 230.55, -12.41);
insert into SHOT values (3986, 3530, 3533, 71, 0.310, 238.13, 38.77, 0.312, 238.24, 37.57, 0.007, 243.28, -37.83);
insert into SHOT values (3987, 3530, 3534, 71, 3.280, 163.13, -72.78, 3.277, 163.24, -72.76, 0.004, 246.70, 56.76);
insert into SHOT values (3988, 3530, 3535, 71, 1.670, 158.43, -72.00, 1.672, 158.40, -72.01, 0.002, 106.40, -80.54);
insert into SHOT values (3989, 3530, 3536, 71, 4.490, 156.93, -71.91, 4.493, 157.29, -71.87, 0.010, 220.87, -11.36);
insert into SHOT values (3990, 3530, 3537, 71, 3.650, 11.02, -60.52, 3.650, 10.93, -60.59, 0.005, 227.11, -29.36);
insert into SHOT values (3991, 3530, 3538, 71, 3.540, 13.65, -52.81, 3.540, 13.52, -52.82, 0.005, 277.44, 1.02);
insert into SHOT values (3992, 3530, 3539, 71, 1.570, 173.92, -7.42, 1.571, 174.11, -7.31, 0.006, 248.75, 27.65);
insert into SHOT values (3993, 3530, 3540, 71, 1.940, 163.24, -10.06, 1.934, 163.85, -9.83, 0.023, 267.34, 23.07);
insert into SHOT values (3994, 3530, 3540, 71, 1.920, 164.17, -9.60, 1.934, 163.85, -9.83, 0.019, 122.58, -31.30);
insert into SHOT values (3995, 3530, 3540, 71, 1.930, 163.87, -9.72, 1.934, 163.85, -9.83, 0.005, 149.79, -54.15);
insert into SHOT values (3996, 3540, 3541, 71, 1.940, 163.61, -10.06, 1.938, 163.56, -10.10, 0.003, 21.39, -22.28);
insert into SHOT values (3997, 3540, 3542, 71, 1.260, 87.23, 53.40, 1.259, 86.95, 53.36, 0.004, 354.35, -22.66);
insert into SHOT values (3998, 3540, 3543, 71, 0.680, 351.73, 16.08, 0.685, 351.25, 16.11, 0.007, 299.46, 13.46);
insert into SHOT values (3999, 3540, 3544, 71, 1.020, 359.74, 26.77, 1.020, 359.37, 26.81, 0.006, 263.50, 5.63);
insert into SHOT values (4000, 3540, 3545, 71, 1.040, 19.03, 37.19, 1.038, 19.09, 37.35, 0.004, 182.55, 22.89);
insert into SHOT values (4001, 3540, 3546, 71, 1.190, 45.80, 9.62, 1.191, 45.69, 9.67, 0.003, 331.09, 25.98);
insert into SHOT values (4002, 3540, 3547, 71, 1.070, 34.21, -66.70, 1.068, 34.44, -66.59, 0.003, 90.19, 53.22);
insert into SHOT values (4003, 3540, 3548, 71, 0.900, 94.24, 51.36, 0.897, 94.09, 51.27, 0.003, 344.00, -61.55);
insert into SHOT values (4004, 3540, 3549, 71, 2.520, 133.40, 7.10, 2.523, 133.38, 7.06, 0.004, 120.60, -22.47);
insert into SHOT values (4005, 3540, 3549, 71, 2.530, 133.30, 7.23, 2.523, 133.38, 7.06, 0.011, 281.30, -51.21);
insert into SHOT values (4006, 3540, 3549, 71, 2.520, 133.30, 7.05, 2.523, 133.38, 7.06, 0.005, 181.45, 8.36);
insert into SHOT values (4007, 3549, 3550, 71, 1.760, 11.10, -78.89, 1.755, 11.63, -78.59, 0.011, 33.16, 39.19);
insert into SHOT values (4008, 3549, 3551, 71, 1.170, 55.79, -57.01, 1.171, 55.81, -56.82, 0.004, 59.98, 20.35);
insert into SHOT values (4009, 3549, 3552, 71, 0.330, 325.31, 82.00, 0.334, 323.13, 81.38, 0.005, 300.08, 35.74);
insert into SHOT values (4010, 3549, 3553, 71, 0.780, 89.99, 3.91, 0.782, 90.00, 4.40, 0.007, 94.28, 75.04);
insert into SHOT values (4011, 3549, 3554, 71, 0.870, 84.25, 0.77, 0.875, 84.09, 1.31, 0.010, 57.45, 57.53);
insert into SHOT values (4012, 3549, 3555, 71, 1.560, 79.39, -5.76, 1.564, 79.27, -5.50, 0.009, 46.29, 47.08);
insert into SHOT values (4013, 3549, 3556, 71, 1.440, 72.97, -39.68, 1.435, 72.71, -39.34, 0.011, 3.58, 60.08);
insert into SHOT values (4014, 3549, 3557, 71, 1.370, 73.34, -39.33, 1.362, 72.94, -39.15, 0.012, 319.85, 45.65);
insert into SHOT values (4015, 3549, 3557, 71, 1.340, 73.37, -39.59, 1.362, 72.94, -39.15, 0.026, 54.86, -13.49);
insert into SHOT values (4016, 3549, 3557, 71, 1.390, 73.25, -38.71, 1.362, 72.94, -39.15, 0.030, 264.83, 17.89);
insert into SHOT values (4017, 3557, 3558, 71, 1.810, 174.41, 0.05, 1.809, 174.29, 0.00, 0.004, 69.33, -21.83);
insert into SHOT values (4018, 3557, 3559, 71, 2.520, 159.48, 2.61, 2.525, 159.34, 2.72, 0.010, 107.20, 33.51);
insert into SHOT values (4019, 3557, 3560, 71, 1.860, 158.93, 14.87, 1.864, 158.85, 14.92, 0.005, 123.79, 30.93);
insert into SHOT values (4020, 3557, 3561, 71, 2.280, 158.98, -3.82, 2.287, 158.94, -3.76, 0.008, 148.23, 14.05);
insert into SHOT values (4021, 3557, 3562, 71, 3.600, 150.74, -1.35, 3.600, 150.73, -1.27, 0.005, 102.07, 79.14);
insert into SHOT values (4022, 3557, 3563, 71, 1.330, 143.98, 5.93, 1.332, 143.91, 6.04, 0.003, 91.02, 51.60);
insert into SHOT values (4023, 3557, 3564, 71, 4.320, 152.00, 6.09, 4.328, 152.01, 6.10, 0.008, 155.17, 12.03);
insert into SHOT values (4024, 3557, 3565, 71, 1.300, 198.93, -11.16, 1.302, 198.72, -11.07, 0.005, 133.44, 17.31);
insert into SHOT values (4025, 3557, 3566, 71, 3.060, 155.96, 2.48, 3.060, 155.87, 2.43, 0.006, 66.91, -25.70);
insert into SHOT values (4026, 3557, 3566, 71, 3.060, 156.14, 2.61, 3.060, 155.87, 2.43, 0.017, 67.55, -32.60);
insert into SHOT values (4027, 3557, 3566, 71, 3.050, 155.70, 2.14, 3.060, 155.87, 2.43, 0.021, 199.24, 51.36);
insert into SHOT values (4028, 3566, 3567, 71, 0.930, 78.88, 4.08, 0.930, 78.81, 4.32, 0.004, 348.24, 73.79);
insert into SHOT values (4029, 3566, 3568, 71, 1.100, 71.93, -9.85, 1.101, 71.73, -9.94, 0.004, 355.07, -25.36);
insert into SHOT values (4030, 3566, 3569, 71, 1.110, 66.03, -56.72, 1.114, 65.94, -56.60, 0.005, 53.42, -25.49);
insert into SHOT values (4031, 3566, 3570, 71, 0.650, 296.03, -68.04, 0.648, 296.57, -67.71, 0.005, 334.57, 37.60);
insert into SHOT values (4032, 3566, 3571, 71, 0.400, 149.18, 79.12, 0.398, 150.26, 78.32, 0.006, 165.68, -27.81);
insert into SHOT values (4033, 3566, 3572, 71, 0.900, 180.87, 16.80, 0.898, 180.67, 16.82, 0.003, 64.23, -2.15);
insert into SHOT values (4034, 3566, 3573, 71, 1.680, 131.95, 8.78, 1.677, 132.06, 8.92, 0.006, 268.68, 36.45);
insert into SHOT values (4035, 3566, 3574, 71, 2.270, 140.29, 21.22, 2.263, 140.19, 21.25, 0.008, 345.94, -11.32);
insert into SHOT values (4036, 3566, 3574, 71, 2.250, 140.27, 21.12, 2.263, 140.19, 21.25, 0.014, 124.58, 42.04);
insert into SHOT values (4037, 3566, 3574, 71, 2.260, 140.38, 21.35, 2.263, 140.19, 21.25, 0.008, 79.80, -19.55);
insert into SHOT values (4038, 3574, 3575, 71, 2.400, 82.70, 48.89, 2.399, 82.65, 49.35, 0.019, 268.08, 37.58);
insert into SHOT values (4039, 3574, 3575, 71, 2.400, 82.56, 48.97, 2.399, 82.65, 49.35, 0.016, 251.85, 36.50);
insert into SHOT values (4040, 3574, 3575, 71, 2.400, 82.52, 49.88, 2.399, 82.65, 49.35, 0.023, 94.57, -42.48);
insert into SHOT values (4041, 3575, 3576, 71, 4.350, 334.96, 0.27, 4.349, 334.97, 0.26, 0.002, 134.74, -17.54);
insert into SHOT values (4042, 3575, 3577, 71, 5.210, 300.37, 63.03, 5.206, 300.26, 63.02, 0.006, 196.58, -35.05);
insert into SHOT values (4043, 3575, 3578, 71, 5.220, 336.63, -41.56, 5.228, 336.65, -41.59, 0.008, 351.83, -57.07);
insert into SHOT values (4044, 3575, 3579, 71, 2.360, 277.42, -6.29, 2.364, 277.34, -6.32, 0.005, 232.64, -16.52);
insert into SHOT values (4045, 3575, 3580, 71, 3.350, 263.59, 9.32, 3.354, 263.58, 9.26, 0.006, 259.17, -26.91);
insert into SHOT values (4046, 3575, 3581, 71, 3.050, 262.32, 38.00, 3.044, 262.34, 37.91, 0.008, 57.46, -74.03);
insert into SHOT values (4047, 3575, 3582, 71, 3.300, 249.54, 57.32, 3.293, 249.63, 57.26, 0.008, 348.46, -69.13);
insert into SHOT values (4048, 3575, 3583, 71, 9.830, 251.34, 82.29, 9.829, 251.43, 82.29, 0.002, 344.53, -29.32);
insert into SHOT values (4049, 3575, 3584, 71, 3.980, 146.10, 9.44, 3.981, 146.11, 9.40, 0.003, 169.63, -64.79);
insert into SHOT values (4050, 3575, 3585, 71, 2.820, 142.51, 31.85, 2.816, 142.46, 31.70, 0.008, 72.77, -74.79);
insert into SHOT values (4051, 3575, 3586, 71, 4.760, 136.94, 19.06, 4.759, 136.98, 19.01, 0.006, 212.29, -52.91);
insert into SHOT values (4052, 3575, 3587, 71, 3.630, 139.22, -18.78, 3.626, 139.25, -18.83, 0.005, 296.73, -14.55);
insert into SHOT values (4053, 3575, 3588, 71, 4.750, 128.05, -63.56, 4.753, 128.07, -63.67, 0.009, 303.01, -46.25);
insert into SHOT values (4054, 3575, 3589, 71, 7.330, 119.55, -72.22, 7.330, 119.43, -72.22, 0.005, 36.05, -1.31);
insert into SHOT values (4055, 3575, 3590, 71, 7.640, 133.03, -78.39, 7.646, 133.15, -78.42, 0.007, 258.37, -57.51);
insert into SHOT values (4056, 3575, 3591, 71, 7.650, 131.16, -78.11, 7.655, 131.15, -78.09, 0.006, 128.13, -44.11);
insert into SHOT values (4057, 3575, 3592, 71, 6.270, 19.32, -52.83, 6.270, 19.30, -52.89, 0.007, 214.09, -32.58);
insert into SHOT values (4058, 3575, 3593, 71, 5.920, 25.02, -45.68, 5.925, 25.02, -45.70, 0.005, 19.03, -64.66);
insert into SHOT values (4059, 3575, 3594, 71, 2.550, 324.56, -40.06, 2.555, 324.60, -40.23, 0.009, 93.11, -79.16);
insert into SHOT values (4060, 3575, 3595, 71, 1.900, 316.69, -50.07, 1.905, 316.66, -50.03, 0.005, 306.94, -34.81);
insert into SHOT values (4061, 3575, 3596, 71, 1.770, 326.02, -56.29, 1.775, 325.82, -56.51, 0.009, 191.97, -58.40);
insert into SHOT values (4062, 3575, 3597, 71, 1.570, 335.25, -70.78, 1.578, 334.92, -70.80, 0.008, 279.98, -63.92);
insert into SHOT values (4063, 3575, 3598, 71, 2.270, 280.87, -74.28, 2.277, 281.13, -74.15, 0.009, 303.77, -34.16);
insert into SHOT values (4064, 3575, 3599, 71, 5.770, 300.38, 43.95, 5.764, 300.40, 43.94, 0.006, 103.08, -50.25);
insert into SHOT values (4065, 3575, 3600, 71, 4.660, 284.52, 46.83, 4.656, 284.52, 46.72, 0.009, 280.31, -66.99);
insert into SHOT values (4066, 3575, 3601, 71, 4.070, 255.24, 72.02, 4.070, 255.30, 71.95, 0.005, 270.90, -13.63);
insert into SHOT values (4067, 3575, 3602, 71, 5.220, 292.03, 75.42, 5.218, 291.88, 75.41, 0.004, 213.40, -28.81);
insert into SHOT values (4068, 3575, 3603, 71, 6.430, 270.48, 78.92, 6.431, 270.46, 78.88, 0.004, 265.35, -1.89);
insert into SHOT values (4069, 3575, 3604, 71, 10.140, 269.77, 78.94, 10.139, 269.71, 78.91, 0.006, 245.42, -17.57);
insert into SHOT values (4070, 3575, 3605, 71, 6.300, 188.98, 82.99, 6.297, 188.97, 82.98, 0.003, 178.72, -79.17);
insert into SHOT values (4071, 3575, 3606, 71, 5.590, 127.06, -68.68, 5.593, 127.21, -68.67, 0.006, 199.75, -24.92);
insert into SHOT values (4072, 3575, 3607, 71, 1.860, 127.36, -68.98, 1.865, 127.72, -68.94, 0.006, 183.26, -36.20);
insert into SHOT values (4073, 3575, 3608, 71, 1.290, 126.99, -68.99, 1.296, 127.12, -69.02, 0.006, 161.43, -72.50);
insert into SHOT values (4074, 3575, 3609, 71, 5.640, 126.35, -68.82, 5.622, 126.81, -68.77, 0.025, 222.56, 48.93);
insert into SHOT values (4075, 3575, 3609, 71, 5.600, 126.69, -68.83, 5.622, 126.81, -68.77, 0.023, 144.55, -51.38);
insert into SHOT values (4076, 3575, 3609, 71, 5.610, 126.82, -68.57, 5.622, 126.81, -68.77, 0.022, 307.77, -52.50);
insert into SHOT values (4077, 3609, 3610, 71, 4.710, 284.98, 64.96, 4.711, 285.15, 65.02, 0.008, 50.73, 19.80);
insert into SHOT values (4078, 3609, 3611, 71, 1.730, 131.14, 80.88, 1.732, 130.60, 80.81, 0.004, 83.42, 28.01);
insert into SHOT values (4079, 3609, 3612, 71, 2.880, 285.90, 15.38, 2.884, 286.09, 15.49, 0.011, 3.85, 33.63);
insert into SHOT values (4080, 3609, 3613, 71, 5.670, 283.60, -30.11, 5.663, 283.70, -30.10, 0.011, 48.00, 23.99);
insert into SHOT values (4081, 3609, 3614, 71, 3.550, 292.22, -62.56, 3.548, 292.32, -62.61, 0.005, 72.94, 7.43);
insert into SHOT values (4082, 3609, 3615, 71, 2.510, 247.37, -81.02, 2.510, 247.38, -81.06, 0.002, 65.16, -23.19);
insert into SHOT values (4083, 3609, 3616, 71, 2.730, 259.54, -69.74, 2.729, 259.64, -69.73, 0.002, 347.41, 33.36);
insert into SHOT values (4084, 3609, 3617, 71, 2.120, 308.31, -73.47, 2.118, 308.96, -73.42, 0.007, 28.44, 19.01);
insert into SHOT values (4085, 3609, 3618, 71, 4.950, 294.37, -70.04, 4.948, 294.44, -70.01, 0.004, 343.75, 42.75);
insert into SHOT values (4086, 3609, 3619, 71, 4.330, 266.42, -80.43, 4.330, 266.82, -80.41, 0.005, 342.81, -2.87);
insert into SHOT values (4087, 3609, 3620, 71, 4.480, 282.50, -80.15, 4.475, 282.94, -80.23, 0.010, 63.38, 23.29);
insert into SHOT values (4088, 3609, 3621, 71, 4.370, 255.83, -80.71, 4.367, 255.96, -80.76, 0.006, 55.97, 29.12);
insert into SHOT values (4089, 3609, 3622, 71, 0.700, 26.57, -13.30, 0.703, 26.94, -13.16, 0.005, 82.26, 10.96);
insert into SHOT values (4090, 3609, 3623, 71, 0.760, 13.60, 40.50, 0.765, 13.80, 39.86, 0.010, 26.35, -21.14);
insert into SHOT values (4091, 3609, 3624, 71, 1.200, 343.65, 75.70, 1.198, 344.58, 75.46, 0.007, 31.60, -23.25);
insert into SHOT values (4092, 3609, 3625, 71, 1.850, 0.01, -63.11, 1.852, 0.00, -63.02, 0.003, 357.45, -0.50);
insert into SHOT values (4093, 3609, 3626, 71, 1.230, 46.47, -54.98, 1.237, 46.70, -54.72, 0.009, 64.94, -16.45);
insert into SHOT values (4094, 3609, 3627, 71, 4.150, 305.25, 65.02, 4.150, 305.50, 64.96, 0.009, 8.06, -11.74);
insert into SHOT values (4095, 3609, 3628, 71, 1.940, 265.69, 55.23, 1.935, 265.84, 55.25, 0.006, 45.68, -38.72);
insert into SHOT values (4096, 3609, 3629, 71, 1.880, 254.76, 1.71, 1.876, 254.85, 1.83, 0.006, 37.85, 37.85);
insert into SHOT values (4097, 3609, 3630, 71, 3.880, 260.33, -36.03, 3.875, 260.45, -36.04, 0.008, 24.42, 16.17);
insert into SHOT values (4098, 3609, 3631, 71, 6.190, 283.13, -32.12, 6.187, 283.24, -32.13, 0.011, 31.07, 6.38);
insert into SHOT values (4099, 3609, 3632, 71, 4.140, 317.99, -43.30, 4.138, 318.10, -43.34, 0.007, 78.87, -6.17);
insert into SHOT values (4100, 3609, 3633, 71, 1.880, 352.81, -67.36, 1.876, 352.87, -67.25, 0.006, 16.05, 67.88);
insert into SHOT values (4101, 3609, 3634, 71, 2.450, 229.33, -69.14, 2.448, 229.69, -69.29, 0.009, 11.26, -3.87);
insert into SHOT values (4102, 3609, 3635, 71, 0.970, 108.34, 15.07, 0.969, 108.05, 14.95, 0.005, 11.21, -24.57);
insert into SHOT values (4103, 3609, 3636, 71, 0.410, 125.10, 24.98, 0.411, 124.11, 24.42, 0.008, 58.08, -24.20);
insert into SHOT values (4104, 3609, 3637, 71, 3.320, 134.04, -15.05, 3.317, 133.86, -15.03, 0.010, 30.97, 11.48);
insert into SHOT values (4105, 3609, 3638, 71, 2.820, 141.22, -5.65, 2.816, 141.08, -5.71, 0.008, 16.87, -16.45);
insert into SHOT values (4106, 3609, 3639, 71, 5.360, 313.53, -37.72, 5.341, 313.75, -37.76, 0.026, 90.25, 21.17);
insert into SHOT values (4107, 3609, 3639, 71, 5.360, 313.75, -37.86, 5.341, 313.75, -37.76, 0.022, 132.60, 64.49);
insert into SHOT values (4108, 3609, 3639, 71, 5.320, 313.64, -37.77, 5.341, 313.75, -37.76, 0.022, 339.53, -31.27);
insert into SHOT values (4109, 3639, 3640, 71, 3.190, 262.25, 0.29, 3.199, 262.28, 0.18, 0.011, 271.05, -33.80);
insert into SHOT values (4110, 3639, 3641, 71, 3.230, 273.26, 3.76, 3.232, 273.20, 3.73, 0.004, 213.43, -24.75);
insert into SHOT values (4111, 3639, 3642, 71, 3.330, 272.91, -1.63, 3.336, 272.92, -1.72, 0.008, 280.19, -42.65);
insert into SHOT values (4112, 3639, 3643, 71, 1.440, 327.39, -45.54, 1.444, 327.09, -45.49, 0.007, 273.58, -18.91);
insert into SHOT values (4113, 3639, 3644, 71, 3.680, 70.67, 0.34, 3.678, 70.63, 0.31, 0.004, 307.50, -30.35);
insert into SHOT values (4114, 3639, 3645, 71, 3.910, 84.11, 4.65, 3.903, 84.10, 4.56, 0.010, 270.70, -46.79);
insert into SHOT values (4115, 3639, 3646, 71, 3.310, 96.81, 0.85, 3.303, 96.78, 0.69, 0.011, 291.28, -53.46);
insert into SHOT values (4116, 3639, 3647, 71, 3.600, 91.33, -14.65, 3.598, 91.32, -14.65, 0.002, 292.62, 12.60);
insert into SHOT values (4117, 3639, 3648, 71, 3.490, 96.16, -15.66, 3.491, 96.15, -15.79, 0.008, 299.51, -81.37);
insert into SHOT values (4118, 3639, 3649, 71, 3.470, 86.09, -16.50, 3.463, 86.03, -16.61, 0.011, 288.47, -24.35);
insert into SHOT values (4119, 3639, 3650, 71, 1.110, 133.85, -26.57, 1.109, 134.18, -26.79, 0.007, 249.39, -28.91);
insert into SHOT values (4120, 3639, 3651, 71, 1.940, 82.26, -17.67, 1.932, 82.53, -17.16, 0.021, 190.33, 64.25);
insert into SHOT values (4121, 3639, 3651, 71, 1.930, 82.45, -17.17, 1.932, 82.53, -17.16, 0.003, 138.78, -4.69);
insert into SHOT values (4122, 3639, 3651, 71, 1.930, 82.64, -16.64, 1.932, 82.53, -17.16, 0.018, 308.31, -73.84);
insert into SHOT values (4123, 3651, 3652, 71, 2.630, 27.22, 48.66, 2.628, 27.01, 48.55, 0.008, 318.48, -33.60);
insert into SHOT values (4124, 3651, 3653, 71, 3.490, 37.36, 63.52, 3.486, 37.16, 63.49, 0.007, 305.97, -36.04);
insert into SHOT values (4125, 3651, 3654, 71, 5.440, 46.05, 69.74, 5.436, 45.86, 69.75, 0.008, 292.78, -27.00);
insert into SHOT values (4126, 3651, 3655, 71, 5.740, 73.84, 62.14, 5.733, 73.73, 62.16, 0.009, 298.29, -32.87);
insert into SHOT values (4127, 3651, 3656, 71, 2.990, 84.26, 45.10, 2.984, 84.29, 44.99, 0.008, 178.61, -82.21);
insert into SHOT values (4128, 3651, 3657, 71, 2.240, 92.52, 19.95, 2.235, 92.45, 19.88, 0.006, 306.04, -44.38);
insert into SHOT values (4129, 3651, 3658, 71, 1.910, 58.22, 7.37, 1.910, 58.15, 7.22, 0.006, 354.45, -64.37);
insert into SHOT values (4130, 3651, 3659, 71, 1.630, 14.58, -14.91, 1.634, 14.30, -14.90, 0.009, 310.73, -3.99);
insert into SHOT values (4131, 3651, 3660, 71, 1.030, 332.74, -35.80, 1.042, 332.53, -35.81, 0.013, 315.08, -35.70);
insert into SHOT values (4132, 3651, 3661, 71, 1.100, 295.65, -25.08, 1.107, 296.05, -25.13, 0.010, 347.79, -22.65);
insert into SHOT values (4133, 3651, 3662, 71, 1.570, 92.18, -10.49, 1.568, 91.86, -10.66, 0.010, 343.14, -24.53);
insert into SHOT values (4134, 3651, 3663, 71, 1.410, 134.91, -15.54, 1.410, 135.00, -15.64, 0.003, 245.76, -44.54);
insert into SHOT values (4135, 3651, 3664, 71, 1.200, 172.03, -17.54, 1.200, 171.94, -17.96, 0.009, 23.16, -67.66);
insert into SHOT values (4136, 3651, 3665, 71, 2.170, 122.33, 58.67, 2.164, 122.28, 58.73, 0.006, 315.06, -36.55);
insert into SHOT values (4137, 3651, 3666, 71, 5.560, 101.07, 63.98, 5.552, 100.89, 64.00, 0.011, 336.01, -35.27);
insert into SHOT values (4138, 3651, 3667, 71, 5.450, 74.26, 68.62, 5.445, 74.21, 68.62, 0.006, 294.14, -62.94);
insert into SHOT values (4139, 3651, 3668, 71, 6.730, 46.92, 73.86, 6.725, 46.74, 73.88, 0.008, 288.64, -34.79);
insert into SHOT values (4140, 3651, 3669, 71, 7.250, 58.96, 74.39, 7.248, 58.83, 74.38, 0.005, 339.25, -30.85);
insert into SHOT values (4141, 3651, 3670, 71, 5.530, 71.57, 70.71, 5.520, 71.47, 70.70, 0.010, 308.04, -67.34);
insert into SHOT values (4142, 3609, 3671, 71, 0.000, 0.00, 0.00, 0.000, 90.00, 0.00, 0.000, 90.00, 0.00);
insert into SHOT values (4143, 3609, 3672, 71, 0.250, 138.42, -18.83, 0.247, 136.74, -18.92, 0.008, 22.95, 5.19);
insert into SHOT values (4144, 3609, 3673, 71, 4.460, 137.99, -18.87, 4.459, 137.88, -18.84, 0.008, 43.61, 17.09);
insert into SHOT values (4145, 3609, 3674, 71, 4.460, 138.48, -19.10, 4.460, 138.37, -19.11, 0.008, 49.01, -4.16);
insert into SHOT values (4146, 3609, 3675, 71, 4.400, 137.63, -18.92, 4.404, 137.62, -18.81, 0.010, 134.41, 43.84);
insert into SHOT values (4147, 3609, 3675, 71, 4.420, 137.79, -18.93, 4.404, 137.62, -18.81, 0.022, 3.52, 39.60);
insert into SHOT values (4148, 3609, 3675, 71, 4.410, 137.76, -18.67, 4.404, 137.62, -18.81, 0.016, 6.26, -32.20);
insert into SHOT values (4149, 3675, 3676, 71, 3.870, 62.75, 45.80, 3.866, 62.86, 45.77, 0.007, 165.29, -38.74);
insert into SHOT values (4150, 3675, 3677, 71, 4.440, 22.64, 78.46, 4.440, 22.52, 78.47, 0.002, 276.39, -7.29);
insert into SHOT values (4151, 3675, 3678, 71, 5.180, 315.98, 79.68, 5.172, 315.88, 79.76, 0.011, 146.37, -35.26);
insert into SHOT values (4152, 3675, 3679, 71, 6.530, 291.79, 77.40, 6.527, 291.88, 77.41, 0.004, 65.55, -42.72);
insert into SHOT values (4153, 3675, 3680, 71, 5.130, 271.04, 73.34, 5.125, 270.78, 73.33, 0.008, 175.84, -34.76);
insert into SHOT values (4154, 3675, 3681, 71, 2.660, 261.00, 56.88, 2.659, 260.86, 57.00, 0.006, 115.55, 19.59);
insert into SHOT values (4155, 3675, 3682, 71, 1.230, 198.01, 13.79, 1.233, 197.98, 13.60, 0.005, 189.50, -38.28);
insert into SHOT values (4156, 3675, 3683, 71, 1.400, 204.53, 29.68, 1.399, 204.25, 29.54, 0.007, 124.74, -27.96);
insert into SHOT values (4157, 3675, 3684, 71, 1.930, 246.57, 40.31, 1.932, 246.39, 40.31, 0.005, 175.44, 16.64);
insert into SHOT values (4158, 3675, 3685, 71, 2.900, 253.70, 61.58, 2.898, 253.54, 61.64, 0.005, 119.05, -5.28);
insert into SHOT values (4159, 3675, 3686, 71, 0.300, 261.73, 70.71, 0.298, 258.69, 69.99, 0.007, 198.53, -27.53);
insert into SHOT values (4160, 3675, 3687, 71, 11.550, 268.12, 79.37, 11.548, 268.12, 79.37, 0.002, 259.62, -72.21);
insert into SHOT values (4161, 3675, 3688, 71, 1.380, 125.48, 49.48, 1.381, 125.46, 49.52, 0.001, 343.36, 66.02);
insert into SHOT values (4162, 3675, 3689, 71, 1.690, 102.51, 36.41, 1.691, 102.71, 36.26, 0.007, 157.84, -28.16);
insert into SHOT values (4163, 3675, 3690, 71, 1.990, 97.32, 27.24, 1.995, 97.45, 27.14, 0.007, 131.78, -7.15);
insert into SHOT values (4164, 3675, 3691, 71, 3.830, 83.47, 4.00, 3.833, 83.69, 4.04, 0.015, 164.15, 10.64);
insert into SHOT values (4165, 3675, 3691, 71, 3.830, 83.60, 4.20, 3.833, 83.69, 4.04, 0.013, 144.71, -56.01);
insert into SHOT values (4166, 3675, 3691, 71, 3.850, 83.81, 4.03, 3.833, 83.69, 4.04, 0.019, 288.06, -1.73);
insert into SHOT values (4167, 3691, 3692, 71, 1.410, 272.22, -40.17, 1.405, 272.14, -40.36, 0.007, 104.69, -3.92);
insert into SHOT values (4168, 3691, 3693, 71, 3.190, 229.62, -38.77, 3.188, 229.57, -38.85, 0.005, 74.25, -26.95);
insert into SHOT values (4169, 3691, 3694, 71, 4.130, 237.84, -35.41, 4.128, 237.87, -35.38, 0.003, 346.43, 59.85);
insert into SHOT values (4170, 3691, 3695, 71, 3.880, 239.63, -21.22, 3.879, 239.61, -21.16, 0.005, 155.76, 71.31);
insert into SHOT values (4171, 3691, 3696, 71, 2.290, 243.79, -15.98, 2.284, 243.79, -16.01, 0.006, 65.72, 4.46);
insert into SHOT values (4172, 3691, 3697, 71, 1.720, 216.96, -25.63, 1.718, 216.87, -25.52, 0.005, 109.55, 57.43);
insert into SHOT values (4173, 3691, 3698, 71, 2.160, 221.58, 58.50, 2.154, 221.38, 58.68, 0.010, 64.88, -9.71);
insert into SHOT values (4174, 3691, 3699, 71, 4.930, 261.47, 35.37, 4.923, 261.55, 35.38, 0.009, 41.73, -24.01);
insert into SHOT values (4175, 3691, 3700, 71, 5.360, 244.74, 26.74, 5.351, 244.72, 26.77, 0.010, 73.73, -10.14);
insert into SHOT values (4176, 3691, 3701, 71, 1.330, 280.65, -44.70, 1.328, 281.07, -45.08, 0.011, 59.78, -23.12);
insert into SHOT values (4177, 3691, 3702, 71, 1.170, 286.76, -7.98, 1.172, 287.03, -7.85, 0.006, 354.67, 22.34);
insert into SHOT values (4178, 3691, 3703, 71, 2.530, 278.44, 20.51, 2.528, 278.51, 20.61, 0.006, 60.95, 38.15);
insert into SHOT values (4179, 3691, 3704, 71, 1.860, 278.73, 38.17, 1.856, 278.69, 38.29, 0.006, 109.96, 5.27);
insert into SHOT values (4180, 3691, 3705, 71, 1.510, 128.59, -8.92, 1.512, 128.48, -8.75, 0.006, 83.44, 45.65);
insert into SHOT values (4181, 3691, 3706, 71, 1.850, 142.05, -26.19, 1.857, 141.82, -26.20, 0.010, 95.99, -20.95);
insert into SHOT values (4182, 3691, 3707, 71, 2.570, 140.56, -17.77, 2.572, 140.46, -17.66, 0.007, 89.01, 39.67);
insert into SHOT values (4183, 3691, 3708, 71, 2.810, 135.18, -10.08, 2.808, 135.15, -10.05, 0.003, 356.61, 36.64);
insert into SHOT values (4184, 3691, 3709, 71, 3.430, 139.15, 3.66, 3.431, 139.14, 3.68, 0.002, 125.02, 38.41);
insert into SHOT values (4185, 3691, 3710, 71, 2.750, 154.52, 35.52, 2.753, 154.35, 35.53, 0.007, 85.52, 17.77);
insert into SHOT values (4186, 3691, 3711, 71, 1.770, 186.27, 46.38, 1.766, 186.13, 46.45, 0.005, 41.70, -15.06);
insert into SHOT values (4187, 3691, 3712, 71, 3.720, 172.37, 62.18, 3.720, 172.38, 62.19, 0.001, 325.15, -2.26);
insert into SHOT values (4188, 3691, 3713, 71, 2.280, 160.79, 65.08, 2.284, 160.63, 65.01, 0.005, 125.72, 25.31);
insert into SHOT values (4189, 3691, 3714, 71, 1.630, 218.30, 71.94, 1.631, 217.78, 71.92, 0.005, 137.15, 3.74);
insert into SHOT values (4190, 3691, 3715, 71, 3.850, 223.37, 63.46, 3.846, 223.35, 63.45, 0.005, 68.45, -71.74);
insert into SHOT values (4191, 3691, 3716, 71, 5.430, 241.00, 58.61, 5.432, 240.98, 58.67, 0.006, 72.23, 50.85);
insert into SHOT values (4192, 3691, 3717, 71, 5.730, 248.38, 51.17, 5.726, 248.44, 51.16, 0.005, 0.28, -44.77);
insert into SHOT values (4193, 3691, 3718, 71, 7.480, 247.92, 44.69, 7.475, 247.88, 44.72, 0.008, 97.93, -3.42);
insert into SHOT values (4194, 3691, 3719, 71, 6.700, 138.78, 9.28, 6.699, 138.74, 9.28, 0.005, 37.30, -5.40);
insert into SURVEY values (73, 62, '20180624_spela_krajnc_vid_strgana_preopremljena_staticna_vrvv', '20180624_spela_krajnc_vid_strgana_preopremljena_staticna_vrvv.2018.brezno_na_toscu', NULL);
 insert into CENTRELINE values (74, 73, NULL, NULL, NULL, 0.00, 0.00, 0.00);
 insert into CENTRELINE values (75, 73, NULL, '2018-06-24', '2018-06-24', 253.04, 0.00, 0.00);
 insert into SHOT values (4195, 3720, 3721, 75, 0.000, 0.00, 0.00, 0.000, 90.00, 0.00, 0.000, 90.00, 0.00);
insert into SHOT values (4196, 3720, 3722, 75, 10.810, 118.81, 71.77, 10.863, 118.91, 71.80, 0.054, 146.40, 76.73);
insert into SHOT values (4197, 3720, 3722, 75, 10.920, 118.83, 71.85, 10.863, 118.91, 71.80, 0.058, 271.80, -79.96);
insert into SHOT values (4198, 3720, 3723, 75, 7.360, 311.51, -34.81, 7.365, 311.44, -34.86, 0.011, 224.19, -50.88);
insert into SHOT values (4199, 3720, 3723, 75, 7.370, 311.44, -34.93, 7.365, 311.44, -34.86, 0.010, 338.57, 83.89);
insert into SHOT values (4200, 3720, 3723, 75, 7.360, 311.42, -34.87, 7.365, 311.44, -34.86, 0.006, 340.14, -21.89);
insert into SHOT values (4201, 3723, 3724, 75, 1.230, 265.91, -1.66, 1.234, 265.82, -1.86, 0.006, 237.66, -45.34);
insert into SHOT values (4202, 3723, 3725, 75, 1.900, 240.79, -75.32, 1.903, 240.26, -75.27, 0.005, 176.93, -21.91);
insert into SHOT values (4203, 3723, 3726, 75, 2.340, 135.87, -3.30, 2.345, 135.87, -3.42, 0.007, 133.58, -48.59);
insert into SHOT values (4204, 3723, 3727, 75, 0.980, 83.34, -16.23, 0.977, 83.25, -16.65, 0.008, 280.74, -52.50);
insert into SHOT values (4205, 3723, 3728, 75, 3.660, 137.28, 76.41, 3.652, 137.37, 76.44, 0.008, 297.93, -62.67);
insert into SHOT values (4206, 3723, 3729, 75, 1.870, 235.19, -74.02, 1.871, 235.38, -74.17, 0.005, 34.68, -25.57);
insert into SHOT values (4207, 3723, 3730, 75, 2.410, 172.41, -6.15, 2.415, 172.34, -6.18, 0.006, 144.17, -16.81);
insert into SHOT values (4208, 3723, 3731, 75, 2.350, 203.35, -21.61, 2.357, 203.40, -21.66, 0.007, 224.58, -38.10);
insert into SHOT values (4209, 3723, 3732, 75, 3.780, 185.21, -3.04, 3.781, 185.17, -3.03, 0.003, 108.30, 9.08);
insert into SHOT values (4210, 3723, 3733, 75, 4.940, 185.37, -17.24, 4.958, 185.58, -17.37, 0.027, 235.56, -35.41);
insert into SHOT values (4211, 3723, 3733, 75, 4.950, 185.64, -17.37, 4.958, 185.58, -17.37, 0.010, 153.51, -13.01);
insert into SHOT values (4212, 3723, 3733, 75, 4.970, 185.71, -17.51, 4.958, 185.58, -17.37, 0.020, 61.83, 49.44);
insert into SHOT values (4213, 3733, 3734, 75, 1.510, 72.90, -9.17, 1.506, 72.78, -9.17, 0.005, 289.21, 7.17);
insert into SHOT values (4214, 3733, 3735, 75, 2.230, 359.30, -2.40, 2.232, 359.23, -2.57, 0.007, 307.36, -62.14);
insert into SHOT values (4215, 3733, 3736, 75, 1.940, 344.74, -49.12, 1.945, 344.98, -49.10, 0.007, 39.44, -25.94);
insert into SHOT values (4216, 3733, 3737, 75, 0.780, 73.23, 66.64, 0.776, 73.30, 66.20, 0.007, 78.85, -56.91);
insert into SHOT values (4217, 3733, 3738, 75, 1.210, 162.25, -32.24, 1.208, 162.28, -32.55, 0.007, 336.93, -41.27);
insert into SHOT values (4218, 3733, 3739, 75, 4.830, 171.33, -11.63, 4.810, 171.58, -11.64, 0.029, 305.95, 7.34);
insert into SHOT values (4219, 3733, 3739, 75, 4.820, 171.66, -11.55, 4.810, 171.58, -11.64, 0.014, 21.99, -20.13);
insert into SHOT values (4220, 3733, 3739, 75, 4.800, 171.67, -11.60, 4.810, 171.58, -11.64, 0.013, 130.96, -22.48);
insert into SHOT values (4221, 3739, 3740, 75, 0.210, 77.07, -12.66, 0.210, 78.69, -13.77, 0.007, 177.05, -34.18);
insert into SHOT values (4222, 3739, 3741, 75, 1.480, 209.99, -61.09, 1.482, 209.45, -61.29, 0.009, 92.33, -30.15);
insert into SHOT values (4223, 3739, 3742, 75, 1.490, 217.72, -54.95, 1.490, 217.41, -54.94, 0.005, 131.75, -2.55);
insert into SHOT values (4224, 3739, 3743, 75, 1.410, 76.29, 67.62, 1.405, 77.01, 67.68, 0.008, 192.15, -27.15);
insert into SHOT values (4225, 3739, 3744, 75, 3.730, 150.83, 12.43, 3.726, 150.90, 12.40, 0.006, 276.43, -27.86);
insert into SHOT values (4226, 3739, 3744, 75, 3.720, 150.91, 12.34, 3.726, 150.90, 12.40, 0.007, 143.82, 42.76);
insert into SHOT values (4227, 3739, 3744, 75, 3.720, 150.86, 12.46, 3.726, 150.90, 12.40, 0.008, 170.52, -19.35);
insert into SHOT values (4228, 3744, 3745, 75, 0.810, 150.61, 67.57, 0.811, 150.95, 67.62, 0.002, 246.78, 35.13);
insert into SHOT values (4229, 3744, 3746, 75, 1.550, 288.40, -70.41, 1.548, 288.08, -70.55, 0.005, 142.28, 3.13);
insert into SHOT values (4230, 3744, 3747, 75, 4.960, 159.61, -36.95, 4.955, 159.60, -36.97, 0.006, 349.30, 15.50);
insert into SHOT values (4231, 3744, 3748, 75, 0.940, 151.28, -9.42, 0.940, 150.95, -9.80, 0.008, 53.56, -48.40);
insert into SHOT values (4232, 3744, 3749, 75, 2.810, 147.45, 10.64, 2.815, 147.69, 10.44, 0.016, 205.91, -33.26);
insert into SHOT values (4233, 3744, 3749, 75, 2.820, 147.72, 10.28, 2.815, 147.69, 10.44, 0.009, 342.43, 47.51);
insert into SHOT values (4234, 3744, 3749, 75, 2.820, 147.84, 10.21, 2.815, 147.69, 10.44, 0.014, 15.99, 45.70);
insert into SHOT values (4235, 3749, 3750, 75, 0.430, 61.05, 86.07, 0.431, 71.57, 85.79, 0.006, 135.36, 9.57);
insert into SHOT values (4236, 3749, 3751, 75, 1.810, 190.39, -69.42, 1.816, 189.90, -69.38, 0.008, 131.45, -41.04);
insert into SHOT values (4237, 3749, 3752, 75, 3.520, 272.68, -74.76, 3.522, 272.49, -74.85, 0.007, 127.43, -35.19);
insert into SHOT values (4238, 3749, 3753, 75, 3.470, 266.56, -75.78, 3.476, 266.63, -75.82, 0.006, 36.72, -77.25);
insert into SHOT values (4239, 3749, 3754, 75, 1.450, 161.54, -40.79, 1.451, 161.40, -40.88, 0.004, 61.05, -45.04);
insert into SHOT values (4240, 3749, 3754, 75, 1.450, 162.16, -40.62, 1.451, 161.40, -40.88, 0.016, 59.03, -21.85);
insert into SHOT values (4241, 3749, 3754, 75, 1.450, 161.75, -40.71, 1.451, 161.40, -40.88, 0.008, 56.44, -31.54);
insert into SHOT values (4242, 3754, 3755, 75, 0.220, 236.59, 3.70, 0.230, 235.62, 2.49, 0.012, 216.47, -20.32);
insert into SHOT values (4243, 3754, 3756, 75, 0.210, 47.71, 19.18, 0.203, 47.12, 20.12, 0.008, 242.76, 7.59);
insert into SHOT values (4244, 3754, 3757, 75, 0.640, 235.90, 84.63, 0.643, 231.34, 84.29, 0.007, 183.59, 23.59);
insert into SHOT values (4245, 3754, 3758, 75, 3.300, 171.54, -54.31, 3.303, 171.66, -54.23, 0.007, 209.45, 1.84);
insert into SHOT values (4246, 3754, 3759, 75, 3.010, 150.05, -6.97, 3.015, 149.92, -6.86, 0.010, 98.32, 31.85);
insert into SHOT values (4247, 3754, 3759, 75, 3.010, 149.93, -6.83, 3.015, 149.92, -6.86, 0.005, 144.94, -24.94);
insert into SHOT values (4248, 3754, 3759, 75, 3.020, 149.86, -6.91, 3.015, 149.92, -6.86, 0.007, 296.93, 28.98);
insert into SHOT values (4249, 3759, 3760, 75, 0.290, 60.07, -5.97, 0.288, 60.75, -5.98, 0.004, 179.43, 2.38);
insert into SHOT values (4250, 3759, 3761, 75, 0.360, 234.65, 2.41, 0.366, 235.01, 1.56, 0.009, 254.02, -36.68);
insert into SHOT values (4251, 3759, 3762, 75, 2.300, 196.98, -65.35, 2.301, 196.93, -65.29, 0.003, 176.78, 9.06);
insert into SHOT values (4252, 3759, 3763, 75, 4.920, 161.09, -19.78, 4.921, 161.25, -19.59, 0.021, 225.71, 45.84);
insert into SHOT values (4253, 3759, 3763, 75, 4.920, 161.32, -19.50, 4.921, 161.25, -19.59, 0.010, 52.81, -53.05);
insert into SHOT values (4254, 3759, 3763, 75, 4.920, 161.28, -19.54, 4.921, 161.25, -19.59, 0.005, 54.33, -62.22);
insert into SHOT values (4255, 3763, 3764, 75, 0.540, 68.53, 3.56, 0.536, 69.19, 3.21, 0.008, 192.11, -25.41);
insert into SHOT values (4256, 3763, 3765, 75, 3.160, 148.95, -77.60, 3.163, 148.89, -77.63, 0.004, 0.28, -70.20);
insert into SHOT values (4257, 3763, 3766, 75, 1.290, 72.20, 63.22, 1.287, 71.88, 63.29, 0.004, 304.27, -21.68);
insert into SHOT values (4258, 3763, 3767, 75, 2.860, 149.99, -38.94, 2.863, 150.10, -38.95, 0.005, 215.04, -28.66);
insert into SHOT values (4259, 3763, 3768, 75, 2.500, 150.79, -20.52, 2.508, 151.14, -21.03, 0.028, 243.25, -59.16);
insert into SHOT values (4260, 3763, 3768, 75, 2.500, 151.40, -21.33, 2.508, 151.14, -21.03, 0.019, 109.49, 30.03);
insert into SHOT values (4261, 3763, 3768, 75, 2.500, 151.06, -21.02, 2.508, 151.14, -21.03, 0.008, 174.36, -22.70);
insert into SHOT values (4262, 3768, 3769, 75, 2.490, 106.11, -4.12, 2.485, 106.17, -4.15, 0.006, 261.94, -10.27);
insert into SHOT values (4263, 3768, 3770, 75, 0.860, 77.00, 11.49, 0.859, 76.95, 11.42, 0.002, 289.78, -46.60);
insert into SHOT values (4264, 3768, 3771, 75, 0.570, 3.65, -18.51, 0.570, 3.18, -18.41, 0.005, 277.54, 12.15);
insert into SHOT values (4265, 3768, 3772, 75, 0.880, 26.87, -51.21, 0.880, 26.57, -50.58, 0.010, 5.79, 35.56);
insert into SHOT values (4266, 3768, 3772, 75, 0.880, 26.87, -50.42, 0.880, 26.57, -50.58, 0.004, 267.31, -27.13);
insert into SHOT values (4267, 3768, 3772, 75, 0.880, 26.59, -50.47, 0.880, 26.57, -50.58, 0.002, 219.21, -48.59);
insert into SHOT values (4268, 3772, 3773, 75, 0.780, 212.61, -19.80, 0.782, 212.83, -19.41, 0.006, 248.13, 41.03);
insert into SHOT values (4269, 3772, 3774, 75, 12.170, 304.28, -78.45, 12.167, 304.15, -78.43, 0.008, 249.52, 26.97);
insert into SHOT values (4270, 3772, 3775, 75, 12.230, 303.89, -78.44, 12.229, 303.88, -78.41, 0.007, 301.66, 16.40);
insert into SHOT values (4271, 3772, 3776, 75, 12.230, 303.91, -78.55, 12.225, 303.95, -78.51, 0.010, 317.28, 41.16);
insert into SHOT values (4272, 3772, 3777, 75, 14.380, 302.14, -77.63, 14.383, 301.99, -77.65, 0.010, 189.98, -23.21);
insert into SHOT values (4273, 3772, 3777, 75, 14.380, 301.91, -77.65, 14.383, 301.99, -77.65, 0.005, 11.22, -32.47);
insert into SHOT values (4274, 3772, 3777, 75, 14.380, 302.09, -77.67, 14.383, 301.99, -77.65, 0.009, 261.04, -11.20);
insert into SHOT values (4275, 3777, 3778, 75, 1.030, 282.38, 8.76, 1.027, 282.53, 8.97, 0.006, 67.92, 33.96);
insert into SHOT values (4276, 3777, 3779, 75, 1.130, 229.44, 14.10, 1.128, 229.46, 14.38, 0.006, 44.86, 51.71);
insert into SHOT values (4277, 3777, 3780, 75, 4.770, 170.69, 4.22, 4.766, 170.68, 4.33, 0.010, 5.45, 63.80);
insert into SHOT values (4278, 3777, 3781, 75, 2.610, 181.97, 1.44, 2.602, 181.98, 1.54, 0.009, 357.70, 30.00);
insert into SHOT values (4279, 3777, 3782, 75, 1.330, 153.14, 66.53, 1.329, 152.95, 66.61, 0.003, 14.85, 0.71);
insert into SHOT values (4280, 3777, 3783, 75, 4.910, 81.52, 82.96, 4.918, 81.47, 82.91, 0.009, 75.30, 54.74);
insert into SHOT values (4281, 3777, 3784, 75, 2.550, 331.40, 79.92, 2.560, 332.30, 79.84, 0.013, 24.10, 46.36);
insert into SHOT values (4282, 3777, 3785, 75, 6.000, 159.68, -3.45, 5.994, 159.66, -3.44, 0.007, 1.77, 9.43);
insert into SHOT values (4283, 3777, 3786, 75, 1.020, 255.28, 6.05, 1.017, 255.69, 6.21, 0.008, 7.57, 17.74);
insert into SHOT values (4284, 3777, 3787, 75, 1.100, 171.27, -59.37, 1.093, 170.71, -59.34, 0.009, 51.35, 45.90);
insert into SHOT values (4285, 3777, 3788, 75, 8.280, 168.25, -56.94, 8.271, 168.24, -56.92, 0.010, 4.47, 76.70);
insert into SHOT values (4286, 3777, 3789, 75, 12.640, 190.55, -65.37, 12.640, 190.50, -65.37, 0.005, 105.44, -0.15);
insert into SHOT values (4287, 3777, 3790, 75, 26.030, 247.88, -72.54, 26.031, 247.90, -72.53, 0.005, 280.06, 8.29);
insert into SHOT values (4288, 3777, 3791, 75, 8.660, 267.39, -67.15, 8.661, 267.26, -67.29, 0.023, 109.52, -25.04);
insert into SHOT values (4289, 3777, 3791, 75, 8.670, 267.30, -67.34, 8.661, 267.26, -67.29, 0.012, 232.73, 67.80);
insert into SHOT values (4290, 3777, 3791, 75, 8.670, 266.95, -67.37, 8.661, 267.26, -67.29, 0.023, 333.58, 32.58);
insert into SHOT values (4291, 3791, 3792, 75, 5.740, 157.12, -12.41, 5.735, 157.10, -12.38, 0.006, 4.97, 36.34);
insert into SHOT values (4292, 3791, 3793, 75, 1.700, 120.12, -15.31, 1.700, 120.00, -15.35, 0.003, 31.57, -18.93);
insert into SHOT values (4293, 3791, 3794, 75, 5.260, 143.39, -19.93, 5.260, 143.38, -19.90, 0.003, 121.27, 68.83);
insert into SHOT values (4294, 3791, 3795, 75, 0.640, 180.46, -23.29, 0.641, 180.97, -22.96, 0.006, 247.67, 28.09);
insert into SHOT values (4295, 3791, 3796, 75, 2.740, 345.73, -8.37, 2.743, 345.71, -8.38, 0.004, 327.42, -18.95);
insert into SHOT values (4296, 3791, 3797, 75, 5.650, 324.56, -57.29, 5.648, 324.59, -57.25, 0.005, 8.90, 57.73);
insert into SHOT values (4297, 3791, 3798, 75, 17.630, 215.17, -74.51, 17.618, 215.21, -74.53, 0.013, 13.19, 46.47);
insert into SHOT values (4298, 3791, 3798, 75, 17.620, 215.13, -74.56, 17.618, 215.21, -74.53, 0.012, 251.80, 20.02);
insert into SHOT values (4299, 3791, 3798, 75, 17.610, 215.19, -74.55, 17.618, 215.21, -74.53, 0.011, 226.76, -35.61);
insert into SHOT values (4300, 3798, 3799, 75, 2.470, 28.77, -5.16, 2.476, 28.85, -5.10, 0.007, 58.60, 16.92);
insert into SHOT values (4301, 3798, 3800, 75, 3.150, 350.02, 4.24, 3.155, 350.12, 4.18, 0.008, 35.65, -20.91);
insert into SHOT values (4302, 3798, 3801, 75, 6.970, 340.70, 35.90, 6.971, 340.76, 35.92, 0.007, 77.85, 25.63);
insert into SHOT values (4303, 3798, 3802, 75, 1.940, 288.56, 9.35, 1.935, 288.62, 9.22, 0.007, 81.39, -47.66);
insert into SHOT values (4304, 3798, 3803, 75, 1.410, 21.87, -58.91, 1.414, 21.66, -58.84, 0.005, 344.17, -29.58);
insert into SHOT values (4305, 3798, 3804, 75, 1.480, 25.55, -70.27, 1.487, 26.05, -70.31, 0.008, 99.70, -56.39);
insert into SHOT values (4306, 3798, 3805, 75, 1.440, 206.67, -23.66, 1.441, 206.57, -23.73, 0.003, 124.21, -40.96);
insert into SHOT values (4307, 3798, 3806, 75, 6.850, 115.21, 71.47, 6.846, 115.27, 71.44, 0.006, 171.56, -60.22);
insert into SURVEY values (77, 62, '20181013_jure_dibi_spela_bazen', '20181013_jure_dibi_spela_bazen.2018.brezno_na_toscu', NULL);
 insert into CENTRELINE values (78, 77, NULL, NULL, NULL, 0.00, 0.00, 0.00);
 insert into CENTRELINE values (79, 77, NULL, '2018-10-13', '2018-10-13', 945.02, 0.00, 0.00);
 insert into SHOT values (4308, 3807, 3808, 79, 0.000, 0.00, 0.00, 0.000, 90.00, 0.00, 0.000, 90.00, 0.00);
insert into SHOT values (4309, 3808, 3809, 79, 6.820, 132.16, 9.23, 6.820, 132.17, 9.20, 0.004, 180.97, -66.98);
insert into SHOT values (4310, 3808, 3810, 79, 0.580, 176.14, -5.11, 0.584, 176.05, -4.92, 0.004, 162.93, 23.69);
insert into SHOT values (4311, 3808, 3811, 79, 1.140, 124.27, -74.94, 1.141, 124.22, -74.63, 0.006, 121.59, 7.86);
insert into SHOT values (4312, 3808, 3812, 79, 5.110, 244.52, 2.85, 5.101, 244.54, 2.81, 0.010, 52.49, -23.97);
insert into SHOT values (4313, 3808, 3813, 79, 7.740, 262.27, 46.20, 7.737, 262.26, 46.26, 0.009, 86.17, 22.75);
insert into SHOT values (4314, 3808, 3814, 79, 3.010, 182.15, -65.13, 2.998, 181.82, -65.13, 0.014, 56.29, 50.35);
insert into SHOT values (4315, 3808, 3814, 79, 3.000, 182.00, -64.96, 2.998, 181.82, -65.13, 0.010, 25.66, -11.14);
insert into SHOT values (4316, 3808, 3814, 79, 3.000, 182.26, -65.04, 2.998, 181.82, -65.13, 0.011, 63.39, -0.99);
insert into SHOT values (4317, 3814, 3815, 79, 1.900, 280.02, -9.15, 1.903, 279.81, -9.38, 0.011, 203.61, -48.48);
insert into SHOT values (4318, 3814, 3816, 79, 1.180, 250.61, -40.94, 1.185, 250.35, -41.17, 0.008, 168.75, -58.55);
insert into SHOT values (4319, 3814, 3817, 79, 0.510, 228.55, 24.57, 0.513, 228.47, 24.19, 0.004, 218.39, -28.57);
insert into SHOT values (4320, 3814, 3818, 79, 0.910, 203.74, 65.36, 0.906, 204.57, 64.86, 0.011, 249.53, -42.65);
insert into SHOT values (4321, 3814, 3819, 79, 1.440, 178.14, 64.12, 1.436, 178.18, 63.96, 0.006, 192.63, -71.82);
insert into SHOT values (4322, 3814, 3820, 79, 0.600, 105.21, 72.52, 0.597, 106.39, 72.73, 0.005, 235.21, -25.71);
insert into SHOT values (4323, 3814, 3821, 79, 0.710, 17.71, 42.47, 0.704, 18.08, 42.96, 0.009, 175.60, 3.88);
insert into SHOT values (4324, 3814, 3822, 79, 2.800, 36.66, 70.75, 2.796, 36.62, 70.75, 0.004, 245.60, -69.55);
insert into SHOT values (4325, 3814, 3823, 79, 3.510, 175.41, -41.90, 3.518, 175.40, -41.91, 0.008, 170.94, -44.94);
insert into SHOT values (4326, 3814, 3824, 79, 1.770, 195.38, -45.35, 1.771, 195.38, -45.35, 0.001, 188.11, -51.17);
insert into SHOT values (4327, 3814, 3825, 79, 2.400, 172.49, -8.23, 2.406, 172.52, -8.36, 0.008, 185.03, -51.59);
insert into SHOT values (4328, 3814, 3826, 79, 1.480, 179.16, 9.83, 1.481, 179.22, 9.72, 0.004, 216.18, -48.86);
insert into SHOT values (4329, 3814, 3827, 79, 2.470, 162.84, -21.34, 2.473, 163.06, -21.59, 0.014, 258.65, -51.24);
insert into SHOT values (4330, 3814, 3827, 79, 2.470, 162.87, -21.48, 2.473, 163.06, -21.59, 0.010, 243.30, -35.33);
insert into SHOT values (4331, 3814, 3827, 79, 2.470, 163.03, -21.59, 2.473, 163.06, -21.59, 0.004, 185.92, -18.87);
insert into SHOT values (4332, 3827, 3828, 79, 0.540, 244.64, 5.04, 0.535, 244.40, 5.37, 0.007, 86.33, 22.81);
insert into SHOT values (4333, 3827, 3829, 79, 1.300, 220.60, 70.12, 1.309, 220.46, 70.03, 0.009, 208.01, 56.59);
insert into SHOT values (4334, 3827, 3830, 79, 2.110, 204.13, 81.69, 2.112, 203.20, 81.71, 0.005, 109.91, 23.45);
insert into SHOT values (4335, 3827, 3831, 79, 2.320, 97.27, 84.48, 2.321, 97.77, 84.51, 0.002, 218.00, 18.77);
insert into SHOT values (4336, 3827, 3832, 79, 2.230, 21.03, 81.79, 2.233, 21.80, 81.68, 0.007, 64.23, 24.19);
insert into SHOT values (4337, 3827, 3833, 79, 4.030, 149.75, 57.33, 4.038, 149.67, 57.35, 0.009, 101.31, 61.13);
insert into SHOT values (4338, 3827, 3834, 79, 4.460, 161.02, 32.04, 4.466, 161.04, 32.05, 0.006, 175.44, 38.56);
insert into SHOT values (4339, 3827, 3835, 79, 4.650, 165.99, -26.63, 4.655, 165.96, -26.54, 0.009, 151.92, 28.48);
insert into SHOT values (4340, 3827, 3836, 79, 0.350, 10.04, 34.79, 0.348, 10.12, 35.11, 0.003, 182.09, 5.65);
insert into SHOT values (4341, 3827, 3837, 79, 1.580, 333.92, -49.20, 1.576, 334.18, -49.04, 0.008, 54.97, 52.00);
insert into SHOT values (4342, 3827, 3838, 79, 1.390, 328.79, 6.73, 1.388, 328.96, 7.04, 0.009, 96.87, 53.07);
insert into SHOT values (4343, 3827, 3839, 79, 2.390, 328.82, 38.33, 2.392, 328.77, 38.53, 0.009, 170.68, 62.32);
insert into SHOT values (4344, 3827, 3840, 79, 1.770, 236.74, 87.45, 1.772, 230.19, 87.47, 0.009, 139.34, 11.05);
insert into SHOT values (4345, 3827, 3841, 79, 11.130, 180.79, -57.32, 11.132, 180.76, -57.32, 0.004, 108.68, -32.02);
insert into SHOT values (4346, 3827, 3842, 79, 4.510, 166.60, -31.27, 4.511, 166.50, -31.25, 0.007, 90.94, 8.66);
insert into SHOT values (4347, 3827, 3843, 79, 1.590, 202.23, -60.11, 1.594, 202.07, -59.95, 0.007, 182.03, -12.88);
insert into SHOT values (4348, 3827, 3844, 79, 1.600, 172.99, -70.98, 1.599, 172.33, -70.84, 0.007, 111.14, 21.21);
insert into SHOT values (4349, 3827, 3845, 79, 3.050, 163.49, 16.69, 3.053, 163.49, 16.95, 0.014, 347.07, 85.58);
insert into SHOT values (4350, 3827, 3845, 79, 3.050, 163.66, 17.10, 3.053, 163.49, 16.95, 0.012, 104.66, -33.81);
insert into SHOT values (4351, 3827, 3845, 79, 3.050, 163.49, 17.03, 3.053, 163.49, 16.95, 0.005, 162.56, -38.05);
insert into SHOT values (4352, 3845, 3846, 79, 3.280, 192.41, -2.13, 3.280, 192.51, -2.10, 0.006, 281.60, 18.47);
insert into SHOT values (4353, 3845, 3847, 79, 2.400, 194.25, 32.52, 2.399, 194.31, 32.53, 0.002, 307.37, -5.50);
insert into SHOT values (4354, 3845, 3848, 79, 2.950, 4.71, 40.41, 2.949, 4.59, 40.36, 0.005, 287.27, -26.76);
insert into SHOT values (4355, 3845, 3849, 79, 3.170, 355.69, 14.88, 3.167, 355.69, 15.01, 0.008, 177.21, 49.78);
insert into SHOT values (4356, 3845, 3850, 79, 2.690, 351.95, -8.83, 2.687, 351.99, -8.78, 0.004, 130.75, 44.74);
insert into SHOT values (4357, 3845, 3851, 79, 0.240, 124.26, 38.34, 0.239, 126.25, 38.88, 0.007, 234.17, 9.25);
insert into SHOT values (4358, 3845, 3852, 79, 2.860, 118.77, 75.45, 2.862, 119.05, 75.42, 0.005, 177.40, 22.35);
insert into SHOT values (4359, 3845, 3853, 79, 1.700, 286.90, 63.33, 1.700, 286.77, 63.36, 0.002, 177.05, 25.50);
insert into SHOT values (4360, 3845, 3854, 79, 10.370, 280.05, -72.36, 10.370, 280.06, -72.32, 0.006, 285.70, 21.88);
insert into SHOT values (4361, 3845, 3855, 79, 10.210, 238.80, -75.18, 10.211, 238.92, -75.16, 0.007, 294.78, 2.99);
insert into SHOT values (4362, 3845, 3856, 79, 8.120, 245.65, -59.15, 8.118, 245.59, -59.16, 0.005, 132.63, 13.39);
insert into SHOT values (4363, 3845, 3857, 79, 7.720, 207.66, -50.44, 7.721, 207.61, -50.41, 0.006, 154.26, 17.48);
insert into SHOT values (4364, 3845, 3858, 79, 10.610, 214.50, -68.97, 10.613, 214.02, -68.88, 0.036, 152.74, 5.20);
insert into SHOT values (4365, 3845, 3858, 79, 10.610, 214.58, -68.94, 10.613, 214.02, -68.88, 0.039, 142.29, 1.91);
insert into SHOT values (4366, 3845, 3858, 79, 10.610, 212.89, -68.77, 10.613, 214.02, -68.88, 0.078, 316.31, -7.37);
insert into SHOT values (4367, 3858, 3859, 79, 5.220, 134.95, -5.09, 5.218, 134.92, -5.06, 0.005, 4.31, 43.04);
insert into SHOT values (4368, 3858, 3860, 79, 4.010, 134.10, 70.88, 4.012, 133.77, 70.86, 0.008, 59.04, 8.74);
insert into SHOT values (4369, 3858, 3861, 79, 6.760, 139.94, 80.93, 6.764, 139.57, 80.95, 0.008, 36.49, 32.91);
insert into SHOT values (4370, 3858, 3862, 79, 9.900, 135.36, 87.24, 9.902, 135.00, 87.22, 0.005, 99.07, 16.21);
insert into SHOT values (4371, 3858, 3863, 79, 10.050, 30.41, 89.07, 10.051, 32.74, 89.05, 0.008, 95.22, 10.06);
insert into SHOT values (4372, 3858, 3864, 79, 11.360, 16.60, 74.93, 11.361, 16.72, 74.92, 0.006, 94.52, 6.27);
insert into SHOT values (4373, 3858, 3865, 79, 7.690, 2.85, 56.93, 7.694, 2.87, 56.96, 0.006, 125.19, 73.83);
insert into SHOT values (4374, 3858, 3866, 79, 7.670, 20.32, 45.30, 7.678, 20.38, 45.33, 0.010, 83.79, 51.31);
insert into SHOT values (4375, 3858, 3867, 79, 6.300, 356.86, 37.64, 6.300, 356.90, 37.67, 0.004, 110.97, 36.67);
insert into SHOT values (4376, 3858, 3868, 79, 4.940, 349.07, 18.70, 4.946, 349.17, 18.75, 0.011, 51.90, 33.91);
insert into SHOT values (4377, 3858, 3869, 79, 4.930, 351.39, -1.79, 4.927, 351.47, -1.74, 0.009, 104.99, 26.62);
insert into SHOT values (4378, 3858, 3870, 79, 5.360, 4.73, -3.05, 5.365, 4.71, -2.99, 0.008, 346.84, 40.97);
insert into SHOT values (4379, 3858, 3871, 79, 5.070, 23.73, -4.35, 5.074, 23.78, -4.30, 0.007, 69.99, 37.52);
insert into SHOT values (4380, 3858, 3872, 79, 3.940, 51.66, -2.30, 3.940, 51.70, -2.18, 0.009, 134.23, 69.49);
insert into SHOT values (4381, 3858, 3873, 79, 2.890, 76.12, -2.81, 2.897, 76.20, -2.77, 0.008, 107.49, 11.66);
insert into SHOT values (4382, 3858, 3874, 79, 1.850, 98.09, -0.35, 1.848, 98.09, -0.31, 0.002, 282.43, 39.25);
insert into SHOT values (4383, 3858, 3875, 79, 0.460, 91.74, -37.62, 0.464, 91.55, -37.11, 0.006, 79.63, 7.65);
insert into SHOT values (4384, 3858, 3876, 79, 0.920, 266.21, 11.96, 0.912, 266.14, 12.02, 0.008, 93.61, -4.60);
insert into SHOT values (4385, 3858, 3877, 79, 0.970, 246.37, 15.80, 0.966, 246.48, 16.24, 0.009, 51.07, 41.97);
insert into SHOT values (4386, 3858, 3878, 79, 1.840, 284.11, 14.23, 1.843, 284.27, 14.45, 0.009, 357.05, 55.93);
insert into SHOT values (4387, 3858, 3879, 79, 4.540, 134.01, -6.27, 4.530, 134.19, -6.08, 0.023, 253.86, 44.05);
insert into SHOT values (4388, 3858, 3879, 79, 4.520, 134.14, -6.19, 4.530, 134.19, -6.08, 0.014, 153.88, 32.08);
insert into SHOT values (4389, 3858, 3879, 79, 4.520, 134.54, -5.96, 4.530, 134.19, -6.08, 0.031, 62.81, -20.24);
insert into SHOT values (4390, 3879, 3880, 79, 0.890, 63.38, 9.45, 0.889, 62.85, 9.71, 0.009, 323.75, 25.23);
insert into SHOT values (4391, 3879, 3881, 79, 0.590, 119.95, 61.96, 0.590, 120.26, 61.88, 0.002, 191.59, -25.46);
insert into SHOT values (4392, 3879, 3882, 79, 1.430, 208.56, 53.33, 1.433, 208.66, 53.38, 0.003, 272.86, 60.27);
insert into SHOT values (4393, 3879, 3883, 79, 0.630, 249.61, -6.16, 0.634, 249.55, -6.34, 0.004, 238.46, -35.32);
insert into SHOT values (4394, 3879, 3884, 79, 1.260, 160.26, -26.30, 1.258, 160.28, -26.44, 0.004, 334.61, -26.08);
insert into SHOT values (4395, 3879, 3885, 79, 1.940, 171.75, 1.68, 1.941, 171.70, 1.77, 0.004, 117.34, 57.86);
insert into SHOT values (4396, 3879, 3886, 79, 4.330, 175.40, 16.99, 4.331, 175.43, 16.92, 0.006, 222.25, -59.17);
insert into SHOT values (4397, 3879, 3887, 79, 3.450, 178.21, 39.47, 3.446, 178.28, 39.45, 0.005, 301.49, -39.43);
insert into SHOT values (4398, 3879, 3888, 79, 0.860, 190.81, 41.18, 0.858, 190.78, 41.63, 0.007, 13.58, 32.22);
insert into SHOT values (4399, 3879, 3889, 79, 1.210, 196.79, -5.78, 1.208, 196.93, -5.70, 0.004, 318.32, 28.76);
insert into SHOT values (4400, 3879, 3890, 79, 2.670, 188.33, -19.41, 2.670, 188.45, -19.47, 0.006, 288.02, -26.33);
insert into SHOT values (4401, 3879, 3891, 79, 3.020, 170.12, 14.44, 3.018, 170.15, 14.39, 0.004, 303.92, -54.63);
insert into SHOT values (4402, 3879, 3891, 79, 3.020, 170.15, 14.36, 3.018, 170.15, 14.39, 0.003, 349.03, 21.28);
insert into SHOT values (4403, 3879, 3891, 79, 3.020, 170.21, 14.47, 3.018, 170.15, 14.39, 0.006, 59.77, -55.16);
insert into SHOT values (4404, 3891, 3892, 79, 1.120, 231.79, -6.77, 1.126, 231.90, -6.63, 0.007, 251.34, 17.51);
insert into SHOT values (4405, 3891, 3893, 79, 0.700, 225.92, 55.22, 0.706, 226.01, 55.20, 0.006, 234.84, 52.64);
insert into SHOT values (4406, 3891, 3894, 79, 2.190, 177.26, 82.60, 2.188, 177.95, 82.64, 0.004, 296.54, -24.32);
insert into SHOT values (4407, 3891, 3895, 79, 2.370, 148.36, -75.99, 2.371, 148.52, -75.97, 0.002, 212.74, -15.38);
insert into SHOT values (4408, 3891, 3896, 79, 3.840, 156.18, -20.86, 3.839, 156.15, -20.91, 0.004, 17.07, -43.56);
insert into SHOT values (4409, 3891, 3897, 79, 4.380, 157.96, 15.58, 4.379, 158.00, 15.63, 0.005, 282.99, 47.49);
insert into SHOT values (4410, 3891, 3898, 79, 2.340, 328.66, -52.53, 2.344, 328.76, -52.51, 0.005, 5.48, -33.84);
insert into SHOT values (4411, 3891, 3899, 79, 3.030, 346.03, -28.19, 3.029, 345.91, -28.17, 0.006, 253.05, 13.87);
insert into SHOT values (4412, 3891, 3900, 79, 2.360, 343.60, 6.77, 2.361, 343.65, 6.81, 0.003, 42.94, 36.03);
insert into SHOT values (4413, 3891, 3901, 79, 1.720, 341.11, 48.21, 1.721, 341.25, 48.04, 0.006, 11.16, -23.26);
insert into SHOT values (4414, 3891, 3902, 79, 1.750, 8.99, -8.55, 1.751, 8.97, -8.54, 0.001, 329.33, 12.13);
insert into SHOT values (4415, 3891, 3903, 79, 0.900, 319.81, -13.39, 0.904, 319.61, -13.43, 0.005, 283.20, -17.11);
insert into SHOT values (4416, 3891, 3904, 79, 2.330, 334.61, -61.96, 2.325, 334.60, -61.87, 0.007, 323.88, 84.66);
insert into SHOT values (4417, 3891, 3905, 79, 2.220, 303.13, -65.26, 2.216, 303.18, -65.13, 0.007, 318.55, 64.57);
insert into SHOT values (4418, 3891, 3906, 79, 3.020, 145.05, -58.57, 3.022, 145.10, -58.63, 0.004, 290.19, -53.66);
insert into SHOT values (4419, 3891, 3907, 79, 4.790, 160.60, 2.91, 4.788, 160.58, 2.87, 0.004, 24.34, -52.62);
insert into SHOT values (4420, 3891, 3907, 79, 4.780, 160.58, 2.80, 4.788, 160.58, 2.87, 0.010, 160.52, 39.88);
insert into SHOT values (4421, 3891, 3907, 79, 4.780, 160.60, 2.89, 4.788, 160.58, 2.87, 0.008, 148.97, -6.86);
insert into SHOT values (4422, 3907, 3908, 79, 1.040, 231.43, -14.64, 1.037, 231.87, -14.52, 0.009, 335.98, 19.51);
insert into SHOT values (4423, 3907, 3909, 79, 1.570, 275.06, 12.40, 1.574, 275.23, 12.48, 0.006, 331.34, 27.86);
insert into SHOT values (4424, 3907, 3910, 79, 1.510, 283.46, 8.58, 1.519, 283.48, 8.71, 0.010, 287.25, 29.69);
insert into SHOT values (4425, 3907, 3911, 79, 0.390, 297.50, 56.89, 0.394, 297.76, 56.95, 0.004, 327.62, 59.87);
insert into SHOT values (4426, 3907, 3912, 79, 0.330, 46.50, -16.84, 0.324, 45.00, -16.13, 0.011, 285.84, 30.61);
insert into SHOT values (4427, 3907, 3913, 79, 3.000, 217.30, -79.93, 2.995, 217.97, -80.00, 0.008, 343.69, 26.55);
insert into SHOT values (4428, 3907, 3914, 79, 1.930, 183.42, -59.56, 1.924, 183.54, -59.65, 0.007, 344.61, 32.25);
insert into SHOT values (4429, 3907, 3915, 79, 2.270, 173.78, -30.79, 2.262, 173.79, -30.86, 0.009, 351.50, 12.99);
insert into SHOT values (4430, 3907, 3916, 79, 3.720, 167.33, -19.13, 3.712, 167.31, -19.19, 0.009, 354.47, -5.75);
insert into SHOT values (4431, 3907, 3917, 79, 6.140, 161.81, 14.65, 6.135, 161.84, 14.64, 0.006, 308.64, -27.14);
insert into SHOT values (4432, 3907, 3918, 79, 7.160, 161.54, 4.54, 7.160, 161.54, 4.57, 0.003, 350.23, 85.15);
insert into SHOT values (4433, 3907, 3919, 79, 1.910, 350.38, -2.61, 1.919, 350.39, -2.69, 0.009, 352.59, -18.79);
insert into SHOT values (4434, 3907, 3920, 79, 1.590, 330.12, -2.02, 1.596, 329.90, -2.15, 0.010, 284.80, -24.53);
insert into SHOT values (4435, 3907, 3921, 79, 4.340, 349.32, -41.63, 4.341, 349.17, -41.57, 0.010, 284.36, 19.02);
insert into SHOT values (4436, 3907, 3922, 79, 9.110, 162.17, -16.94, 9.101, 162.21, -16.93, 0.011, 306.21, 22.84);
insert into SHOT values (4437, 3907, 3923, 79, 8.940, 161.79, -10.50, 8.940, 161.90, -10.70, 0.035, 270.20, -61.15);
insert into SHOT values (4438, 3907, 3923, 79, 8.960, 161.89, -10.71, 8.940, 161.90, -10.70, 0.020, 339.55, 15.06);
insert into SHOT values (4439, 3907, 3923, 79, 8.950, 161.90, -10.78, 8.940, 161.90, -10.70, 0.016, 348.01, 62.96);
insert into SHOT values (4440, 3923, 3924, 79, 0.360, 74.34, 11.76, 0.361, 75.17, 12.81, 0.008, 172.91, 52.02);
insert into SHOT values (4441, 3923, 3925, 79, 3.460, 203.99, 88.00, 3.462, 204.44, 88.00, 0.002, 289.55, 65.51);
insert into SHOT values (4442, 3923, 3926, 79, 0.240, 273.38, 60.07, 0.242, 270.00, 60.26, 0.007, 183.75, 15.84);
insert into SHOT values (4443, 3923, 3927, 79, 1.860, 129.66, -75.35, 1.852, 129.04, -75.10, 0.012, 88.28, 50.51);
insert into SHOT values (4444, 3923, 3928, 79, 3.460, 155.29, -31.28, 3.461, 155.25, -31.15, 0.008, 133.73, 50.49);
insert into SHOT values (4445, 3923, 3929, 79, 3.300, 156.09, -1.77, 3.305, 156.07, -1.73, 0.006, 145.85, 19.00);
insert into SHOT values (4446, 3923, 3930, 79, 1.960, 328.55, -48.59, 1.954, 328.65, -48.78, 0.009, 132.97, -0.06);
insert into SHOT values (4447, 3923, 3931, 79, 3.640, 163.96, 33.70, 3.641, 163.90, 33.70, 0.003, 82.68, 6.37);
insert into SHOT values (4448, 3923, 3932, 79, 2.790, 154.27, 2.54, 2.789, 154.26, 2.67, 0.006, 357.78, 81.92);
insert into SHOT values (4449, 3923, 3933, 79, 3.180, 163.28, 24.58, 3.194, 163.19, 24.61, 0.015, 142.39, 28.80);
insert into SHOT values (4450, 3923, 3933, 79, 3.190, 163.09, 24.61, 3.194, 163.19, 24.61, 0.006, 214.78, 13.91);
insert into SHOT values (4451, 3923, 3933, 79, 3.190, 163.19, 24.54, 3.194, 163.19, 24.61, 0.006, 159.85, 65.86);
insert into SHOT values (4452, 3933, 3934, 79, 0.270, 269.35, 6.10, 0.272, 270.00, 6.34, 0.004, 333.09, 20.96);
insert into SHOT values (4453, 3933, 3935, 79, 0.270, 72.15, 56.40, 0.266, 70.35, 55.95, 0.007, 332.11, -45.81);
insert into SHOT values (4454, 3933, 3936, 79, 2.390, 233.44, 69.59, 2.389, 233.82, 69.67, 0.006, 355.39, 0.37);
insert into SHOT values (4455, 3933, 3937, 79, 0.500, 250.18, -32.17, 0.502, 250.71, -32.50, 0.005, 332.36, -43.72);
insert into SHOT values (4456, 3933, 3938, 79, 1.030, 295.32, -88.71, 1.030, 296.57, -88.76, 0.001, 85.06, -15.15);
insert into SHOT values (4457, 3933, 3939, 79, 2.400, 38.35, -82.63, 2.400, 38.37, -82.67, 0.002, 215.31, 5.59);
insert into SHOT values (4458, 3933, 3940, 79, 4.450, 161.38, -42.93, 4.451, 161.40, -42.90, 0.003, 187.88, 21.36);
insert into SHOT values (4459, 3933, 3941, 79, 4.670, 176.80, -1.60, 4.669, 176.81, -1.47, 0.010, 327.00, 84.10);
insert into SHOT values (4460, 3933, 3941, 79, 4.670, 176.81, -1.43, 4.669, 176.81, -1.47, 0.004, 9.02, -68.99);
insert into SHOT values (4461, 3933, 3941, 79, 4.670, 176.79, -1.53, 4.669, 176.81, -1.47, 0.005, 305.69, 69.73);
insert into SHOT values (4462, 3941, 3942, 79, 1.420, 149.17, 7.09, 1.418, 149.25, 6.88, 0.006, 270.49, -67.57);
insert into SHOT values (4463, 3941, 3943, 79, 3.490, 246.82, 77.07, 3.489, 246.71, 77.02, 0.004, 219.04, -24.16);
insert into SHOT values (4464, 3941, 3944, 79, 0.520, 322.99, 14.85, 0.517, 323.13, 14.57, 0.004, 118.09, -48.40);
insert into SHOT values (4465, 3941, 3945, 79, 1.320, 270.30, 0.14, 1.320, 270.43, 0.00, 0.004, 359.59, -46.24);
insert into SHOT values (4466, 3941, 3946, 79, 2.340, 254.66, 1.09, 2.334, 254.59, 0.98, 0.008, 99.79, -35.55);
insert into SHOT values (4467, 3941, 3947, 79, 2.750, 244.59, 2.02, 2.748, 244.55, 1.88, 0.007, 106.73, -69.95);
insert into SHOT values (4468, 3941, 3948, 79, 1.790, 265.61, 75.25, 1.788, 266.19, 75.39, 0.007, 42.02, -8.75);
insert into SHOT values (4469, 3941, 3949, 79, 3.490, 242.30, 75.51, 3.490, 242.55, 75.60, 0.007, 28.09, 8.58);
insert into SHOT values (4470, 3941, 3950, 79, 4.120, 248.68, 47.75, 4.121, 248.62, 47.75, 0.003, 168.56, 5.94);
insert into SHOT values (4471, 3941, 3951, 79, 3.530, 77.41, -61.54, 3.535, 77.29, -61.61, 0.008, 332.17, -60.33);
insert into SHOT values (4472, 3941, 3952, 79, 3.350, 96.62, -66.19, 3.357, 96.34, -66.13, 0.010, 48.17, -30.02);
insert into SHOT values (4473, 3941, 3953, 79, 1.110, 18.81, -3.53, 1.112, 18.92, -3.61, 0.003, 65.36, -28.43);
insert into SHOT values (4474, 3941, 3954, 79, 3.380, 16.20, -35.39, 3.385, 16.20, -35.38, 0.005, 17.58, -31.30);
insert into SHOT values (4475, 3941, 3955, 79, 1.130, 348.42, 5.09, 1.126, 348.69, 5.09, 0.007, 113.92, -2.24);
insert into SHOT values (4476, 3941, 3956, 79, 3.190, 350.79, 37.22, 3.191, 350.95, 37.21, 0.007, 69.26, 3.60);
insert into SHOT values (4477, 3941, 3957, 79, 2.680, 336.10, 64.23, 2.678, 336.29, 64.13, 0.006, 23.37, -33.80);
insert into SHOT values (4478, 3941, 3958, 79, 1.230, 326.12, 62.06, 1.224, 326.31, 61.89, 0.007, 39.45, -73.24);
insert into SHOT values (4479, 3941, 3959, 79, 2.310, 252.82, 3.79, 2.305, 253.06, 3.73, 0.011, 11.01, -13.71);
insert into SHOT values (4480, 3941, 3959, 79, 2.310, 253.06, 3.89, 2.305, 253.06, 3.73, 0.008, 72.07, -53.77);
insert into SHOT values (4481, 3941, 3959, 79, 2.310, 253.00, 3.94, 2.305, 253.06, 3.73, 0.010, 45.46, -58.28);
insert into SHOT values (4482, 3959, 3960, 79, 0.260, 315.45, 40.03, 0.261, 315.00, 40.65, 0.003, 190.17, 55.49);
insert into SHOT values (4483, 3959, 3961, 79, 4.770, 310.12, 85.19, 4.777, 308.88, 85.22, 0.011, 208.16, 37.76);
insert into SHOT values (4484, 3959, 3962, 79, 4.030, 116.60, 82.47, 4.035, 117.05, 82.48, 0.006, 212.08, 48.74);
insert into SHOT values (4485, 3959, 3963, 79, 5.360, 278.01, 80.22, 5.357, 277.59, 80.24, 0.007, 166.92, -16.61);
insert into SHOT values (4486, 3959, 3964, 79, 0.590, 143.48, 46.04, 0.593, 143.97, 46.50, 0.007, 256.95, 54.20);
insert into SHOT values (4487, 3959, 3965, 79, 0.450, 148.19, 14.61, 0.452, 148.13, 15.40, 0.007, 84.55, 85.82);
insert into SHOT values (4488, 3959, 3966, 79, 2.930, 238.66, -57.91, 2.928, 238.66, -57.87, 0.002, 233.25, 73.80);
insert into SHOT values (4489, 3959, 3967, 79, 3.430, 252.66, -39.22, 3.435, 252.52, -39.18, 0.009, 203.38, -7.90);
insert into SHOT values (4490, 3959, 3968, 79, 3.060, 259.16, -0.32, 3.065, 259.09, -0.19, 0.010, 225.78, 47.54);
insert into SHOT values (4491, 3959, 3969, 79, 3.530, 269.21, -23.95, 3.533, 269.11, -23.88, 0.008, 217.52, 23.08);
insert into SHOT values (4492, 3959, 3970, 79, 2.840, 263.75, -10.41, 2.840, 263.84, -10.14, 0.014, 320.71, 68.11);
insert into SHOT values (4493, 3959, 3970, 79, 2.840, 263.81, -10.13, 2.840, 263.84, -10.14, 0.002, 338.50, -17.59);
insert into SHOT values (4494, 3959, 3970, 79, 2.840, 264.05, -9.99, 2.840, 263.84, -10.14, 0.013, 169.47, -35.59);
insert into SHOT values (4495, 3970, 3971, 79, 1.470, 222.18, -76.08, 1.473, 222.71, -76.10, 0.005, 308.89, -44.07);
insert into SHOT values (4496, 3970, 3972, 79, 1.180, 118.26, -5.25, 1.178, 118.53, -5.36, 0.007, 233.87, -18.16);
insert into SHOT values (4497, 3970, 3973, 79, 2.290, 133.78, 45.59, 2.295, 133.74, 45.61, 0.005, 112.49, 52.05);
insert into SHOT values (4498, 3970, 3974, 79, 0.680, 259.80, 87.59, 0.681, 251.57, 87.34, 0.005, 200.62, 6.51);
insert into SHOT values (4499, 3970, 3975, 79, 1.190, 195.42, -7.79, 1.192, 195.21, -7.71, 0.005, 134.43, 14.84);
insert into SHOT values (4500, 3970, 3976, 79, 2.930, 155.29, -2.11, 2.928, 155.36, -2.15, 0.005, 268.71, -28.04);
insert into SHOT values (4501, 3970, 3977, 79, 5.440, 144.79, -2.11, 5.436, 144.82, -2.11, 0.005, 291.03, 3.50);
insert into SHOT values (4502, 3970, 3978, 79, 5.260, 143.24, -20.23, 5.263, 143.32, -20.23, 0.007, 212.29, -9.32);
insert into SHOT values (4503, 3970, 3979, 79, 4.040, 80.53, -28.82, 4.040, 80.56, -28.86, 0.004, 209.83, -42.17);
insert into SHOT values (4504, 3970, 3980, 79, 4.420, 90.54, -44.86, 4.420, 90.55, -44.91, 0.004, 260.75, -37.25);
insert into SHOT values (4505, 3970, 3981, 79, 2.300, 93.75, -56.22, 2.301, 94.02, -56.11, 0.008, 148.32, 12.89);
insert into SHOT values (4506, 3970, 3982, 79, 4.350, 91.86, -53.94, 4.353, 92.01, -53.96, 0.008, 173.38, -26.48);
insert into SHOT values (4507, 3970, 3983, 79, 2.230, 112.90, -44.67, 2.232, 113.01, -44.71, 0.004, 197.52, -36.74);
insert into SHOT values (4508, 3970, 3984, 79, 0.960, 116.53, -2.21, 0.962, 116.57, -2.38, 0.004, 131.35, -52.35);
insert into SHOT values (4509, 3970, 3985, 79, 5.470, 85.18, 38.60, 5.469, 85.17, 38.58, 0.003, 14.14, -72.59);
insert into SHOT values (4510, 3970, 3986, 79, 1.350, 85.92, -64.56, 1.351, 86.05, -64.52, 0.002, 129.01, -24.25);
insert into SHOT values (4511, 3970, 3987, 79, 6.190, 143.21, -9.37, 6.183, 143.13, -9.40, 0.011, 12.13, -11.08);
insert into SHOT values (4512, 3970, 3987, 79, 6.180, 143.16, -9.40, 6.183, 143.13, -9.40, 0.004, 96.30, -8.42);
insert into SHOT values (4513, 3970, 3987, 79, 6.190, 142.97, -9.36, 6.183, 143.13, -9.40, 0.019, 257.03, -9.95);
insert into SHOT values (4514, 3987, 3988, 79, 3.840, 73.45, -85.97, 3.839, 74.93, -85.98, 0.007, 169.21, 4.13);
insert into SHOT values (4515, 3987, 3989, 79, 2.460, 141.25, -53.45, 2.460, 141.34, -53.22, 0.010, 157.95, 37.59);
insert into SHOT values (4516, 3987, 3990, 79, 0.380, 137.69, 34.59, 0.387, 138.81, 34.60, 0.010, 183.82, 26.22);
insert into SHOT values (4517, 3987, 3991, 79, 0.540, 101.61, 72.98, 0.546, 104.04, 72.40, 0.010, 147.72, 20.65);
insert into SHOT values (4518, 3987, 3992, 79, 3.040, 310.56, 43.87, 3.037, 310.54, 44.01, 0.008, 135.36, 24.26);
insert into SHOT values (4519, 3987, 3993, 79, 6.160, 318.37, 9.10, 6.156, 318.34, 9.16, 0.009, 173.78, 42.00);
insert into SHOT values (4520, 3987, 3994, 79, 1.680, 323.27, -11.62, 1.671, 323.20, -11.74, 0.010, 155.04, -9.38);
insert into SHOT values (4521, 3987, 3995, 79, 2.580, 324.41, -15.42, 2.572, 324.52, -15.33, 0.010, 108.78, 37.30);
insert into SHOT values (4522, 3987, 3996, 79, 1.650, 3.64, -73.15, 1.649, 3.65, -73.40, 0.007, 182.85, -6.54);
insert into SHOT values (4523, 3987, 3997, 79, 0.570, 58.26, -24.97, 0.569, 58.47, -24.93, 0.002, 163.06, 18.01);
insert into SHOT values (4524, 3987, 3998, 79, 0.860, 63.22, 58.31, 0.861, 64.00, 58.00, 0.008, 118.03, -13.21);
insert into SHOT values (4525, 3987, 3999, 79, 0.230, 255.20, 51.20, 0.232, 254.05, 51.03, 0.003, 191.75, 13.02);
insert into SHOT values (4526, 3987, 4000, 79, 0.800, 268.62, -46.64, 0.800, 267.92, -46.50, 0.007, 187.53, 13.53);
insert into SHOT values (4527, 3987, 4001, 79, 3.280, 136.51, -65.84, 3.269, 136.21, -65.73, 0.015, 57.02, 60.26);
insert into SHOT values (4528, 3987, 4001, 79, 3.270, 135.96, -65.88, 3.269, 136.21, -65.73, 0.010, 173.51, 25.43);
insert into SHOT values (4529, 3987, 4001, 79, 3.270, 136.38, -65.73, 3.269, 136.21, -65.73, 0.004, 42.22, 13.64);
insert into SHOT values (4530, 4001, 4002, 79, 2.140, 207.83, 75.79, 2.137, 208.01, 75.58, 0.009, 221.15, -32.04);
insert into SHOT values (4531, 4001, 4003, 79, 3.300, 203.40, 66.53, 3.295, 203.26, 66.44, 0.008, 152.68, -58.48);
insert into SHOT values (4532, 4001, 4004, 79, 2.540, 195.18, 29.16, 2.536, 195.16, 29.02, 0.008, 49.49, -82.02);
insert into SHOT values (4533, 4001, 4005, 79, 4.820, 197.00, 18.48, 4.826, 197.01, 18.36, 0.012, 202.50, -41.02);
insert into SHOT values (4534, 4001, 4006, 79, 3.570, 196.40, -6.19, 3.575, 196.34, -6.26, 0.008, 158.24, -42.03);
insert into SHOT values (4535, 4001, 4007, 79, 3.110, 196.66, -31.77, 3.117, 196.66, -31.74, 0.008, 195.87, -19.41);
insert into SHOT values (4536, 4001, 4008, 79, 2.230, 219.52, -54.92, 2.236, 219.63, -54.91, 0.007, 253.08, -47.57);
insert into SHOT values (4537, 4001, 4009, 79, 0.780, 252.32, 29.76, 0.782, 252.10, 29.09, 0.010, 228.10, -47.70);
insert into SHOT values (4538, 4001, 4010, 79, 1.730, 288.02, 61.59, 1.727, 287.77, 61.68, 0.006, 149.52, -17.08);
insert into SHOT values (4539, 4001, 4011, 79, 0.540, 58.98, 36.06, 0.530, 59.26, 35.76, 0.010, 219.60, -50.67);
insert into SHOT values (4540, 4001, 4012, 79, 2.720, 325.61, -10.33, 2.713, 325.54, -10.41, 0.009, 170.19, -15.18);
insert into SHOT values (4541, 4001, 4013, 79, 3.290, 330.75, 7.93, 3.286, 330.76, 7.87, 0.005, 144.41, -46.00);
insert into SHOT values (4542, 4001, 4014, 79, 2.540, 327.78, 32.14, 2.541, 327.71, 32.09, 0.004, 277.85, -20.73);
insert into SHOT values (4543, 4001, 4015, 79, 3.690, 327.33, 44.78, 3.686, 327.34, 44.86, 0.006, 141.49, 7.49);
insert into SHOT values (4544, 4001, 4016, 79, 6.040, 324.62, 59.18, 6.032, 324.61, 59.17, 0.008, 150.62, -63.34);
insert into SHOT values (4545, 4001, 4017, 79, 5.080, 325.39, 68.18, 5.073, 325.38, 68.20, 0.008, 148.64, -51.87);
insert into SHOT values (4546, 4001, 4018, 79, 0.980, 354.17, 67.06, 0.978, 353.99, 67.00, 0.003, 270.19, -64.31);
insert into SHOT values (4547, 4001, 4019, 79, 3.100, 181.68, -39.89, 3.103, 181.68, -39.89, 0.003, 186.19, -37.79);
insert into SHOT values (4548, 4001, 4020, 79, 2.140, 197.55, -20.86, 2.141, 197.44, -20.79, 0.005, 138.20, 24.25);
insert into SHOT values (4549, 4001, 4020, 79, 2.150, 197.29, -20.90, 2.141, 197.44, -20.79, 0.011, 338.62, 39.91);
insert into SHOT values (4550, 4001, 4020, 79, 2.130, 197.40, -20.74, 2.141, 197.44, -20.79, 0.012, 205.19, -29.36);
insert into SHOT values (4551, 4020, 4021, 79, 2.030, 109.31, -48.50, 2.039, 109.51, -48.63, 0.011, 173.92, -61.48);
insert into SHOT values (4552, 4020, 4022, 79, 3.470, 116.22, -29.73, 3.472, 116.22, -29.89, 0.010, 292.29, -69.36);
insert into SHOT values (4553, 4020, 4023, 79, 0.690, 176.29, -12.59, 0.691, 175.73, -13.40, 0.012, 72.73, -54.97);
insert into SHOT values (4554, 4020, 4024, 79, 0.960, 68.89, -18.31, 0.963, 68.78, -18.78, 0.009, 352.43, -78.13);
insert into SHOT values (4555, 4020, 4025, 79, 1.010, 197.56, -88.80, 1.010, 180.00, -88.87, 0.006, 88.51, -1.99);
insert into SHOT values (4556, 4020, 4026, 79, 5.220, 111.02, 68.17, 5.215, 111.14, 68.15, 0.007, 207.00, -53.48);
insert into SHOT values (4557, 4020, 4027, 79, 4.240, 193.56, 52.98, 4.235, 193.60, 52.95, 0.006, 319.93, -67.16);
insert into SHOT values (4558, 4020, 4028, 79, 1.760, 195.83, 37.05, 1.758, 195.72, 37.08, 0.003, 66.16, -6.92);
insert into SHOT values (4559, 4020, 4029, 79, 1.150, 2.37, -1.77, 1.152, 2.49, -1.99, 0.005, 58.16, -57.04);
insert into SHOT values (4560, 4020, 4030, 79, 1.240, 32.87, 1.46, 1.237, 32.79, 1.39, 0.003, 247.60, -27.99);
insert into SHOT values (4561, 4020, 4031, 79, 2.550, 21.71, 24.72, 2.547, 21.80, 24.60, 0.007, 122.53, -59.44);
insert into SHOT values (4562, 4020, 4032, 79, 4.430, 4.73, 49.85, 4.421, 4.83, 49.86, 0.010, 146.34, -37.22);
insert into SHOT values (4563, 4020, 4033, 79, 4.590, 112.54, -23.28, 4.599, 112.56, -23.31, 0.009, 123.16, -40.64);
insert into SHOT values (4564, 4020, 4034, 79, 2.820, 129.61, 33.81, 2.810, 129.62, 33.73, 0.011, 306.99, -54.97);
insert into SHOT values (4565, 4020, 4034, 79, 2.800, 129.69, 33.85, 2.810, 129.62, 33.73, 0.012, 114.95, 1.68);
insert into SHOT values (4566, 4020, 4034, 79, 2.810, 129.86, 34.10, 2.810, 129.62, 33.73, 0.021, 84.61, -47.84);
insert into SHOT values (4567, 4034, 4035, 79, 0.790, 48.05, 15.76, 0.789, 47.68, 16.20, 0.008, 287.79, 43.44);
insert into SHOT values (4568, 4034, 4036, 79, 0.220, 53.95, 68.64, 0.222, 56.31, 71.05, 0.010, 213.77, 30.70);
insert into SHOT values (4569, 4034, 4037, 79, 3.550, 322.68, -64.80, 3.548, 322.52, -64.78, 0.005, 240.45, 27.18);
insert into SHOT values (4570, 4034, 4038, 79, 1.170, 90.88, -21.28, 1.168, 91.05, -21.07, 0.006, 181.73, 54.83);
insert into SHOT values (4571, 4034, 4039, 79, 2.520, 113.87, 3.71, 2.513, 114.01, 3.88, 0.012, 256.07, 34.99);
insert into SHOT values (4572, 4034, 4040, 79, 3.330, 99.06, 21.32, 3.327, 99.10, 21.33, 0.004, 246.03, -10.77);
insert into SHOT values (4573, 4034, 4041, 79, 3.980, 98.39, 11.61, 3.973, 98.42, 11.62, 0.007, 260.40, -7.96);
insert into SHOT values (4574, 4034, 4042, 79, 3.290, 102.83, -5.64, 3.288, 102.89, -5.58, 0.005, 218.19, 41.49);
insert into SHOT values (4575, 4034, 4043, 79, 1.130, 94.75, 2.34, 1.126, 95.10, 2.55, 0.009, 218.53, 24.92);
insert into SHOT values (4576, 4034, 4044, 79, 3.290, 99.73, -5.10, 3.281, 99.87, -5.07, 0.012, 237.89, 11.97);
insert into SHOT values (4577, 4034, 4044, 79, 3.290, 99.88, -5.12, 3.281, 99.87, -5.07, 0.009, 285.30, 22.80);
insert into SHOT values (4578, 4034, 4044, 79, 3.290, 99.89, -5.06, 3.281, 99.87, -5.07, 0.009, 288.76, 1.12);
insert into SHOT values (4579, 4044, 4045, 79, 4.220, 18.64, -72.95, 4.215, 18.87, -72.94, 0.007, 118.21, 41.41);
insert into SHOT values (4580, 4044, 4046, 79, 3.130, 5.23, -76.45, 3.127, 5.48, -76.44, 0.004, 95.19, 42.28);
insert into SHOT values (4581, 4044, 4047, 79, 0.280, 343.21, 24.53, 0.277, 343.74, 25.64, 0.006, 137.21, 35.44);
insert into SHOT values (4582, 4044, 4048, 79, 1.100, 91.08, 33.13, 1.107, 91.23, 32.82, 0.009, 106.35, -7.27);
insert into SHOT values (4583, 4044, 4049, 79, 0.490, 12.94, 84.89, 0.492, 14.04, 85.19, 0.003, 174.89, 37.42);
insert into SHOT values (4584, 4044, 4050, 79, 1.900, 90.65, -23.40, 1.904, 90.65, -23.20, 0.008, 91.96, 35.67);
insert into SHOT values (4585, 4044, 4051, 79, 0.450, 65.03, -82.90, 0.453, 68.20, -83.18, 0.005, 186.91, -44.55);
insert into SHOT values (4586, 4044, 4052, 79, 2.360, 258.93, -66.19, 2.359, 259.05, -66.32, 0.006, 59.67, -8.43);
insert into SHOT values (4587, 4044, 4053, 79, 1.100, 83.58, -9.45, 1.101, 83.66, -9.41, 0.002, 127.48, 15.50);
insert into SHOT values (4588, 4044, 4053, 79, 1.100, 83.46, -9.50, 1.101, 83.66, -9.41, 0.004, 148.98, 20.45);
insert into SHOT values (4589, 4044, 4053, 79, 1.100, 83.47, -9.21, 1.101, 83.66, -9.41, 0.005, 160.62, -46.87);
insert into SHOT values (4590, 4053, 4054, 79, 4.200, 101.19, -80.06, 4.193, 101.15, -80.06, 0.007, 299.88, 78.67);
insert into SHOT values (4591, 4053, 4055, 79, 0.460, 196.17, 1.80, 0.459, 196.46, 2.50, 0.006, 308.97, 65.59);
insert into SHOT values (4592, 4053, 4056, 79, 1.940, 199.23, 70.93, 1.947, 199.29, 70.94, 0.007, 219.08, 73.12);
insert into SHOT values (4593, 4053, 4057, 79, 0.460, 206.02, 21.07, 0.462, 204.78, 21.59, 0.010, 117.17, 26.37);
insert into SHOT values (4594, 4053, 4057, 79, 0.460, 205.53, 22.01, 0.462, 204.78, 21.59, 0.007, 143.64, -20.46);
insert into SHOT values (4595, 4053, 4057, 79, 0.460, 205.20, 21.46, 0.462, 204.78, 21.59, 0.004, 139.13, 26.12);
insert into SHOT values (4596, 4057, 4058, 79, 3.870, 119.94, -6.33, 3.862, 119.84, -6.24, 0.012, 342.31, 33.26);
insert into SHOT values (4597, 4057, 4058, 79, 3.870, 119.82, -6.29, 3.862, 119.84, -6.24, 0.009, 291.32, 26.83);
insert into SHOT values (4598, 4057, 4058, 79, 3.870, 119.71, -6.27, 3.862, 119.84, -6.24, 0.012, 252.77, 12.81);
insert into SHOT values (4599, 4058, 4059, 79, 0.290, 172.22, 11.23, 0.287, 171.87, 10.02, 0.007, 39.25, -69.96);
insert into SHOT values (4600, 4058, 4060, 79, 0.670, 50.14, 5.16, 0.677, 50.41, 5.08, 0.008, 73.35, -1.82);
insert into SHOT values (4601, 4058, 4061, 79, 1.870, 133.54, 70.36, 1.869, 133.07, 70.31, 0.005, 55.94, -12.86);
insert into SHOT values (4602, 4058, 4062, 79, 4.320, 66.98, -80.21, 4.324, 66.90, -80.16, 0.006, 55.06, -31.24);
insert into SHOT values (4603, 4058, 4063, 79, 0.680, 58.02, 35.06, 0.687, 57.99, 34.57, 0.009, 56.50, -3.73);
insert into SHOT values (4604, 4058, 4064, 79, 0.230, 185.71, -7.19, 0.233, 184.97, -7.40, 0.004, 137.41, -16.89);
insert into SHOT values (4605, 4058, 4065, 79, 4.170, 109.28, -19.64, 4.176, 109.45, -19.59, 0.014, 167.80, 6.64);
insert into SHOT values (4606, 4058, 4065, 79, 4.170, 109.49, -19.59, 4.176, 109.45, -19.59, 0.007, 83.36, -15.84);
insert into SHOT values (4607, 4058, 4065, 79, 4.180, 109.54, -19.52, 4.176, 109.45, -19.59, 0.009, 339.67, -21.94);
insert into SHOT values (4608, 4065, 4066, 79, 3.270, 30.68, -88.04, 3.272, 30.96, -87.96, 0.005, 37.57, -21.68);
insert into SHOT values (4609, 4065, 4067, 79, 2.530, 32.31, -76.26, 2.533, 32.11, -76.25, 0.003, 330.75, -44.58);
insert into SHOT values (4610, 4065, 4068, 79, 0.730, 205.87, -47.59, 0.728, 205.51, -47.92, 0.006, 58.14, -10.12);
insert into SHOT values (4611, 4065, 4069, 79, 0.560, 223.43, 13.82, 0.553, 223.49, 13.59, 0.007, 38.02, -31.17);
insert into SHOT values (4612, 4065, 4070, 79, 3.600, 172.09, 49.79, 3.599, 172.08, 49.82, 0.002, 4.53, 20.11);
insert into SHOT values (4613, 4065, 4071, 79, 1.420, 147.10, -2.47, 1.419, 147.09, -2.42, 0.002, 332.85, 42.74);
insert into SHOT values (4614, 4065, 4072, 79, 4.530, 123.17, -53.83, 4.533, 123.10, -53.85, 0.005, 37.58, -41.45);
insert into SHOT values (4615, 4065, 4073, 79, 6.120, 126.29, -37.10, 6.123, 126.26, -37.06, 0.006, 99.59, 16.07);
insert into SHOT values (4616, 4065, 4074, 79, 6.750, 128.73, -25.66, 6.746, 128.79, -25.65, 0.008, 242.38, 22.26);
insert into SHOT values (4617, 4065, 4074, 79, 6.750, 128.82, -25.63, 6.746, 128.79, -25.65, 0.005, 342.52, -2.52);
insert into SHOT values (4618, 4065, 4074, 79, 6.750, 128.87, -25.65, 6.746, 128.79, -25.65, 0.009, 16.45, 11.95);
insert into SHOT values (4619, 4074, 4075, 79, 2.280, 134.18, 65.09, 2.273, 134.16, 64.97, 0.008, 119.53, -79.27);
insert into SHOT values (4620, 4074, 4076, 79, 1.160, 132.58, 51.42, 1.158, 132.22, 50.99, 0.010, 94.24, -42.77);
insert into SHOT values (4621, 4074, 4077, 79, 1.290, 100.98, -10.43, 1.295, 100.87, -10.68, 0.008, 70.12, -53.25);
insert into SHOT values (4622, 4074, 4078, 79, 0.850, 43.73, 60.38, 0.841, 44.03, 60.25, 0.010, 186.46, -68.06);
insert into SHOT values (4623, 4074, 4079, 79, 1.960, 278.12, 75.02, 1.956, 277.97, 75.04, 0.004, 135.26, -57.09);
insert into SHOT values (4624, 4074, 4080, 79, 2.630, 13.75, -86.42, 2.635, 14.04, -86.41, 0.005, 63.43, -78.11);
insert into SHOT values (4625, 4074, 4081, 79, 2.760, 137.95, -50.67, 2.768, 137.77, -50.63, 0.010, 97.31, -31.17);
insert into SHOT values (4626, 4074, 4081, 79, 2.770, 137.93, -50.54, 2.768, 137.77, -50.63, 0.007, 3.65, -11.33);
insert into SHOT values (4627, 4074, 4081, 79, 2.760, 137.96, -50.48, 2.768, 137.77, -50.63, 0.012, 41.56, -61.83);
insert into SHOT values (4628, 4081, 4082, 79, 1.600, 350.06, 11.42, 1.596, 350.06, 11.57, 0.006, 171.45, 33.50);
insert into SHOT values (4629, 4081, 4083, 79, 1.570, 311.37, 19.75, 1.566, 311.15, 19.78, 0.007, 189.37, -4.52);
insert into SHOT values (4630, 4081, 4084, 79, 2.350, 252.21, 21.75, 2.352, 252.15, 21.71, 0.004, 208.13, -12.89);
insert into SHOT values (4631, 4081, 4085, 79, 1.850, 183.83, 20.04, 1.858, 183.95, 20.15, 0.009, 213.56, 40.55);
insert into SHOT values (4632, 4081, 4086, 79, 2.110, 126.11, 18.23, 2.110, 126.07, 18.23, 0.001, 40.11, -3.06);
insert into SHOT values (4633, 4081, 4087, 79, 1.770, 161.37, 20.54, 1.769, 161.35, 20.51, 0.001, 39.12, -51.73);
insert into SHOT values (4634, 4081, 4088, 79, 2.820, 307.50, 84.73, 2.822, 305.54, 84.75, 0.009, 210.43, 12.17);
insert into SHOT values (4635, 4081, 4089, 79, 2.680, 228.83, 58.04, 2.688, 228.70, 58.01, 0.009, 199.18, 43.81);
insert into SHOT values (4636, 4081, 4090, 79, 2.240, 242.69, 43.69, 2.245, 242.49, 43.67, 0.007, 186.82, 21.37);
insert into SHOT values (4637, 4081, 4091, 79, 3.300, 142.79, 47.06, 3.303, 142.77, 47.11, 0.004, 50.83, 81.07);
insert into SHOT values (4638, 4081, 4092, 79, 6.250, 161.94, 55.29, 6.255, 162.02, 55.26, 0.008, 207.13, 17.05);
insert into SHOT values (4639, 4081, 4093, 79, 10.320, 176.24, 37.61, 10.323, 176.21, 37.61, 0.005, 120.28, 22.63);
insert into SHOT values (4640, 4081, 4094, 79, 2.510, 175.84, 58.58, 2.511, 175.63, 58.45, 0.007, 134.35, -15.39);
insert into SHOT values (4641, 4081, 4095, 79, 3.220, 147.60, 40.26, 3.227, 147.80, 40.37, 0.012, 231.59, 46.81);
insert into SHOT values (4642, 4081, 4095, 79, 3.220, 147.74, 40.42, 3.227, 147.80, 40.37, 0.007, 167.71, 17.08);
insert into SHOT values (4643, 4081, 4095, 79, 3.230, 147.58, 40.45, 3.227, 147.80, 40.37, 0.011, 236.40, -30.90);
insert into SHOT values (4644, 4095, 4096, 79, 1.670, 247.03, 20.89, 1.666, 246.90, 21.10, 0.008, 99.79, 34.36);
insert into SHOT values (4645, 4095, 4097, 79, 3.610, 223.28, 48.32, 3.611, 223.14, 48.39, 0.007, 112.55, 31.50);
insert into SHOT values (4646, 4095, 4098, 79, 7.220, 205.67, 27.71, 7.217, 205.60, 27.75, 0.009, 82.99, 16.88);
insert into SHOT values (4647, 4095, 4099, 79, 9.560, 200.54, 49.88, 9.560, 200.52, 49.87, 0.002, 131.18, -14.64);
insert into SHOT values (4648, 4095, 4100, 79, 7.130, 184.25, 23.04, 7.126, 184.20, 23.05, 0.007, 62.79, -4.03);
insert into SHOT values (4649, 4095, 4101, 79, 1.570, 189.06, 16.97, 1.567, 188.83, 17.07, 0.007, 65.80, 13.97);
insert into SHOT values (4650, 4095, 4102, 79, 4.240, 227.99, -56.96, 4.231, 227.99, -57.05, 0.011, 47.05, 22.48);
insert into SHOT values (4651, 4095, 4103, 79, 5.280, 209.29, -31.55, 5.275, 209.30, -31.55, 0.005, 16.95, 31.26);
insert into SHOT values (4652, 4095, 4104, 79, 1.610, 240.64, -43.31, 1.605, 240.80, -43.27, 0.006, 13.41, 44.08);
insert into SHOT values (4653, 4095, 4105, 79, 1.210, 167.07, -21.06, 1.213, 166.70, -21.27, 0.009, 85.74, -35.22);
insert into SHOT values (4654, 4095, 4106, 79, 8.890, 227.06, 78.36, 8.892, 227.04, 78.39, 0.005, 58.34, 37.98);
insert into SHOT values (4655, 4095, 4107, 79, 1.800, 262.42, 31.07, 1.793, 262.50, 31.24, 0.009, 67.86, 6.67);
insert into SHOT values (4656, 4095, 4108, 79, 1.400, 262.19, 8.93, 1.400, 262.10, 9.04, 0.003, 174.42, 52.31);
insert into SHOT values (4657, 4095, 4109, 79, 4.000, 188.94, 6.53, 3.993, 188.84, 6.47, 0.011, 52.67, -27.21);
insert into SHOT values (4658, 4095, 4110, 79, 4.560, 205.55, 20.16, 4.554, 205.67, 20.30, 0.015, 342.58, 33.78);
insert into SHOT values (4659, 4095, 4110, 79, 4.560, 205.64, 20.41, 4.554, 205.67, 20.30, 0.011, 346.56, -73.77);
insert into SHOT values (4660, 4095, 4110, 79, 4.560, 205.85, 20.36, 4.554, 205.67, 20.30, 0.016, 100.74, -24.50);
insert into SHOT values (4661, 4110, 4111, 79, 3.240, 205.38, 53.26, 3.242, 205.37, 53.32, 0.004, 34.01, 70.42);
insert into SHOT values (4662, 4110, 4112, 79, 12.040, 44.36, 78.14, 12.047, 44.35, 78.14, 0.007, 355.73, 83.09);
insert into SHOT values (4663, 4110, 4113, 79, 4.230, 123.49, 82.61, 4.236, 123.11, 82.55, 0.008, 88.03, 39.38);
insert into SHOT values (4664, 4110, 4114, 79, 5.430, 40.12, 71.83, 5.429, 40.20, 71.88, 0.005, 193.16, 8.74);
insert into SHOT values (4665, 4110, 4115, 79, 1.860, 69.57, 38.90, 1.862, 69.81, 38.92, 0.007, 146.32, 17.40);
insert into SHOT values (4666, 4110, 4116, 79, 1.840, 59.78, -11.99, 1.841, 60.02, -11.91, 0.008, 141.23, 16.49);
insert into SHOT values (4667, 4110, 4117, 79, 3.180, 43.32, -51.73, 3.173, 43.35, -51.70, 0.007, 203.53, 64.14);
insert into SHOT values (4668, 4110, 4118, 79, 4.670, 18.48, -57.83, 4.669, 18.51, -57.79, 0.004, 46.64, 49.82);
insert into SHOT values (4669, 4110, 4119, 79, 3.330, 4.12, -16.52, 3.324, 4.14, -16.43, 0.008, 171.64, 57.81);
insert into SHOT values (4670, 4110, 4120, 79, 4.460, 25.03, -4.93, 4.454, 25.06, -4.89, 0.007, 180.12, 27.94);
insert into SHOT values (4671, 4110, 4121, 79, 3.140, 7.40, 30.84, 3.137, 7.47, 30.87, 0.005, 142.13, 3.85);
insert into SHOT values (4672, 4110, 4122, 79, 1.890, 277.51, 43.63, 1.897, 277.54, 43.68, 0.007, 287.87, 56.40);
insert into SHOT values (4673, 4110, 4123, 79, 2.870, 209.34, 39.87, 2.870, 209.36, 39.87, 0.001, 284.61, 15.27);
insert into SHOT values (4674, 4110, 4124, 79, 2.660, 128.50, 15.99, 2.660, 128.48, 16.15, 0.008, 326.75, 73.27);
insert into SHOT values (4675, 4110, 4125, 79, 4.920, 106.27, 3.60, 4.918, 106.33, 3.61, 0.006, 220.20, 10.74);
insert into SHOT values (4676, 4110, 4126, 79, 4.250, 79.17, -42.56, 4.251, 79.16, -42.46, 0.007, 71.28, 38.85);
insert into SHOT values (4677, 4110, 4127, 79, 4.620, 101.83, -12.49, 4.624, 101.76, -12.49, 0.007, 47.43, -6.83);
insert into SHOT values (4678, 4110, 4127, 79, 4.620, 101.87, -12.54, 4.624, 101.76, -12.49, 0.011, 41.07, 17.04);
insert into SHOT values (4679, 4110, 4127, 79, 4.620, 101.65, -12.53, 4.624, 101.76, -12.49, 0.010, 162.42, 13.35);
insert into SHOT values (4680, 4127, 4128, 79, 2.900, 181.30, 28.81, 2.901, 181.35, 28.86, 0.003, 279.46, 46.04);
insert into SHOT values (4681, 4127, 4129, 79, 7.380, 172.08, -24.65, 7.386, 172.12, -24.65, 0.008, 213.02, -14.42);
insert into SHOT values (4682, 4127, 4130, 79, 5.910, 167.59, -52.62, 5.916, 167.63, -52.60, 0.007, 190.33, -32.15);
insert into SHOT values (4683, 4127, 4131, 79, 1.920, 177.34, -60.71, 1.917, 177.56, -60.60, 0.006, 244.81, 48.81);
insert into SHOT values (4684, 4127, 4132, 79, 2.730, 310.37, -49.44, 2.731, 310.22, -49.29, 0.009, 271.42, 28.23);
insert into SHOT values (4685, 4127, 4133, 79, 0.480, 304.69, -16.48, 0.481, 304.38, -16.91, 0.005, 218.07, -56.96);
insert into SHOT values (4686, 4127, 4134, 79, 1.000, 229.04, -14.10, 1.007, 229.14, -13.78, 0.009, 240.92, 22.61);
insert into SHOT values (4687, 4127, 4135, 79, 1.940, 228.08, -38.68, 1.939, 228.21, -38.60, 0.004, 299.92, 34.12);
insert into SHOT values (4688, 4127, 4136, 79, 2.230, 183.19, -18.18, 2.233, 183.24, -18.00, 0.008, 204.54, 48.74);
insert into SHOT values (4689, 4127, 4137, 79, 1.220, 153.04, -15.54, 1.222, 153.22, -15.67, 0.005, 231.03, -40.27);
insert into SHOT values (4690, 4127, 4138, 79, 2.060, 232.53, 49.34, 2.062, 232.54, 49.17, 0.006, 233.70, -24.76);
insert into SHOT values (4691, 4127, 4139, 79, 6.210, 171.67, -51.79, 6.209, 171.76, -51.80, 0.007, 275.67, -4.38);
insert into SHOT values (4692, 4127, 4140, 79, 7.000, 171.51, -29.15, 7.004, 171.45, -29.13, 0.008, 115.60, -2.20);
insert into SHOT values (4693, 4127, 4140, 79, 7.000, 171.36, -29.20, 7.004, 171.45, -29.13, 0.013, 221.80, 22.82);
insert into SHOT values (4694, 4127, 4140, 79, 7.000, 171.46, -29.16, 7.004, 171.45, -29.13, 0.005, 155.56, 7.88);
insert into SHOT values (4695, 4140, 4141, 79, 5.920, 339.97, -42.66, 5.921, 339.86, -42.63, 0.009, 268.92, 10.64);
insert into SHOT values (4696, 4140, 4142, 79, 4.810, 347.73, -50.24, 4.815, 347.63, -50.21, 0.008, 302.27, -18.13);
insert into SHOT values (4697, 4140, 4143, 79, 5.610, 339.91, -39.78, 5.613, 339.80, -39.76, 0.009, 276.30, -3.07);
insert into SHOT values (4698, 4140, 4144, 79, 8.640, 346.26, -18.46, 8.641, 346.24, -18.49, 0.006, 255.32, -49.71);
insert into SHOT values (4699, 4140, 4145, 79, 4.570, 349.78, -7.89, 4.577, 349.71, -7.91, 0.009, 306.67, -17.40);
insert into SHOT values (4700, 4140, 4146, 79, 5.330, 354.01, 14.13, 5.329, 354.00, 14.12, 0.001, 230.06, -55.58);
insert into SHOT values (4701, 4140, 4147, 79, 8.080, 350.75, 35.83, 8.084, 350.70, 35.81, 0.008, 301.40, 0.78);
insert into SHOT values (4702, 4140, 4148, 79, 3.870, 326.94, 60.42, 3.867, 326.73, 60.34, 0.010, 262.10, -35.29);
insert into SHOT values (4703, 4140, 4149, 79, 5.230, 285.96, 76.35, 5.229, 285.95, 76.31, 0.004, 280.64, -33.82);
insert into SHOT values (4704, 4140, 4150, 79, 0.220, 233.36, 17.42, 0.220, 234.78, 18.59, 0.007, 343.43, 36.96);
insert into SHOT values (4705, 4140, 4151, 79, 0.410, 63.87, 16.20, 0.409, 62.78, 15.62, 0.009, 332.20, -30.44);
insert into SHOT values (4706, 4140, 4152, 79, 2.100, 122.59, -27.89, 2.096, 122.66, -27.87, 0.004, 265.95, 31.22);
insert into SHOT values (4707, 4140, 4153, 79, 2.710, 132.90, -21.85, 2.707, 132.90, -21.90, 0.004, 310.85, -22.30);
insert into SHOT values (4708, 4140, 4154, 79, 3.830, 146.07, 8.86, 3.829, 146.10, 8.86, 0.002, 267.76, 2.49);
insert into SHOT values (4709, 4140, 4155, 79, 1.190, 162.04, 66.14, 1.188, 162.72, 66.62, 0.012, 313.16, 8.38);
insert into SHOT values (4710, 4140, 4156, 79, 8.400, 243.75, 80.07, 8.396, 243.79, 80.06, 0.004, 308.42, -75.44);
insert into SHOT values (4711, 4140, 4157, 79, 3.880, 144.31, 12.78, 3.874, 144.37, 12.83, 0.008, 293.14, 11.84);
insert into SHOT values (4712, 4140, 4158, 79, 3.130, 341.26, -53.09, 3.117, 341.66, -53.02, 0.019, 90.41, 42.35);
insert into SHOT values (4713, 4140, 4158, 79, 3.120, 341.92, -53.03, 3.117, 341.66, -53.02, 0.009, 244.22, 17.72);
insert into SHOT values (4714, 4140, 4158, 79, 3.110, 341.80, -53.05, 3.117, 341.66, -53.02, 0.009, 303.59, -32.21);
insert into SHOT values (4715, 4158, 4159, 79, 0.210, 200.31, 11.66, 0.210, 202.83, 10.98, 0.009, 288.49, -15.05);
insert into SHOT values (4716, 4158, 4160, 79, 3.070, 301.09, 73.46, 3.067, 300.96, 73.43, 0.004, 229.96, -55.53);
insert into SHOT values (4717, 4158, 4161, 79, 1.450, 6.88, -54.53, 1.460, 6.79, -54.59, 0.010, 350.35, -62.54);
insert into SHOT values (4718, 4158, 4162, 79, 2.430, 107.86, -39.61, 2.428, 107.76, -39.67, 0.005, 335.88, -9.15);
insert into SHOT values (4719, 4158, 4163, 79, 1.160, 109.86, -18.54, 1.155, 109.76, -18.68, 0.006, 309.57, -11.50);
insert into SHOT values (4720, 4158, 4164, 79, 0.740, 137.09, -20.12, 0.741, 137.34, -20.55, 0.006, 250.66, -59.06);
insert into SHOT values (4721, 4158, 4165, 79, 2.460, 125.89, -15.50, 2.461, 125.90, -15.56, 0.003, 235.71, -77.60);
insert into SHOT values (4722, 4158, 4166, 79, 3.380, 129.92, -13.60, 3.373, 130.05, -13.55, 0.011, 259.29, 26.13);
insert into SHOT values (4723, 4158, 4166, 79, 3.370, 129.91, -13.46, 3.373, 130.05, -13.55, 0.010, 208.68, -34.01);
insert into SHOT values (4724, 4158, 4166, 79, 3.380, 130.28, -13.46, 3.373, 130.05, -13.55, 0.016, 8.39, -11.92);
insert into SHOT values (4725, 4166, 4167, 79, 0.690, 222.35, -5.53, 0.690, 222.05, -5.82, 0.005, 132.45, -44.21);
insert into SHOT values (4726, 4166, 4168, 79, 1.020, 215.77, -67.46, 1.028, 215.71, -67.47, 0.009, 207.74, -68.51);
insert into SHOT values (4727, 4166, 4169, 79, 1.170, 219.90, -78.21, 1.174, 219.81, -78.48, 0.007, 44.54, -44.48);
insert into SHOT values (4728, 4166, 4170, 79, 0.780, 155.78, -25.26, 0.781, 155.62, -25.82, 0.008, 10.38, -64.71);
insert into SHOT values (4729, 4166, 4171, 79, 2.580, 162.95, -31.27, 2.583, 162.88, -31.25, 0.004, 116.63, -11.74);
insert into SHOT values (4730, 4166, 4172, 79, 2.850, 172.51, -21.32, 2.850, 172.42, -21.40, 0.006, 59.53, -39.95);
insert into SHOT values (4731, 4166, 4173, 79, 2.850, 162.71, -22.08, 2.847, 162.80, -22.08, 0.005, 288.45, 14.25);
insert into SHOT values (4732, 4166, 4174, 79, 1.310, 168.07, -11.51, 1.303, 168.25, -11.51, 0.008, 317.93, 9.91);
insert into SHOT values (4733, 4166, 4175, 79, 2.780, 164.58, -20.17, 2.777, 164.42, -20.22, 0.008, 47.79, -9.82);
insert into SHOT values (4734, 4166, 4175, 79, 2.770, 164.56, -20.21, 2.777, 164.42, -20.22, 0.010, 118.73, -18.71);
insert into SHOT values (4735, 4166, 4175, 79, 2.780, 163.85, -20.39, 2.777, 164.42, -20.22, 0.027, 254.20, 18.39);
insert into SHOT values (4736, 4175, 4176, 79, 0.540, 85.56, -1.91, 0.542, 85.76, -2.12, 0.003, 132.85, -37.40);
insert into SHOT values (4737, 4175, 4177, 79, 0.580, 246.86, 26.55, 0.569, 246.95, 26.08, 0.012, 61.25, -48.81);
insert into SHOT values (4738, 4175, 4178, 79, 2.680, 232.23, 71.34, 2.668, 232.18, 71.47, 0.013, 56.37, -44.20);
insert into SHOT values (4739, 4175, 4179, 79, 1.070, 186.80, 76.13, 1.060, 186.84, 76.26, 0.010, 4.51, -61.84);
insert into SHOT values (4740, 4175, 4180, 79, 1.210, 157.58, 19.31, 1.207, 157.26, 19.36, 0.007, 38.56, -0.97);
insert into SHOT values (4741, 4175, 4181, 79, 1.380, 123.71, 27.65, 1.383, 123.69, 27.57, 0.004, 116.73, -6.75);
insert into SHOT values (4742, 4175, 4182, 79, 3.330, 139.58, 10.70, 3.327, 139.59, 10.57, 0.008, 304.54, -76.92);
insert into SHOT values (4743, 4175, 4183, 79, 3.760, 136.18, -9.04, 3.761, 136.20, -9.18, 0.009, 233.60, -81.80);
insert into SHOT values (4744, 4175, 4184, 79, 4.340, 133.67, -13.96, 4.344, 133.65, -13.99, 0.005, 116.42, -37.72);
insert into SHOT values (4745, 4175, 4185, 79, 3.870, 137.76, 23.48, 3.866, 137.63, 23.47, 0.009, 26.09, -12.36);
insert into SHOT values (4746, 4175, 4186, 79, 0.950, 76.56, -42.95, 0.954, 76.76, -42.94, 0.005, 113.67, -33.89);
insert into SHOT values (4747, 4175, 4187, 79, 4.510, 132.04, -4.98, 4.513, 132.03, -4.96, 0.004, 112.04, 23.75);
insert into SHOT values (4748, 4175, 4187, 79, 4.510, 131.96, -4.86, 4.513, 132.03, -4.96, 0.010, 196.80, -54.48);
insert into SHOT values (4749, 4175, 4187, 79, 4.510, 132.20, -4.76, 4.513, 132.03, -4.96, 0.021, 49.35, -48.71);
insert into SHOT values (4750, 4187, 4188, 79, 0.740, 55.96, 20.00, 0.746, 56.08, 20.41, 0.008, 78.78, 60.82);
insert into SHOT values (4751, 4187, 4189, 79, 1.490, 89.47, -49.59, 1.483, 89.40, -49.65, 0.007, 280.31, 37.24);
insert into SHOT values (4752, 4187, 4190, 79, 0.340, 232.14, 57.40, 0.345, 233.75, 57.32, 0.007, 294.28, 31.16);
insert into SHOT values (4753, 4187, 4191, 79, 0.380, 185.45, 69.96, 0.383, 184.40, 70.09, 0.004, 98.92, 51.45);
insert into SHOT values (4754, 4187, 4192, 79, 4.280, 177.28, 68.75, 4.281, 177.41, 68.75, 0.004, 261.92, 15.41);
insert into SHOT values (4755, 4187, 4193, 79, 3.020, 151.11, 29.93, 3.019, 151.18, 30.02, 0.006, 288.81, 34.12);
insert into SHOT values (4756, 4187, 4194, 79, 3.940, 147.03, -2.79, 3.938, 147.04, -2.77, 0.003, 314.30, 38.45);
insert into SHOT values (4757, 4187, 4195, 79, 4.720, 138.27, -19.90, 4.714, 138.29, -19.84, 0.008, 297.52, 54.74);
insert into SHOT values (4758, 4187, 4196, 79, 2.190, 131.15, 0.59, 2.190, 131.11, 0.78, 0.008, 45.71, 78.96);
insert into SHOT values (4759, 4187, 4197, 79, 1.660, 184.67, 9.19, 1.657, 184.56, 9.38, 0.007, 46.41, 45.99);
insert into SHOT values (4760, 4187, 4198, 79, 3.260, 190.90, 47.31, 3.263, 190.95, 47.36, 0.004, 283.97, 61.16);
insert into SHOT values (4761, 4187, 4199, 79, 4.000, 151.87, -0.61, 3.998, 152.92, -0.57, 0.074, 243.58, 2.02);
insert into SHOT values (4762, 4187, 4199, 79, 4.000, 153.53, -0.79, 3.998, 152.92, -0.57, 0.045, 61.38, 19.65);
insert into SHOT values (4763, 4187, 4199, 79, 3.990, 153.45, -0.66, 3.998, 152.92, -0.57, 0.038, 76.22, 8.97);
insert into SHOT values (4764, 4199, 4200, 79, 0.630, 254.72, -11.79, 0.634, 255.07, -11.82, 0.006, 296.38, -12.64);
insert into SHOT values (4765, 4199, 4201, 79, 1.230, 245.40, -60.43, 1.233, 245.94, -60.18, 0.009, 288.28, -1.36);
insert into SHOT values (4766, 4199, 4202, 79, 1.250, 181.51, -77.06, 1.252, 182.05, -77.07, 0.003, 265.99, -33.54);
insert into SHOT values (4767, 4199, 4203, 79, 1.860, 48.27, -53.59, 1.863, 47.94, -53.63, 0.007, 322.68, -25.55);
insert into SHOT values (4768, 4199, 4204, 79, 1.200, 356.64, 0.24, 1.202, 356.66, 0.00, 0.005, 9.06, -67.33);
insert into SHOT values (4769, 4199, 4205, 79, 4.760, 333.03, -0.42, 4.768, 333.06, -0.48, 0.009, 350.64, -32.89);
insert into SHOT values (4770, 4199, 4206, 79, 1.540, 296.10, 15.52, 1.549, 296.22, 15.35, 0.011, 313.96, -11.26);
insert into SHOT values (4771, 4199, 4207, 79, 1.270, 201.09, -12.19, 1.264, 201.37, -12.33, 0.009, 338.02, -11.70);
insert into SHOT values (4772, 4199, 4208, 79, 1.860, 196.55, 5.56, 1.856, 196.67, 5.56, 0.005, 329.64, -2.30);
insert into SHOT values (4773, 4199, 4209, 79, 1.440, 184.70, 7.10, 1.435, 184.83, 6.80, 0.009, 324.95, -57.58);
insert into SHOT values (4774, 4199, 4210, 79, 2.180, 192.67, 33.77, 2.173, 192.80, 33.84, 0.009, 342.59, -11.88);
insert into SHOT values (4775, 4199, 4211, 79, 2.780, 190.09, 2.83, 2.777, 190.18, 2.68, 0.009, 315.90, -54.87);
insert into SHOT values (4776, 4199, 4212, 79, 3.220, 188.04, -17.47, 3.220, 188.05, -17.53, 0.004, 342.30, -67.99);
insert into SHOT values (4777, 4199, 4212, 79, 3.210, 187.96, -17.35, 3.220, 188.05, -17.53, 0.015, 225.64, -57.99);
insert into SHOT values (4778, 4199, 4212, 79, 3.220, 187.81, -17.33, 3.220, 188.05, -17.53, 0.017, 293.37, -38.98);
insert into SHOT values (4779, 4212, 4213, 79, 0.540, 308.11, -1.98, 0.540, 308.99, -1.06, 0.012, 33.78, 46.10);
insert into SHOT values (4780, 4212, 4214, 79, 1.160, 283.11, -65.75, 1.152, 283.45, -65.75, 0.009, 64.28, 59.75);
insert into SHOT values (4781, 4212, 4215, 79, 1.150, 210.63, -65.10, 1.143, 210.34, -65.45, 0.010, 45.24, 18.21);
insert into SHOT values (4782, 4212, 4216, 79, 2.440, 229.88, 6.47, 2.436, 229.86, 6.60, 0.007, 59.96, 47.74);
insert into SHOT values (4783, 4212, 4217, 79, 3.190, 225.73, -25.04, 3.186, 225.84, -25.07, 0.007, 356.45, 1.30);
insert into SHOT values (4784, 4212, 4218, 79, 2.090, 252.98, 49.64, 2.092, 253.18, 49.89, 0.011, 34.15, 44.96);
insert into SHOT values (4785, 4212, 4219, 79, 1.800, 305.79, 67.24, 1.799, 306.21, 67.31, 0.006, 60.54, 1.64);
insert into SHOT values (4786, 4212, 4220, 79, 2.560, 219.85, -3.30, 2.559, 219.92, -3.14, 0.008, 312.33, 66.89);
insert into SHOT values (4787, 4212, 4220, 79, 2.570, 220.11, -3.26, 2.559, 219.92, -3.14, 0.015, 79.68, 24.85);
insert into SHOT values (4788, 4212, 4220, 79, 2.560, 219.72, -3.14, 2.559, 219.92, -3.14, 0.009, 313.25, 1.45);
insert into SHOT values (4789, 4220, 4221, 79, 1.180, 82.88, 17.41, 1.182, 82.87, 17.23, 0.004, 80.84, -47.83);
insert into SHOT values (4790, 4220, 4222, 79, 1.340, 108.07, -69.77, 1.342, 107.65, -69.87, 0.005, 352.29, -35.31);
insert into SHOT values (4791, 4220, 4223, 79, 1.280, 191.90, -62.17, 1.280, 191.50, -61.95, 0.006, 148.59, 17.52);
insert into SHOT values (4792, 4220, 4224, 79, 1.290, 163.94, 2.58, 1.293, 163.81, 2.66, 0.004, 114.65, 26.70);
insert into SHOT values (4793, 4220, 4225, 79, 2.110, 188.68, -20.51, 2.107, 188.75, -20.56, 0.004, 334.13, -10.13);
insert into SHOT values (4794, 4220, 4225, 79, 2.110, 188.72, -20.51, 2.107, 188.75, -20.56, 0.004, 353.48, -11.82);
insert into SHOT values (4795, 4220, 4225, 79, 2.100, 188.76, -20.45, 2.107, 188.75, -20.56, 0.008, 183.61, -49.79);
insert into SHOT values (4796, 4225, 4226, 79, 0.610, 317.70, 9.30, 0.603, 317.73, 9.55, 0.007, 135.57, 10.96);
insert into SHOT values (4797, 4225, 4227, 79, 1.460, 253.67, -72.65, 1.457, 254.05, -72.55, 0.005, 317.94, 47.65);
insert into SHOT values (4798, 4225, 4228, 79, 2.600, 245.13, -1.01, 2.600, 245.21, -0.88, 0.007, 335.78, 58.26);
insert into SHOT values (4799, 4225, 4229, 79, 3.570, 242.73, 50.43, 3.567, 242.76, 50.44, 0.003, 35.31, -38.33);
insert into SHOT values (4800, 4225, 4230, 79, 3.700, 244.99, 50.26, 3.702, 244.95, 50.35, 0.006, 89.26, 53.30);
insert into SHOT values (4801, 4225, 4231, 79, 1.900, 225.57, -17.30, 1.895, 225.45, -17.19, 0.007, 91.06, 42.75);
insert into SHOT values (4802, 4225, 4232, 79, 2.070, 301.47, 77.24, 2.071, 301.61, 77.23, 0.002, 357.78, 40.33);
insert into SHOT values (4803, 4225, 4233, 79, 3.760, 234.16, -8.48, 3.764, 233.96, -8.56, 0.014, 159.23, -22.49);
insert into SHOT values (4804, 4225, 4233, 79, 3.770, 234.07, -8.70, 3.764, 233.96, -8.56, 0.013, 113.11, 51.23);
insert into SHOT values (4805, 4225, 4233, 79, 3.770, 234.02, -8.67, 3.764, 233.96, -8.56, 0.010, 94.11, 54.50);
insert into SHOT values (4806, 4233, 4234, 79, 1.830, 57.88, 9.04, 1.835, 57.63, 9.09, 0.009, 355.96, 15.13);
insert into SHOT values (4807, 4233, 4235, 79, 0.870, 22.75, 19.62, 0.871, 22.19, 19.46, 0.008, 301.72, -14.70);
insert into SHOT values (4808, 4233, 4236, 79, 0.670, 217.74, -7.50, 0.668, 218.25, -7.74, 0.007, 327.21, -22.00);
insert into SHOT values (4809, 4233, 4237, 79, 1.770, 128.31, 0.54, 1.759, 128.30, 0.33, 0.013, 309.30, -30.44);
insert into SHOT values (4810, 4233, 4238, 79, 2.000, 108.01, 7.37, 1.992, 107.98, 7.21, 0.010, 297.37, -42.77);
insert into SHOT values (4811, 4233, 4239, 79, 4.760, 109.93, -0.98, 4.755, 109.92, -0.96, 0.005, 298.45, 16.22);
insert into SHOT values (4812, 4233, 4240, 79, 3.790, 107.12, -14.33, 3.791, 107.10, -14.36, 0.002, 33.14, -59.44);
insert into SHOT values (4813, 4233, 4241, 79, 3.780, 106.35, -5.13, 3.778, 106.36, -5.16, 0.003, 266.13, -37.54);
insert into SHOT values (4814, 4233, 4242, 79, 4.640, 108.82, -3.04, 4.633, 108.79, -3.09, 0.008, 309.50, -27.79);
insert into SHOT values (4815, 4233, 4242, 79, 4.640, 109.01, -3.10, 4.633, 108.79, -3.09, 0.019, 358.44, 2.76);
insert into SHOT values (4816, 4233, 4242, 79, 4.630, 108.67, -3.04, 4.633, 108.79, -3.09, 0.011, 181.08, -24.14);
insert into SHOT values (4817, 4242, 4243, 79, 0.850, 343.32, 2.53, 0.849, 342.85, 2.70, 0.008, 241.23, 19.13);
insert into SHOT values (4818, 4242, 4244, 79, 1.530, 345.01, -38.67, 1.530, 344.91, -38.87, 0.006, 194.71, -44.73);
insert into SHOT values (4819, 4242, 4245, 79, 1.310, 60.61, 30.50, 1.308, 60.70, 30.80, 0.007, 221.42, 44.37);
insert into SHOT values (4820, 4242, 4246, 79, 1.480, 333.23, 69.47, 1.484, 332.45, 69.53, 0.008, 241.32, 29.40);
insert into SHOT values (4821, 4242, 4247, 79, 1.650, 59.88, 2.14, 1.655, 59.87, 2.08, 0.005, 55.65, -19.39);
insert into SHOT values (4822, 4242, 4247, 79, 1.660, 59.63, 2.24, 1.655, 59.87, 2.08, 0.010, 187.39, -29.31);
insert into SHOT values (4823, 4242, 4247, 79, 1.670, 60.25, 2.21, 1.655, 59.87, 2.08, 0.019, 275.87, -13.09);
insert into SHOT values (4824, 4247, 4248, 79, 0.550, 180.26, 8.41, 0.546, 180.00, 8.43, 0.005, 31.18, -5.28);
insert into SHOT values (4825, 4247, 4249, 79, 2.430, 82.89, -49.29, 2.434, 82.79, -49.12, 0.008, 62.23, 13.62);
insert into SHOT values (4826, 4247, 4250, 79, 1.830, 119.40, 15.46, 1.831, 119.18, 15.53, 0.007, 29.92, 17.94);
insert into SHOT values (4827, 4247, 4251, 79, 2.330, 131.00, -11.70, 2.329, 130.74, -11.39, 0.016, 49.62, 49.73);
insert into SHOT values (4828, 4247, 4251, 79, 2.330, 130.61, -11.41, 2.329, 130.74, -11.39, 0.005, 229.10, 10.38);
insert into SHOT values (4829, 4247, 4251, 79, 2.330, 130.60, -11.28, 2.329, 130.74, -11.39, 0.007, 238.78, -36.36);
insert into SHOT values (4830, 4251, 4252, 79, 1.820, 321.70, 1.82, 1.817, 321.93, 1.89, 0.008, 71.90, 15.70);
insert into SHOT values (4831, 4251, 4253, 79, 1.380, 239.19, 10.23, 1.373, 239.25, 10.49, 0.010, 48.86, 30.03);
insert into SHOT values (4832, 4251, 4254, 79, 2.510, 201.87, 5.94, 2.513, 201.84, 5.94, 0.003, 180.73, 4.50);
insert into SHOT values (4833, 4251, 4255, 79, 4.800, 253.31, 80.56, 4.804, 252.95, 80.60, 0.008, 133.54, 41.45);
insert into SHOT values (4834, 4251, 4256, 79, 3.850, 178.60, 54.69, 3.846, 178.45, 54.73, 0.007, 50.54, -13.43);
insert into SHOT values (4835, 4251, 4257, 79, 1.820, 256.03, -56.33, 1.816, 256.24, -56.25, 0.006, 347.13, 51.81);
insert into SHOT values (4836, 4251, 4258, 79, 2.810, 182.80, 1.06, 2.813, 182.65, 1.02, 0.008, 117.90, -13.60);
insert into SHOT values (4837, 4251, 4259, 79, 2.570, 198.64, 29.81, 2.568, 198.60, 29.90, 0.005, 42.68, 30.63);
insert into SHOT values (4838, 4251, 4260, 79, 2.070, 168.27, -25.76, 2.066, 168.21, -25.83, 0.005, 10.48, -3.92);
insert into SHOT values (4839, 4251, 4261, 79, 2.530, 166.57, 6.08, 2.534, 166.46, 6.12, 0.007, 117.99, 17.47);
insert into SHOT values (4840, 4251, 4262, 79, 5.320, 169.62, -6.18, 5.319, 169.54, -6.15, 0.008, 70.26, 19.93);
insert into SHOT values (4841, 4251, 4262, 79, 5.320, 169.44, -6.09, 5.319, 169.54, -6.15, 0.011, 272.32, -30.58);
insert into SHOT values (4842, 4251, 4262, 79, 5.310, 169.64, -6.22, 5.319, 169.54, -6.15, 0.014, 124.34, 22.30);
insert into SHOT values (4843, 4262, 4263, 79, 0.730, 67.15, 12.83, 0.735, 67.01, 12.58, 0.006, 48.56, -21.12);
insert into SHOT values (4844, 4262, 4264, 79, 1.180, 103.52, -51.32, 1.181, 103.28, -51.20, 0.004, 50.98, 16.95);
insert into SHOT values (4845, 4262, 4265, 79, 11.930, 201.51, 81.54, 11.929, 201.44, 81.56, 0.005, 50.78, -2.35);
insert into SHOT values (4846, 4262, 4266, 79, 1.930, 176.37, 23.02, 1.925, 176.44, 22.92, 0.006, 318.11, -52.05);
insert into SHOT values (4847, 4262, 4267, 79, 1.470, 163.08, -26.11, 1.470, 162.80, -26.23, 0.007, 63.99, -25.22);
insert into SHOT values (4848, 4262, 4268, 79, 1.280, 121.14, -36.67, 1.278, 121.06, -36.49, 0.005, 53.82, 70.50);
insert into SHOT values (4849, 4262, 4269, 79, 1.700, 129.58, -43.29, 1.702, 129.75, -43.44, 0.006, 247.08, -46.95);
insert into SHOT values (4850, 4262, 4270, 79, 2.240, 154.83, -3.48, 2.227, 155.28, -3.09, 0.027, 279.69, 36.95);
insert into SHOT values (4851, 4262, 4270, 79, 2.230, 155.69, -2.71, 2.227, 155.28, -3.09, 0.022, 52.43, -41.62);
insert into SHOT values (4852, 4262, 4270, 79, 2.220, 155.44, -2.97, 2.227, 155.28, -3.09, 0.010, 112.73, -28.35);
insert into SHOT values (4853, 4270, 4271, 79, 0.960, 84.41, 3.55, 0.956, 84.59, 3.60, 0.005, 227.21, 6.48);
insert into SHOT values (4854, 4270, 4272, 79, 0.230, 264.10, 86.50, 0.230, 270.00, 87.51, 0.004, 70.01, 5.80);
insert into SHOT values (4855, 4270, 4273, 79, 1.070, 48.76, -60.08, 1.071, 48.81, -60.25, 0.003, 215.91, -49.14);
insert into SHOT values (4856, 4270, 4274, 79, 2.310, 162.43, 25.88, 2.310, 162.35, 25.92, 0.003, 62.26, 30.13);
insert into SHOT values (4857, 4270, 4275, 79, 2.980, 166.46, 18.31, 2.980, 166.50, 18.39, 0.005, 281.79, 57.60);
insert into SHOT values (4858, 4270, 4276, 79, 2.280, 160.99, 17.39, 2.277, 161.23, 17.12, 0.015, 251.75, -51.21);
insert into SHOT values (4859, 4270, 4276, 79, 2.270, 161.41, 16.88, 2.277, 161.23, 17.12, 0.013, 98.62, 55.02);
insert into SHOT values (4860, 4270, 4276, 79, 2.280, 161.35, 16.97, 2.277, 161.23, 17.12, 0.008, 22.98, 33.90);
insert into SHOT values (4861, 4276, 4277, 79, 0.820, 212.97, 8.05, 0.817, 212.91, 7.73, 0.005, 57.76, -65.68);
insert into SHOT values (4862, 4276, 4278, 79, 2.500, 200.99, 67.40, 2.502, 200.70, 67.39, 0.005, 126.04, 21.08);
insert into SHOT values (4863, 4276, 4279, 79, 1.790, 128.73, -67.30, 1.789, 128.53, -67.30, 0.003, 27.31, 28.67);
insert into SHOT values (4864, 4276, 4280, 79, 0.560, 244.42, 81.72, 0.556, 240.26, 81.66, 0.007, 152.11, -35.39);
insert into SHOT values (4865, 4276, 4281, 79, 1.420, 283.50, 8.19, 1.423, 283.54, 8.08, 0.004, 299.65, -30.94);
insert into SHOT values (4866, 4276, 4282, 79, 5.290, 120.61, -2.19, 5.294, 120.69, -2.06, 0.015, 176.78, 55.48);
insert into SHOT values (4867, 4276, 4282, 79, 5.300, 120.70, -2.03, 5.294, 120.69, -2.06, 0.006, 313.81, -20.52);
insert into SHOT values (4868, 4276, 4282, 79, 5.300, 120.68, -1.87, 5.294, 120.69, -2.06, 0.018, 296.40, -69.42);
insert into SHOT values (4869, 4282, 4283, 79, 0.570, 48.55, 14.02, 0.571, 49.40, 14.20, 0.008, 137.91, 13.13);
insert into SHOT values (4870, 4282, 4284, 79, 0.340, 234.57, 44.82, 0.337, 233.62, 45.48, 0.007, 91.69, 2.99);
insert into SHOT values (4871, 4282, 4285, 79, 2.050, 205.00, 75.17, 2.049, 204.62, 75.07, 0.005, 158.59, -19.69);
insert into SHOT values (4872, 4282, 4286, 79, 1.590, 337.41, -64.07, 1.588, 337.89, -64.22, 0.007, 105.19, -0.52);
insert into SHOT values (4873, 4282, 4287, 79, 2.900, 159.57, 4.04, 2.900, 159.56, 4.15, 0.006, 15.61, 81.33);
insert into SHOT values (4874, 4282, 4288, 79, 3.410, 158.18, -18.28, 3.432, 158.00, -18.34, 0.024, 130.45, -25.67);
insert into SHOT values (4875, 4282, 4288, 79, 3.440, 158.44, -18.29, 3.432, 158.00, -18.34, 0.027, 48.15, -0.94);
insert into SHOT values (4876, 4282, 4288, 79, 3.420, 157.55, -18.50, 3.432, 158.00, -18.34, 0.030, 219.43, 10.07);
insert into SHOT values (4877, 4288, 4289, 79, 1.380, 71.09, -65.00, 1.379, 70.94, -65.04, 0.002, 299.71, 19.42);
insert into SHOT values (4878, 4288, 4290, 79, 0.610, 37.94, 28.25, 0.615, 37.50, 28.15, 0.006, 356.52, 11.56);
insert into SHOT values (4879, 4288, 4291, 79, 3.010, 50.06, 69.82, 3.014, 49.70, 69.90, 0.008, 298.93, 34.28);
insert into SHOT values (4880, 4288, 4292, 79, 1.810, 111.70, 16.14, 1.811, 110.94, 16.69, 0.029, 11.27, 35.85);
insert into SHOT values (4881, 4288, 4292, 79, 1.820, 110.82, 16.50, 1.811, 110.94, 16.69, 0.012, 271.29, 15.56);
insert into SHOT values (4882, 4288, 4292, 79, 1.820, 110.90, 16.42, 1.811, 110.94, 16.69, 0.013, 284.31, 26.16);
insert into SHOT values (4883, 4292, 4293, 79, 2.180, 229.60, -56.80, 2.188, 229.40, -56.78, 0.009, 188.61, -42.36);
insert into SHOT values (4884, 4292, 4294, 79, 0.740, 221.95, -14.94, 0.743, 221.04, -15.61, 0.015, 136.03, -38.83);
insert into SHOT values (4885, 4292, 4295, 79, 0.810, 207.70, 56.99, 0.801, 207.15, 56.81, 0.011, 82.19, -60.78);
insert into SHOT values (4886, 4292, 4296, 79, 0.420, 115.78, 68.23, 0.420, 116.57, 68.13, 0.002, 186.75, -1.15);
insert into SHOT values (4887, 4292, 4297, 79, 2.830, 174.24, -30.10, 2.834, 174.15, -30.07, 0.006, 132.97, -7.07);
insert into SHOT values (4888, 4292, 4298, 79, 3.540, 167.17, -12.51, 3.542, 167.13, -12.56, 0.004, 97.30, -50.96);
insert into SHOT values (4889, 4292, 4299, 79, 4.860, 165.14, -8.54, 4.865, 165.33, -8.04, 0.046, 220.67, 65.19);
insert into SHOT values (4890, 4292, 4299, 79, 4.850, 165.38, -7.79, 4.865, 165.33, -8.04, 0.026, 145.46, -60.95);
insert into SHOT values (4891, 4292, 4299, 79, 4.860, 165.46, -7.68, 4.865, 165.33, -8.04, 0.032, 78.76, -70.13);
insert into SHOT values (4892, 4299, 4300, 79, 0.500, 70.15, 15.11, 0.507, 69.72, 14.85, 0.009, 44.41, -2.26);
insert into SHOT values (4893, 4299, 4301, 79, 1.500, 150.53, -71.36, 1.497, 149.66, -71.50, 0.009, 29.20, 8.84);
insert into SHOT values (4894, 4299, 4302, 79, 0.320, 141.23, 74.35, 0.321, 135.00, 74.69, 0.010, 39.14, 11.19);
insert into SHOT values (4895, 4299, 4303, 79, 1.750, 166.98, -32.39, 1.751, 167.09, -32.47, 0.004, 265.05, -41.13);
insert into SHOT values (4896, 4299, 4304, 79, 1.590, 164.62, 12.33, 1.582, 164.61, 12.41, 0.008, 345.63, 3.37);
insert into SHOT values (4897, 4299, 4304, 79, 1.580, 164.93, 12.33, 1.582, 164.61, 12.41, 0.009, 86.89, 16.68);
insert into SHOT values (4898, 4299, 4304, 79, 1.580, 164.94, 12.34, 1.582, 164.61, 12.41, 0.009, 86.90, 14.59);
insert into SHOT values (4899, 4304, 4305, 79, 0.590, 243.83, 2.03, 0.591, 243.87, 1.94, 0.001, 273.37, -47.82);
insert into SHOT values (4900, 4304, 4306, 79, 2.500, 287.39, 70.84, 2.501, 287.56, 70.65, 0.009, 304.32, -10.15);
insert into SHOT values (4901, 4304, 4307, 79, 1.440, 187.14, -76.10, 1.442, 188.37, -76.21, 0.008, 294.87, -15.69);
insert into SHOT values (4902, 4304, 4308, 79, 2.070, 135.96, -30.43, 2.068, 135.91, -30.51, 0.004, 346.01, -26.61);
insert into SHOT values (4903, 4304, 4309, 79, 3.470, 137.14, 12.62, 3.467, 137.16, 12.66, 0.004, 302.71, 25.37);
insert into SHOT values (4904, 4304, 4310, 79, 5.270, 134.21, 0.94, 5.248, 134.38, 0.87, 0.028, 278.90, -13.31);
insert into SHOT values (4905, 4304, 4310, 79, 5.240, 134.43, 0.86, 5.248, 134.38, 0.87, 0.009, 104.61, 8.74);
insert into SHOT values (4906, 4304, 4310, 79, 5.250, 134.31, 0.91, 5.248, 134.38, 0.87, 0.008, 243.51, -25.74);
insert into SHOT values (4907, 4310, 4311, 79, 0.440, 237.65, 8.78, 0.433, 237.43, 9.31, 0.008, 69.97, 19.93);
insert into SHOT values (4908, 4310, 4312, 79, 0.540, 173.19, -68.47, 0.539, 171.47, -67.98, 0.008, 116.38, 17.74);
insert into SHOT values (4909, 4310, 4313, 79, 3.760, 250.37, 80.05, 3.756, 250.17, 80.06, 0.004, 132.11, -52.99);
insert into SHOT values (4910, 4310, 4314, 79, 2.220, 163.08, 52.97, 2.219, 163.05, 52.91, 0.003, 135.62, -60.55);
insert into SHOT values (4911, 4310, 4315, 79, 1.970, 173.55, 11.78, 1.964, 173.43, 11.75, 0.007, 28.05, -17.01);
insert into SHOT values (4912, 4310, 4316, 79, 3.690, 183.06, -36.12, 3.689, 182.88, -36.03, 0.011, 111.15, 27.90);
insert into SHOT values (4913, 4310, 4317, 79, 3.860, 189.06, -34.28, 3.856, 188.84, -34.24, 0.013, 91.37, 18.49);
insert into SHOT values (4914, 4310, 4317, 79, 3.860, 188.87, -34.16, 3.856, 188.84, -34.24, 0.007, 23.15, -22.14);
insert into SHOT values (4915, 4310, 4317, 79, 3.860, 188.92, -34.05, 3.856, 188.84, -34.24, 0.014, 31.78, -37.92);
insert into SHOT values (4916, 4317, 4318, 79, 1.250, 302.56, -12.11, 1.245, 302.25, -12.05, 0.008, 179.33, 16.08);
insert into SHOT values (4917, 4317, 4319, 79, 2.020, 285.85, -49.79, 2.020, 285.52, -49.66, 0.009, 221.63, 17.73);
insert into SHOT values (4918, 4317, 4320, 79, 1.380, 310.70, 53.16, 1.386, 310.60, 53.22, 0.006, 279.21, 63.82);
insert into SHOT values (4919, 4317, 4321, 79, 0.810, 244.71, -14.80, 0.812, 244.41, -14.26, 0.009, 199.51, 50.09);
insert into SHOT values (4920, 4317, 4322, 79, 2.390, 248.35, -18.24, 2.381, 248.85, -17.35, 0.043, 329.65, 62.02);
insert into SHOT values (4921, 4317, 4322, 79, 2.400, 249.17, -17.49, 2.381, 248.85, -17.35, 0.023, 107.22, 29.04);
insert into SHOT values (4922, 4317, 4322, 79, 2.350, 249.37, -16.87, 2.381, 248.85, -17.35, 0.042, 209.02, -41.55);
insert into SHOT values (4923, 4322, 4323, 79, 0.930, 183.59, -4.27, 0.925, 183.73, -4.34, 0.006, 340.99, -7.27);
insert into SHOT values (4924, 4322, 4324, 79, 1.090, 109.62, 13.34, 1.089, 109.29, 13.28, 0.006, 9.16, -13.55);
insert into SHOT values (4925, 4322, 4325, 79, 2.870, 142.95, 58.24, 2.867, 142.83, 58.32, 0.006, 358.08, -2.49);
insert into SHOT values (4926, 4322, 4326, 79, 2.620, 174.53, 82.27, 2.614, 175.10, 82.28, 0.007, 282.53, -59.27);
insert into SHOT values (4927, 4322, 4327, 79, 2.800, 63.04, -5.89, 2.797, 63.07, -5.95, 0.005, 222.82, -35.63);
insert into SHOT values (4928, 4322, 4328, 79, 3.240, 39.08, -3.46, 3.241, 39.10, -3.54, 0.005, 113.19, -73.54);
insert into SHOT values (4929, 4322, 4329, 79, 1.140, 24.10, 11.71, 1.142, 24.27, 11.62, 0.005, 76.23, -17.64);
insert into SHOT values (4930, 4322, 4330, 79, 4.040, 141.32, 2.89, 4.039, 141.34, 2.84, 0.004, 263.48, -65.54);
insert into SHOT values (4931, 4322, 4330, 79, 4.040, 141.41, 2.93, 4.039, 141.34, 2.84, 0.008, 42.70, -52.62);
insert into SHOT values (4932, 4322, 4330, 79, 4.040, 141.38, 2.92, 4.039, 141.34, 2.84, 0.006, 35.69, -63.36);
insert into SHOT values (4933, 4330, 4331, 79, 0.360, 263.05, 12.45, 0.361, 263.48, 12.79, 0.004, 337.54, 41.03);
insert into SHOT values (4934, 4330, 4332, 79, 4.820, 192.00, 70.29, 4.822, 192.07, 70.30, 0.003, 271.93, 49.84);
insert into SHOT values (4935, 4330, 4333, 79, 4.110, 191.98, -46.93, 4.111, 191.91, -46.87, 0.006, 149.83, 25.36);
insert into SHOT values (4936, 4330, 4334, 79, 5.990, 182.82, 4.14, 5.993, 182.88, 4.11, 0.007, 244.73, -19.98);
insert into SHOT values (4937, 4330, 4335, 79, 2.800, 180.32, 37.89, 2.800, 180.26, 37.89, 0.002, 97.27, 9.31);
insert into SHOT values (4938, 4330, 4336, 79, 3.070, 175.70, -11.59, 3.069, 175.81, -11.46, 0.009, 259.06, 50.50);
insert into SHOT values (4939, 4330, 4336, 79, 3.070, 175.87, -11.44, 3.069, 175.81, -11.46, 0.004, 70.06, -17.31);
insert into SHOT values (4940, 4330, 4336, 79, 3.070, 176.01, -11.27, 3.069, 175.81, -11.46, 0.015, 71.55, -42.15);
insert into SHOT values (4941, 4336, 4337, 79, 0.800, 286.75, 12.48, 0.802, 286.35, 12.97, 0.009, 201.80, 52.30);
insert into SHOT values (4942, 4336, 4338, 79, 1.650, 270.01, 51.54, 1.651, 270.00, 51.39, 0.004, 267.27, -28.27);
insert into SHOT values (4943, 4336, 4339, 79, 6.650, 251.73, 82.77, 6.653, 252.00, 82.74, 0.006, 294.22, 26.45);
insert into SHOT values (4944, 4336, 4340, 79, 0.680, 84.52, 51.64, 0.685, 84.56, 52.00, 0.007, 194.81, 87.38);
insert into SHOT values (4945, 4336, 4341, 79, 3.800, 192.57, -58.62, 3.796, 192.56, -58.60, 0.004, 26.26, 71.21);
insert into SHOT values (4946, 4336, 4342, 79, 1.710, 22.55, -76.60, 1.705, 22.62, -76.78, 0.007, 198.23, 28.66);
insert into SHOT values (4947, 4336, 4343, 79, 5.960, 198.80, -31.15, 5.961, 198.86, -31.11, 0.007, 256.81, 25.05);
insert into SHOT values (4948, 4336, 4344, 79, 5.800, 199.45, -26.69, 5.802, 199.48, -26.62, 0.008, 230.29, 41.50);
insert into SHOT values (4949, 4336, 4344, 79, 5.800, 199.39, -26.59, 5.802, 199.48, -26.62, 0.009, 286.34, -24.85);
insert into SHOT values (4950, 4336, 4344, 79, 5.800, 199.35, -26.60, 5.802, 199.48, -26.62, 0.012, 285.10, -13.95);
insert into SHOT values (4951, 4344, 4345, 79, 2.940, 47.27, 80.83, 2.948, 47.56, 80.74, 0.010, 70.38, 50.71);
insert into SHOT values (4952, 4344, 4346, 79, 1.200, 65.09, 26.58, 1.206, 65.34, 26.60, 0.008, 106.82, 23.75);
insert into SHOT values (4953, 4344, 4347, 79, 3.690, 12.43, 3.21, 3.694, 12.53, 3.26, 0.008, 72.90, 24.79);
insert into SHOT values (4954, 4344, 4348, 79, 2.430, 342.79, -16.56, 2.425, 342.73, -16.53, 0.006, 189.75, 27.47);
insert into SHOT values (4955, 4344, 4349, 79, 1.060, 311.75, 22.16, 1.056, 311.68, 22.26, 0.004, 146.95, 2.26);
insert into SHOT values (4956, 4344, 4350, 79, 1.760, 77.67, -29.81, 1.763, 77.96, -29.56, 0.011, 126.96, 25.96);
insert into SHOT values (4957, 4344, 4351, 79, 4.500, 107.87, 22.29, 4.508, 107.87, 22.29, 0.008, 108.02, 22.92);
insert into SHOT values (4958, 4344, 4352, 79, 2.120, 94.19, 15.11, 2.130, 94.18, 15.24, 0.011, 93.00, 40.03);
insert into SHOT values (4959, 4344, 4353, 79, 1.880, 94.44, 14.69, 1.887, 94.40, 14.73, 0.008, 83.54, 25.06);
insert into SHOT values (4960, 4344, 4353, 79, 1.880, 94.50, 14.61, 1.887, 94.40, 14.73, 0.009, 66.86, 39.78);
insert into SHOT values (4961, 4344, 4353, 79, 1.890, 94.23, 14.92, 1.887, 94.40, 14.73, 0.009, 193.86, -50.52);
insert into SHOT values (4962, 4353, 4354, 79, 0.350, 188.26, 0.96, 0.354, 188.13, 1.62, 0.006, 175.71, 48.26);
insert into SHOT values (4963, 4353, 4355, 79, 2.330, 156.07, 52.11, 2.332, 156.12, 52.10, 0.002, 191.85, 29.61);
insert into SHOT values (4964, 4353, 4356, 79, 1.910, 158.87, 74.43, 1.910, 159.44, 74.43, 0.005, 249.53, 1.01);
insert into SHOT values (4965, 4353, 4357, 79, 2.390, 85.56, -59.57, 2.391, 85.75, -59.50, 0.005, 139.83, 9.06);
insert into SHOT values (4966, 4353, 4358, 79, 2.720, 123.12, -25.25, 2.722, 123.24, -25.22, 0.006, 184.12, 2.63);
insert into SHOT values (4967, 4353, 4359, 79, 6.800, 125.19, 23.17, 6.801, 125.16, 23.21, 0.005, 19.88, 57.39);
insert into SHOT values (4968, 4353, 4360, 79, 4.410, 122.22, -2.42, 4.412, 122.21, -2.34, 0.007, 108.40, 67.54);
insert into SHOT values (4969, 4353, 4361, 79, 7.610, 124.04, -15.60, 7.617, 124.06, -15.53, 0.011, 138.29, 34.41);
insert into SHOT values (4970, 4353, 4361, 79, 7.620, 124.10, -15.52, 7.617, 124.06, -15.53, 0.006, 2.31, -9.73);
insert into SHOT values (4971, 4353, 4361, 79, 7.630, 123.95, -15.61, 7.617, 124.06, -15.53, 0.021, 249.08, 37.80);
insert into SHOT values (4972, 4361, 4362, 79, 2.060, 322.42, 6.51, 2.059, 322.35, 6.41, 0.004, 221.13, -52.86);
insert into SHOT values (4973, 4361, 4363, 79, 0.950, 240.02, -10.06, 0.952, 239.88, -10.29, 0.005, 174.74, -57.36);
insert into SHOT values (4974, 4361, 4364, 79, 1.830, 210.09, -48.56, 1.835, 209.74, -48.77, 0.011, 105.90, -47.30);
insert into SHOT values (4975, 4361, 4365, 79, 1.380, 199.06, -14.83, 1.379, 198.84, -15.13, 0.009, 80.97, -49.92);
insert into SHOT values (4976, 4361, 4366, 79, 3.620, 179.59, 16.46, 3.617, 179.50, 16.38, 0.008, 73.22, -46.68);
insert into SHOT values (4977, 4361, 4367, 79, 0.180, 155.79, 21.60, 0.176, 154.98, 19.92, 0.007, 27.40, -64.60);
insert into SHOT values (4978, 4361, 4368, 79, 2.500, 193.25, 19.89, 2.481, 192.85, 19.54, 0.029, 66.23, -44.96);
insert into SHOT values (4979, 4361, 4368, 79, 2.480, 192.83, 19.50, 2.481, 192.85, 19.54, 0.002, 235.08, 63.54);
insert into SHOT values (4980, 4361, 4368, 79, 2.480, 192.71, 19.58, 2.481, 192.85, 19.54, 0.006, 263.60, -10.52);
insert into SHOT values (4981, 4368, 4369, 79, 1.390, 294.46, 49.26, 1.396, 294.03, 49.39, 0.010, 217.22, 44.08);
insert into SHOT values (4982, 4368, 4370, 79, 2.400, 14.91, 87.62, 2.402, 12.53, 87.80, 0.009, 221.82, 13.74);
insert into SHOT values (4983, 4368, 4371, 79, 1.250, 109.99, 26.27, 1.249, 109.90, 26.63, 0.008, 313.42, 55.52);
insert into SHOT values (4984, 4368, 4372, 79, 6.010, 192.75, 23.49, 6.016, 192.78, 23.51, 0.007, 221.67, 40.18);
insert into SHOT values (4985, 4368, 4373, 79, 2.300, 206.54, -16.04, 2.302, 206.57, -15.89, 0.006, 223.13, 58.40);
insert into SHOT values (4986, 4368, 4374, 79, 2.490, 218.04, -50.30, 2.485, 217.59, -50.22, 0.014, 125.95, 24.94);
insert into SHOT values (4987, 4368, 4374, 79, 2.490, 218.58, -50.21, 2.485, 217.59, -50.22, 0.028, 121.01, 6.80);
insert into SHOT values (4988, 4368, 4374, 79, 2.480, 216.73, -50.43, 2.485, 217.59, -50.22, 0.026, 283.73, 3.75);
insert into SHOT values (4989, 4374, 4375, 79, 0.270, 273.11, 10.43, 0.275, 274.24, 10.46, 0.007, 319.06, 8.61);
insert into SHOT values (4990, 4374, 4376, 79, 0.870, 117.84, 26.63, 0.863, 117.90, 26.88, 0.008, 292.54, 0.29);
insert into SHOT values (4991, 4374, 4377, 79, 1.440, 154.32, -35.19, 1.440, 154.31, -35.21, 0.001, 2.46, -13.47);
insert into SHOT values (4992, 4374, 4378, 79, 1.350, 188.74, 36.28, 1.347, 189.03, 36.44, 0.007, 320.61, 9.04);
insert into SHOT values (4993, 4374, 4379, 79, 3.070, 195.06, -4.11, 3.064, 195.17, -4.12, 0.008, 327.77, 0.22);
insert into SHOT values (4994, 4374, 4380, 79, 5.370, 199.34, -23.31, 5.371, 199.43, -23.36, 0.009, 296.65, -33.79);
insert into SHOT values (4995, 4374, 4381, 79, 6.000, 186.81, -16.12, 6.000, 186.98, -16.16, 0.017, 281.73, -13.67);
insert into SHOT values (4996, 4374, 4381, 79, 6.010, 186.92, -16.16, 6.000, 186.98, -16.16, 0.012, 336.74, 13.35);
insert into SHOT values (4997, 4374, 4381, 79, 6.010, 186.94, -16.22, 6.000, 186.98, -16.16, 0.012, 342.27, 44.45);
insert into SHOT values (4998, 4381, 4382, 79, 0.870, 262.51, -11.83, 0.866, 262.54, -12.00, 0.005, 76.80, -20.59);
insert into SHOT values (4999, 4381, 4383, 79, 1.350, 257.39, -65.50, 1.350, 256.46, -65.70, 0.010, 140.86, -8.80);
insert into SHOT values (5000, 4381, 4384, 79, 0.790, 72.43, -68.79, 0.795, 74.05, -68.52, 0.010, 129.85, -19.73);
insert into SHOT values (5001, 4381, 4385, 79, 1.670, 200.26, -33.04, 1.674, 199.98, -32.94, 0.008, 144.40, 3.66);
insert into SHOT values (5002, 4381, 4386, 79, 3.340, 184.56, -28.96, 3.347, 184.50, -28.95, 0.008, 161.27, -20.88);
insert into SHOT values (5003, 4381, 4387, 79, 2.890, 178.06, -7.83, 2.899, 178.00, -7.93, 0.011, 160.28, -34.56);
insert into SHOT values (5004, 4381, 4388, 79, 0.490, 177.73, 19.50, 0.497, 177.56, 18.78, 0.009, 168.62, -22.43);
insert into SHOT values (5005, 4381, 4389, 79, 3.980, 181.85, 3.82, 3.980, 181.73, 3.75, 0.010, 96.35, -32.00);
insert into SHOT values (5006, 4381, 4390, 79, 5.760, 185.78, -11.99, 5.764, 185.70, -12.02, 0.009, 120.10, -21.67);
insert into SHOT values (5007, 4381, 4391, 79, 4.940, 182.12, -2.03, 4.937, 182.09, -2.09, 0.007, 36.74, -48.76);
insert into SHOT values (5008, 4381, 4391, 79, 4.930, 182.14, -2.01, 4.937, 182.09, -2.09, 0.010, 148.40, -43.01);
insert into SHOT values (5009, 4381, 4391, 79, 4.930, 182.18, -2.05, 4.937, 182.09, -2.09, 0.011, 132.20, -20.02);
insert into SHOT values (5010, 4391, 4392, 79, 0.730, 36.38, -5.04, 0.724, 36.55, -4.75, 0.007, 193.58, 36.38);
insert into SHOT values (5011, 4391, 4393, 79, 1.710, 103.15, -67.66, 1.708, 103.39, -67.71, 0.004, 233.99, 24.55);
insert into SHOT values (5012, 4391, 4394, 79, 6.400, 114.19, 1.44, 6.403, 114.16, 1.43, 0.004, 66.49, -11.31);
insert into SHOT values (5013, 4391, 4395, 79, 5.340, 135.78, 5.38, 5.341, 135.76, 5.37, 0.002, 86.27, -17.14);
insert into SHOT values (5014, 4391, 4396, 79, 7.730, 119.34, 7.85, 7.725, 119.35, 7.89, 0.007, 291.94, 36.51);
insert into SHOT values (5015, 4391, 4397, 79, 8.370, 119.81, 22.59, 8.367, 119.82, 22.63, 0.007, 287.88, 40.88);
insert into SHOT values (5016, 4391, 4398, 79, 3.780, 124.04, -11.26, 3.781, 124.12, -11.29, 0.006, 202.58, -20.22);
insert into SHOT values (5017, 4391, 4399, 79, 3.540, 144.32, -31.00, 3.542, 144.37, -30.92, 0.006, 178.04, 31.78);
insert into SHOT values (5018, 4391, 4400, 79, 6.820, 122.74, -6.79, 6.811, 122.75, -6.66, 0.018, 292.24, 67.39);
insert into SHOT values (5019, 4391, 4400, 79, 6.810, 122.58, -6.67, 6.811, 122.75, -6.66, 0.020, 208.20, 2.80);
insert into SHOT values (5020, 4391, 4400, 79, 6.810, 122.78, -6.65, 6.811, 122.75, -6.66, 0.004, 53.16, -20.30);
insert into SHOT values (5021, 4400, 4401, 79, 0.360, 214.23, 43.17, 0.348, 213.69, 43.56, 0.012, 47.38, -31.07);
insert into SHOT values (5022, 4400, 4402, 79, 1.220, 320.63, 87.25, 1.221, 329.04, 87.26, 0.009, 56.33, 9.31);
insert into SHOT values (5023, 4400, 4403, 79, 0.400, 30.29, -6.23, 0.406, 29.74, -7.07, 0.009, 355.19, -44.66);
insert into SHOT values (5024, 4400, 4404, 79, 3.150, 122.03, -67.08, 3.149, 122.01, -67.08, 0.001, 359.52, 64.43);
insert into SHOT values (5025, 4400, 4405, 79, 3.770, 121.47, -66.66, 3.780, 121.36, -66.64, 0.010, 92.37, -54.45);
insert into SHOT values (5026, 4400, 4406, 79, 4.950, 105.29, -26.47, 4.955, 105.16, -26.49, 0.011, 34.15, -19.52);
insert into SHOT values (5027, 4400, 4407, 79, 5.800, 110.03, -9.99, 5.802, 109.96, -10.03, 0.008, 28.09, -27.69);
insert into SHOT values (5028, 4400, 4408, 79, 5.530, 112.12, 5.66, 5.531, 112.09, 5.60, 0.006, 42.83, -61.41);
insert into SHOT values (5029, 4400, 4409, 79, 5.400, 111.04, -20.06, 5.401, 110.90, -20.03, 0.013, 27.50, 10.07);
insert into SHOT values (5030, 4400, 4409, 79, 5.400, 110.87, -20.02, 5.401, 110.90, -20.03, 0.003, 198.06, -26.64);
insert into SHOT values (5031, 4400, 4409, 79, 5.400, 110.92, -20.06, 5.401, 110.90, -20.03, 0.003, 59.23, 44.10);
insert into SHOT values (5032, 4409, 4410, 79, 0.490, 44.70, 25.09, 0.488, 44.09, 24.18, 0.009, 334.90, -57.02);
insert into SHOT values (5033, 4409, 4411, 79, 3.720, 128.63, 79.93, 3.718, 128.80, 79.86, 0.005, 154.51, -31.71);
insert into SHOT values (5034, 4409, 4412, 79, 2.250, 163.77, 78.56, 2.245, 163.18, 78.46, 0.008, 106.05, -44.02);
insert into SHOT values (5035, 4409, 4413, 79, 1.110, 179.54, 43.09, 1.104, 179.29, 42.80, 0.009, 80.47, -66.88);
insert into SHOT values (5036, 4409, 4414, 79, 1.180, 109.90, -52.89, 1.187, 109.71, -53.16, 0.009, 13.55, -75.03);
insert into SHOT values (5037, 4409, 4415, 79, 2.340, 135.14, -29.36, 2.345, 135.20, -29.37, 0.005, 161.97, -30.47);
insert into SHOT values (5038, 4409, 4416, 79, 2.030, 133.53, -14.74, 2.027, 133.55, -14.86, 0.005, 302.37, -41.50);
insert into SHOT values (5039, 4409, 4417, 79, 2.080, 138.99, -15.69, 2.076, 139.06, -15.65, 0.005, 284.96, 30.99);
insert into SHOT values (5040, 4409, 4417, 79, 2.080, 139.17, -15.57, 2.076, 139.06, -15.65, 0.006, 359.68, -15.58);
insert into SHOT values (5041, 4409, 4417, 79, 2.080, 139.09, -15.29, 2.076, 139.06, -15.65, 0.014, 328.09, -57.17);
insert into SHOT values (5042, 4417, 4418, 79, 0.960, 279.09, 22.85, 0.956, 279.14, 22.78, 0.005, 86.20, -38.05);
insert into SHOT values (5043, 4417, 4419, 79, 3.020, 231.55, 61.13, 3.016, 231.40, 61.08, 0.006, 149.54, -50.72);
insert into SHOT values (5044, 4417, 4420, 79, 0.590, 192.98, 21.54, 0.595, 192.53, 21.69, 0.007, 148.01, 28.75);
insert into SHOT values (5045, 4417, 4421, 79, 2.670, 247.14, 2.40, 2.664, 247.00, 2.37, 0.009, 114.27, -11.46);
insert into SHOT values (5046, 4417, 4422, 79, 2.460, 249.16, -23.15, 2.459, 249.00, -23.23, 0.007, 143.40, -23.54);
insert into SHOT values (5047, 4417, 4423, 79, 1.940, 230.75, -32.07, 1.938, 230.69, -32.11, 0.003, 87.39, 0.98);
insert into SHOT values (5048, 4417, 4424, 79, 1.820, 253.44, 18.67, 1.819, 253.14, 18.59, 0.009, 162.44, -16.22);
insert into SHOT values (5049, 4417, 4424, 79, 1.810, 253.43, 18.57, 1.819, 253.14, 18.59, 0.013, 207.19, 16.60);
insert into SHOT values (5050, 4417, 4424, 79, 1.820, 253.30, 18.42, 1.819, 253.14, 18.59, 0.007, 134.08, 41.99);
insert into SHOT values (5051, 4424, 4425, 79, 2.500, 192.46, -43.14, 2.499, 192.36, -43.18, 0.004, 70.84, -8.11);
insert into SHOT values (5052, 4424, 4426, 79, 1.620, 193.45, 0.13, 1.613, 193.26, 0.00, 0.010, 50.73, -22.69);
insert into SHOT values (5053, 4424, 4427, 79, 2.020, 224.85, 3.42, 2.019, 224.80, 3.41, 0.002, 102.51, -13.31);
insert into SHOT values (5054, 4424, 4428, 79, 3.280, 224.21, 2.53, 3.270, 224.50, 2.45, 0.020, 344.75, -13.82);
insert into SHOT values (5055, 4424, 4428, 79, 3.270, 224.56, 2.49, 3.270, 224.50, 2.45, 0.004, 135.31, -32.87);
insert into SHOT values (5056, 4424, 4428, 79, 3.270, 224.64, 2.59, 3.270, 224.50, 2.45, 0.011, 136.76, -45.01);
insert into SHOT values (5057, 4428, 4429, 79, 4.120, 291.31, -27.04, 4.119, 291.25, -27.00, 0.005, 199.32, 38.23);
insert into SHOT values (5058, 4428, 4430, 79, 3.240, 286.72, -34.72, 3.237, 286.80, -34.64, 0.007, 7.60, 54.33);
insert into SHOT values (5059, 4428, 4431, 79, 2.890, 270.53, -54.06, 2.887, 270.68, -54.16, 0.008, 55.10, -1.24);
insert into SHOT values (5060, 4428, 4432, 79, 3.620, 266.04, -46.10, 3.618, 266.11, -46.17, 0.006, 50.91, -16.82);
insert into SHOT values (5061, 4428, 4433, 79, 2.610, 283.08, 17.54, 2.607, 283.03, 17.64, 0.006, 128.16, 33.36);
insert into SHOT values (5062, 4428, 4434, 79, 1.760, 270.24, 48.16, 1.756, 270.49, 48.23, 0.007, 38.22, -10.67);
insert into SHOT values (5063, 4428, 4435, 79, 0.170, 238.35, 61.69, 0.170, 240.26, 61.74, 0.003, 329.27, 7.08);
insert into SHOT values (5064, 4428, 4436, 79, 1.360, 94.32, -28.31, 1.363, 94.29, -28.01, 0.008, 88.19, 39.31);
insert into SHOT values (5065, 4428, 4437, 79, 0.790, 26.97, -25.84, 0.788, 27.65, -25.55, 0.009, 116.05, 27.29);
insert into SHOT values (5066, 4428, 4438, 79, 2.450, 101.55, -42.94, 2.453, 101.56, -42.91, 0.003, 107.85, -18.74);
insert into SHOT values (5067, 4428, 4439, 79, 4.120, 288.28, -27.53, 4.120, 288.34, -27.46, 0.006, 347.65, 46.21);
insert into SHOT values (5068, 4428, 4440, 79, 3.360, 261.34, -35.84, 3.359, 261.33, -35.90, 0.004, 87.40, -43.82);
insert into SHOT values (5069, 4428, 4441, 79, 2.620, 202.76, 20.54, 2.603, 202.67, 20.46, 0.018, 36.48, -30.98);
insert into SHOT values (5070, 4428, 4441, 79, 2.610, 202.80, 20.20, 2.603, 202.67, 20.46, 0.015, 48.75, 35.62);
insert into SHOT values (5071, 4428, 4441, 79, 2.580, 203.00, 20.42, 2.603, 202.67, 20.46, 0.027, 168.98, 21.65);
insert into SHOT values (5072, 4441, 4442, 79, 1.050, 66.59, -10.38, 1.043, 66.43, -10.50, 0.008, 267.46, -5.96);
insert into SHOT values (5073, 4441, 4443, 79, 1.700, 125.71, 66.13, 1.693, 126.03, 66.31, 0.010, 280.11, -27.77);
insert into SHOT values (5074, 4441, 4444, 79, 2.080, 88.63, -84.84, 2.078, 86.82, -85.02, 0.009, 308.23, 9.97);
insert into SHOT values (5075, 4441, 4445, 79, 5.370, 198.95, -86.58, 5.370, 200.14, -86.59, 0.007, 296.56, 3.74);
insert into SHOT values (5076, 4441, 4446, 79, 2.220, 156.85, -1.44, 2.219, 156.90, -1.55, 0.005, 283.49, -58.65);
insert into SHOT values (5077, 4441, 4447, 79, 2.160, 157.39, -1.05, 2.157, 157.36, -1.06, 0.004, 355.52, -6.51);
insert into SHOT values (5078, 4441, 4448, 79, 2.170, 156.91, -1.40, 2.165, 156.87, -1.32, 0.006, 352.13, 28.24);
insert into SHOT values (5079, 4441, 4449, 79, 2.170, 154.90, -0.64, 2.165, 154.86, -0.79, 0.008, 354.76, -49.15);
insert into SHOT values (5080, 4441, 4450, 79, 2.160, 156.54, -0.81, 2.160, 157.11, -1.06, 0.024, 246.20, -23.59);
insert into SHOT values (5081, 4441, 4450, 79, 2.150, 156.91, -0.54, 2.160, 157.11, -1.06, 0.023, 194.30, -57.20);
insert into SHOT values (5082, 4441, 4450, 79, 2.170, 157.61, -1.41, 2.160, 157.11, -1.06, 0.025, 40.88, 32.66);
insert into SHOT values (5083, 4450, 4451, 79, 2.730, 123.40, 2.21, 2.731, 123.34, 2.31, 0.006, 56.50, 56.98);
insert into SHOT values (5084, 4450, 4452, 79, 1.240, 42.39, 30.20, 1.241, 42.35, 30.52, 0.007, 238.67, 64.82);
insert into SHOT values (5085, 4450, 4453, 79, 0.270, 229.50, 44.21, 0.270, 231.34, 44.69, 0.007, 333.50, 15.24);
insert into SHOT values (5086, 4450, 4454, 79, 4.870, 166.63, 83.57, 4.870, 167.24, 83.59, 0.006, 275.66, 5.90);
insert into SHOT values (5087, 4450, 4455, 79, 25.820, 130.61, -71.72, 25.813, 130.59, -71.71, 0.007, 49.71, 71.47);
insert into SHOT values (5088, 4450, 4456, 79, 27.690, 176.69, -84.44, 27.690, 176.80, -84.44, 0.005, 251.45, -3.03);
insert into SHOT values (5089, 4450, 4457, 79, 7.480, 205.52, -87.69, 7.476, 205.71, -87.70, 0.004, 356.96, 62.08);
insert into SHOT values (5090, 4450, 4458, 79, 7.480, 129.68, -75.73, 7.480, 129.49, -75.76, 0.007, 7.89, -6.22);
insert into SHOT values (5091, 4450, 4459, 79, 7.480, 129.61, -75.73, 7.480, 129.49, -75.76, 0.006, 355.49, -8.20);
insert into SHOT values (5092, 4450, 4460, 79, 7.410, 125.43, -75.81, 7.404, 125.10, -75.86, 0.014, 359.53, 16.70);
insert into SHOT values (5093, 4450, 4460, 79, 7.410, 125.15, -75.87, 7.404, 125.10, -75.86, 0.006, 32.35, 73.56);
insert into SHOT values (5094, 4450, 4460, 79, 7.410, 125.19, -75.88, 7.404, 125.10, -75.86, 0.007, 56.65, 62.44);
insert into SHOT values (5095, 4460, 4461, 79, 4.490, 90.08, -18.53, 4.484, 90.13, -18.60, 0.009, 240.68, -20.35);
insert into SHOT values (5096, 4460, 4462, 79, 10.710, 131.86, -9.88, 10.711, 131.85, -9.89, 0.003, 61.85, -49.80);
insert into SHOT values (5097, 4460, 4463, 79, 17.090, 153.45, -5.54, 17.092, 153.47, -5.54, 0.005, 221.17, -1.43);
insert into SHOT values (5098, 4460, 4464, 79, 7.610, 181.03, -6.69, 7.613, 181.06, -6.71, 0.006, 233.70, -33.96);
insert into SHOT values (5099, 4460, 4465, 79, 3.910, 213.79, 2.97, 3.913, 213.73, 2.93, 0.006, 161.40, -26.90);
insert into SHOT values (5100, 4460, 4466, 79, 3.070, 245.09, -3.69, 3.071, 245.11, -3.73, 0.003, 285.67, -59.50);
insert into SHOT values (5101, 4460, 4467, 79, 19.190, 158.07, -72.13, 19.195, 158.05, -72.14, 0.006, 16.80, -65.69);
insert into SHOT values (5102, 4460, 4468, 79, 6.820, 108.83, -39.05, 6.820, 108.85, -39.09, 0.005, 259.72, -48.91);
insert into SHOT values (5103, 4460, 4469, 79, 3.290, 71.63, -9.33, 3.288, 71.68, -9.28, 0.005, 198.35, 45.64);
insert into SHOT values (5104, 4460, 4470, 79, 4.440, 83.23, 65.32, 4.436, 83.18, 65.31, 0.005, 325.58, -68.30);
insert into SHOT values (5105, 4460, 4471, 79, 3.380, 140.82, 73.17, 3.376, 140.79, 73.11, 0.006, 128.84, -66.78);
insert into SHOT values (5106, 4460, 4472, 79, 15.710, 124.72, 29.15, 15.706, 124.76, 29.15, 0.009, 233.69, -14.23);
insert into SHOT values (5107, 4460, 4473, 79, 31.020, 148.80, 12.07, 31.021, 148.81, 12.08, 0.006, 231.21, 34.71);
insert into SHOT values (5108, 4460, 4474, 79, 12.890, 172.14, -13.87, 12.893, 172.15, -13.87, 0.004, 201.56, -0.20);
insert into SHOT values (5109, 4460, 4475, 79, 11.640, 171.90, -50.21, 11.648, 171.90, -50.21, 0.008, 175.63, -49.53);
insert into SHOT values (5110, 4460, 4476, 79, 18.220, 135.69, -67.23, 18.219, 135.75, -67.23, 0.007, 236.09, 0.33);
insert into SHOT values (5111, 4460, 4477, 79, 6.490, 80.24, -57.79, 6.493, 80.16, -57.90, 0.013, 291.09, -41.60);
insert into SHOT values (5112, 4460, 4477, 79, 6.490, 80.03, -57.89, 6.493, 80.16, -57.90, 0.008, 162.00, -20.01);
insert into SHOT values (5113, 4460, 4477, 79, 6.500, 80.24, -57.87, 6.493, 80.16, -57.90, 0.009, 299.77, 29.29);
insert into SHOT values (5114, 4477, 4478, 79, 4.420, 150.95, -15.81, 4.423, 150.91, -15.74, 0.007, 114.15, 37.83);
insert into SHOT values (5115, 4477, 4479, 79, 11.020, 164.46, -14.05, 11.021, 164.43, -14.02, 0.008, 94.53, 41.69);
insert into SHOT values (5116, 4477, 4480, 79, 10.030, 195.46, -9.48, 10.035, 195.47, -9.46, 0.006, 210.08, 19.08);
insert into SHOT values (5117, 4477, 4481, 79, 7.530, 221.42, -8.55, 7.531, 221.35, -8.55, 0.009, 134.40, -3.23);
insert into SHOT values (5118, 4477, 4482, 79, 1.000, 272.63, 0.20, 1.001, 272.29, 0.00, 0.007, 190.20, -30.27);
insert into SHOT values (5119, 4477, 4483, 79, 11.680, 154.58, -72.25, 11.682, 154.45, -72.32, 0.017, 5.40, -20.44);
insert into SHOT values (5120, 4477, 4483, 79, 11.680, 154.28, -72.34, 11.682, 154.45, -72.32, 0.011, 224.99, -2.30);
insert into SHOT values (5121, 4477, 4483, 79, 11.680, 154.44, -72.33, 11.682, 154.45, -72.32, 0.002, 167.67, -31.51);
insert into SHOT values (5122, 4483, 4484, 79, 3.240, 198.37, 0.25, 3.245, 198.32, 0.35, 0.008, 168.09, 48.16);
insert into SHOT values (5123, 4483, 4485, 79, 4.930, 227.87, -14.08, 4.927, 227.80, -14.10, 0.007, 109.37, -5.48);
insert into SHOT values (5124, 4483, 4486, 79, 6.990, 269.59, -20.82, 6.985, 269.56, -20.80, 0.006, 133.71, 43.62);
insert into SHOT values (5125, 4483, 4487, 79, 6.700, 309.40, -29.28, 6.688, 309.37, -29.27, 0.013, 147.97, 31.69);
insert into SHOT values (5126, 4483, 4488, 79, 8.340, 287.96, -23.64, 8.330, 287.94, -23.64, 0.011, 126.75, 23.45);
insert into SHOT values (5127, 4483, 4489, 79, 7.700, 268.95, -25.01, 7.692, 268.93, -25.00, 0.009, 107.31, 36.94);
insert into SHOT values (5128, 4483, 4490, 79, 2.730, 1.96, -27.50, 2.730, 2.13, -27.49, 0.007, 90.98, 4.57);
insert into SHOT values (5129, 4483, 4491, 79, 3.660, 329.04, -25.64, 3.648, 329.07, -25.67, 0.013, 141.90, 17.21);
insert into SHOT values (5130, 4483, 4492, 79, 5.990, 178.47, 40.95, 5.998, 178.48, 40.93, 0.009, 186.08, 28.92);
insert into SHOT values (5131, 4483, 4493, 79, 9.940, 198.06, 42.20, 9.948, 198.02, 42.18, 0.010, 163.00, 17.87);
insert into SHOT values (5132, 4483, 4494, 79, 12.830, 190.96, 50.61, 12.837, 190.90, 50.61, 0.011, 129.85, 23.03);
insert into SHOT values (5133, 4483, 4495, 79, 13.040, 173.63, 55.12, 13.047, 173.62, 55.09, 0.010, 163.57, 15.59);
insert into SHOT values (5134, 4483, 4496, 79, 15.780, 165.95, 56.69, 15.771, 166.06, 56.63, 0.026, 225.93, -42.37);
insert into SHOT values (5135, 4483, 4496, 79, 15.760, 166.03, 56.61, 15.771, 166.06, 56.63, 0.012, 229.78, 65.92);
insert into SHOT values (5136, 4483, 4496, 79, 15.740, 166.16, 56.59, 15.771, 166.06, 56.63, 0.036, 105.83, 60.63);
insert into SHOT values (5137, 4496, 4497, 79, 5.170, 31.62, 8.14, 5.175, 31.67, 8.11, 0.007, 74.53, -16.15);
insert into SHOT values (5138, 4496, 4498, 79, 6.140, 6.27, 6.55, 6.147, 6.30, 6.54, 0.008, 30.09, -2.95);
insert into SHOT values (5139, 4496, 4499, 79, 15.440, 321.13, 3.84, 15.439, 321.17, 3.83, 0.010, 52.84, -22.60);
insert into SHOT values (5140, 4496, 4500, 79, 7.320, 288.24, 6.59, 7.315, 288.29, 6.59, 0.007, 57.49, -0.55);
insert into SHOT values (5141, 4496, 4501, 79, 6.480, 253.55, 11.95, 6.478, 253.60, 11.94, 0.006, 0.81, -18.36);
insert into SHOT values (5142, 4496, 4502, 79, 6.200, 242.65, 18.13, 6.191, 242.69, 18.07, 0.012, 26.77, -49.73);
insert into SHOT values (5143, 4496, 4503, 79, 8.890, 204.20, 31.02, 8.889, 204.18, 31.01, 0.003, 106.54, -22.98);
insert into SHOT values (5144, 4496, 4504, 79, 15.810, 172.17, 29.81, 15.805, 172.17, 29.78, 0.010, 84.85, -83.18);
insert into SHOT values (5145, 4496, 4505, 79, 24.860, 136.03, 25.05, 24.860, 136.03, 25.03, 0.007, 106.84, -57.38);
insert into SHOT values (5146, 4496, 4506, 79, 17.800, 111.66, 27.15, 17.797, 111.64, 27.15, 0.007, 356.75, -22.67);
insert into SHOT values (5147, 4496, 4507, 79, 11.960, 73.59, 47.22, 11.960, 73.57, 47.16, 0.012, 56.63, -41.29);
insert into SHOT values (5148, 4496, 4508, 79, 10.540, 31.72, 40.14, 10.542, 31.72, 40.10, 0.008, 30.81, -33.69);
insert into SHOT values (5149, 4496, 4509, 79, 3.800, 127.72, 22.08, 3.798, 127.62, 21.96, 0.011, 46.68, -53.05);
insert into SHOT values (5150, 4496, 4510, 79, 3.880, 130.50, 23.08, 3.885, 130.46, 23.03, 0.006, 107.62, -9.57);
insert into SHOT values (5151, 4496, 4511, 79, 3.860, 130.25, 22.85, 3.861, 130.22, 22.70, 0.010, 108.20, -58.86);
insert into SHOT values (5152, 4496, 4512, 79, 3.810, 129.61, 21.56, 3.826, 130.30, 22.27, 0.066, 224.06, 49.30);
insert into SHOT values (5153, 4496, 4512, 79, 3.830, 130.72, 22.55, 3.826, 130.30, 22.27, 0.032, 47.54, -35.86);
insert into SHOT values (5154, 4496, 4512, 79, 3.840, 130.86, 22.71, 3.826, 130.30, 22.27, 0.047, 37.37, -43.30);
insert into SHOT values (5155, 4512, 4513, 79, 4.250, 122.85, 5.69, 4.251, 122.94, 5.67, 0.007, 205.13, -11.72);
insert into SHOT values (5156, 4512, 4514, 79, 4.290, 122.74, 5.75, 4.291, 122.76, 5.75, 0.002, 191.38, 7.09);
insert into SHOT values (5157, 4512, 4515, 79, 4.200, 122.93, 5.50, 4.227, 122.97, 5.43, 0.027, 129.51, -5.35);
insert into SHOT values (5158, 4512, 4515, 79, 4.230, 123.09, 5.18, 4.227, 122.97, 5.43, 0.021, 2.99, 61.13);
insert into SHOT values (5159, 4512, 4515, 79, 4.240, 122.82, 5.81, 4.227, 122.97, 5.43, 0.033, 255.98, -62.28);
insert into SHOT values (5160, 4515, 4516, 79, 5.470, 17.47, 4.81, 5.469, 17.40, 4.82, 0.007, 276.14, 11.78);
insert into SHOT values (5161, 4515, 4517, 79, 4.970, 42.39, 4.17, 4.968, 42.38, 4.16, 0.002, 240.80, -34.56);
insert into SHOT values (5162, 4515, 4518, 79, 7.410, 73.82, 3.53, 7.407, 73.82, 3.56, 0.005, 252.88, 50.17);
insert into SHOT values (5163, 4515, 4519, 79, 12.750, 94.14, 0.82, 12.745, 94.14, 0.81, 0.006, 273.97, -24.40);
insert into SHOT values (5164, 4515, 4520, 79, 16.950, 106.10, 2.98, 16.946, 106.09, 2.98, 0.005, 322.34, -12.82);
insert into SHOT values (5165, 4515, 4521, 79, 14.400, 125.46, 1.81, 14.398, 125.47, 1.83, 0.006, 265.91, 57.82);
insert into SHOT values (5166, 4515, 4522, 79, 7.790, 150.27, 11.76, 7.787, 150.27, 11.78, 0.004, 321.67, 34.47);
insert into SHOT values (5167, 4515, 4523, 79, 11.100, 202.24, 20.61, 11.103, 202.22, 20.62, 0.005, 145.18, 34.02);
insert into SHOT values (5168, 4515, 4524, 79, 13.640, 231.60, 52.12, 13.645, 231.64, 52.12, 0.008, 288.48, 30.10);
insert into SHOT values (5169, 4515, 4525, 79, 9.450, 258.79, 4.78, 9.453, 258.80, 4.79, 0.004, 286.34, 43.79);
insert into SHOT values (5170, 4515, 4526, 79, 12.920, 282.05, 2.92, 12.922, 282.08, 2.93, 0.007, 350.14, 16.12);
insert into SHOT values (5171, 4515, 4527, 79, 17.980, 315.01, 29.10, 17.979, 315.00, 29.09, 0.005, 253.49, -54.10);
insert into SHOT values (5172, 4515, 4528, 79, 16.310, 328.05, 80.06, 16.315, 328.06, 80.06, 0.005, 351.88, 76.80);
insert into SHOT values (5173, 4515, 4529, 79, 15.610, 311.76, 67.50, 15.610, 311.74, 67.48, 0.005, 290.05, -22.55);
insert into SHOT values (5174, 4515, 4530, 79, 14.940, 129.62, 74.37, 14.943, 129.66, 74.37, 0.004, 190.24, 37.41);
insert into SHOT values (5175, 4515, 4531, 79, 12.960, 122.93, 45.15, 12.961, 122.94, 45.16, 0.003, 230.27, 43.06);
insert into SHOT values (5176, 4515, 4532, 79, 16.790, 124.45, 29.60, 16.790, 124.45, 29.59, 0.004, 137.19, -55.76);
insert into SHOT values (5177, 4515, 4533, 79, 14.370, 110.19, -9.26, 14.367, 110.17, -9.25, 0.006, 345.81, 24.68);
insert into SHOT values (5178, 4515, 4534, 79, 12.340, 104.45, -16.98, 12.339, 104.42, -16.96, 0.006, 14.39, 35.83);
insert into SHOT values (5179, 4515, 4535, 79, 10.890, 86.85, -25.03, 10.889, 86.86, -25.05, 0.004, 227.04, -37.86);
insert into SHOT values (5180, 4515, 4536, 79, 9.320, 78.72, -29.90, 9.319, 78.72, -29.93, 0.005, 263.69, -50.07);
insert into SHOT values (5181, 4515, 4537, 79, 5.770, 149.39, -19.49, 5.767, 149.38, -19.45, 0.005, 12.51, 74.16);
insert into SHOT values (5182, 4515, 4538, 79, 3.120, 180.65, -20.59, 3.120, 180.59, -20.64, 0.004, 80.77, -41.04);
insert into SHOT values (5183, 4515, 4539, 79, 5.050, 125.62, -31.31, 5.048, 125.57, -31.26, 0.006, 43.73, 47.85);
insert into SHOT values (5184, 4515, 4540, 79, 7.030, 116.27, -27.36, 7.029, 116.24, -27.36, 0.004, 20.04, 13.06);
insert into SHOT values (5185, 4515, 4541, 79, 16.970, 84.57, -21.84, 16.968, 84.57, -21.83, 0.003, 245.28, 65.05);
insert into SHOT values (5186, 4515, 4542, 79, 17.040, 84.63, -21.68, 17.033, 84.64, -21.67, 0.007, 249.50, 42.20);
insert into SHOT values (5187, 4515, 4543, 79, 17.210, 84.65, -21.57, 17.206, 84.66, -21.59, 0.006, 245.72, -28.10);
insert into SHOT values (5188, 4515, 4544, 79, 17.150, 85.95, -20.84, 17.146, 85.92, -20.88, 0.014, 315.04, -37.69);
insert into SHOT values (5189, 4515, 4544, 79, 17.170, 85.83, -20.92, 17.146, 85.92, -20.88, 0.037, 210.89, 34.22);
insert into SHOT values (5190, 4515, 4544, 79, 17.120, 86.03, -20.87, 17.146, 85.92, -20.88, 0.041, 33.64, -15.78);
insert into SURVEY values (82, 19, '2020', '2020.brezno_na_toscu', '2020');
 insert into CENTRELINE values (83, 82, NULL, NULL, NULL, 0.00, 0.00, 0.00);
 insert into CENTRELINE values (84, 82, NULL, NULL, NULL, 0.00, 0.00, 0.00);
 insert into SURVEY values (85, 82, '20200919_bnt_fosilci_nad_macjim', '20200919_bnt_fosilci_nad_macjim.2020.brezno_na_toscu', NULL);
 insert into CENTRELINE values (86, 85, NULL, NULL, NULL, 0.00, 0.00, 0.00);
 insert into CENTRELINE values (87, 85, NULL, '2020-09-19', '2020-09-19', 97.95, 0.00, 0.00);
 insert into SHOT values (5191, 4545, 4546, 87, 3.910, 156.80, 19.00, 3.912, 156.76, 18.94, 0.005, 118.74, -35.85);
insert into SHOT values (5192, 4545, 4547, 87, 6.180, 56.80, 6.50, 6.181, 56.83, 6.50, 0.003, 137.04, 7.70);
insert into SHOT values (5193, 4547, 4548, 87, 1.800, 356.60, -48.80, 1.801, 356.63, -48.56, 0.008, 2.81, 33.96);
insert into SHOT values (5194, 4548, 4549, 87, 5.460, 287.90, 21.90, 5.455, 287.83, 21.85, 0.010, 173.83, -42.51);
insert into SHOT values (5195, 4549, 4550, 87, 4.140, 287.00, 8.80, 4.140, 287.06, 8.89, 0.008, 33.10, 55.45);
insert into SHOT values (5196, 4550, 4551, 87, 5.680, 334.00, 76.50, 5.678, 333.63, 76.47, 0.009, 258.52, -18.96);
insert into SHOT values (5197, 4551, 4552, 87, 1.010, 326.80, 58.70, 1.006, 327.53, 58.77, 0.008, 82.69, -22.16);
insert into SHOT values (5198, 4551, 4553, 87, 1.440, 82.00, 27.50, 1.443, 81.93, 27.23, 0.007, 66.48, -41.29);
insert into SHOT values (5199, 4551, 4554, 87, 3.120, 33.90, 64.80, 3.118, 34.29, 64.73, 0.010, 106.07, -17.96);
insert into SHOT values (5200, 4551, 4555, 87, 0.900, 339.00, 67.30, 0.901, 340.02, 67.07, 0.007, 37.83, -2.24);
insert into SHOT values (5201, 4551, 4556, 87, 0.640, 65.60, -19.80, 0.643, 65.56, -20.01, 0.004, 52.48, -57.52);
insert into SHOT values (5202, 4551, 4557, 87, 0.590, 168.30, -50.30, 0.588, 167.80, -49.93, 0.005, 104.99, 46.83);
insert into SHOT values (5203, 4551, 4558, 87, 0.730, 96.60, -45.10, 0.738, 96.58, -44.81, 0.009, 95.44, -19.63);
insert into SHOT values (5204, 4551, 4559, 87, 0.850, 293.30, -32.20, 0.850, 293.72, -31.97, 0.006, 6.29, 28.03);
insert into SHOT values (5205, 4551, 4560, 87, 1.490, 319.10, -18.80, 1.491, 319.31, -18.79, 0.005, 42.31, 1.93);
insert into SHOT values (5206, 4551, 4561, 87, 2.740, 325.10, -9.20, 2.737, 325.25, -9.25, 0.008, 77.31, -14.04);
insert into SHOT values (5207, 4551, 4562, 87, 1.220, 340.40, -47.50, 1.221, 340.91, -47.48, 0.007, 61.39, -4.04);
insert into SHOT values (5208, 4551, 4563, 87, 1.270, 3.90, 12.80, 1.274, 4.15, 12.69, 0.007, 52.48, -10.64);
insert into SHOT values (5209, 4551, 4564, 87, 3.990, 0.20, 60.20, 3.986, 0.29, 60.22, 0.005, 133.43, -29.36);
insert into SHOT values (5210, 4551, 4565, 87, 1.290, 303.90, 40.00, 1.290, 303.85, 40.05, 0.001, 169.48, 34.22);
insert into SHOT values (5211, 4551, 4566, 87, 0.910, 302.90, -36.80, 0.914, 303.25, -37.02, 0.007, 23.19, -46.88);
insert into SHOT values (5212, 4551, 4567, 87, 1.480, 324.50, -41.30, 1.483, 324.88, -41.38, 0.008, 49.68, -23.28);
insert into SHOT values (5213, 4551, 4568, 87, 0.950, 310.30, -54.90, 0.952, 311.28, -55.03, 0.010, 44.67, -16.34);
insert into SHOT values (5214, 4551, 4569, 87, 3.660, 0.60, 50.80, 3.667, 0.74, 50.75, 0.010, 39.94, 22.37);
insert into SHOT values (5215, 4551, 4570, 87, 3.560, 1.50, 51.80, 3.561, 1.56, 51.83, 0.003, 108.20, 43.27);
insert into SHOT values (5216, 4570, 4571, 87, 1.500, 136.40, 0.20, 1.499, 136.08, 0.00, 0.010, 41.74, -32.01);
insert into SHOT values (5217, 4570, 4572, 87, 2.230, 146.00, -1.80, 2.234, 145.95, -1.80, 0.004, 120.84, 0.63);
insert into SHOT values (5218, 4570, 4573, 87, 2.360, 159.20, -3.50, 2.360, 159.10, -3.64, 0.007, 59.43, -55.47);
insert into SHOT values (5219, 4570, 4574, 87, 1.640, 203.00, -12.40, 1.636, 202.87, -12.72, 0.011, 52.98, -46.91);
insert into SHOT values (5220, 4570, 4575, 87, 1.190, 252.80, -3.10, 1.185, 252.79, -3.39, 0.008, 74.93, -46.81);
insert into SHOT values (5221, 4570, 4576, 87, 0.240, 296.00, -4.50, 0.238, 297.65, -4.82, 0.007, 44.61, -9.25);
insert into SHOT values (5222, 4570, 4577, 87, 4.770, 313.40, 11.80, 4.768, 313.44, 11.74, 0.006, 53.68, -60.13);
insert into SHOT values (5223, 4570, 4578, 87, 6.070, 334.70, 17.00, 6.070, 334.71, 16.95, 0.005, 19.57, -65.58);
insert into SHOT values (5224, 4570, 4579, 87, 3.880, 341.70, 11.20, 3.884, 341.80, 11.13, 0.009, 38.55, -23.96);
insert into SHOT values (5225, 4570, 4580, 87, 1.500, 354.90, 11.50, 1.506, 354.95, 11.49, 0.006, 6.39, 9.02);
insert into SHOT values (5226, 4570, 4581, 87, 7.560, 328.40, 30.50, 7.556, 328.43, 30.45, 0.008, 59.01, -61.89);
insert into SHOT values (5227, 4570, 4582, 87, 5.320, 295.50, 47.00, 5.316, 295.50, 47.03, 0.005, 112.61, -8.79);
insert into SHOT values (5228, 4570, 4583, 87, 6.920, 277.10, 56.70, 6.917, 277.11, 56.68, 0.004, 14.43, -83.64);
insert into SHOT values (5229, 4570, 4584, 87, 5.230, 278.00, 57.20, 5.222, 278.13, 57.21, 0.010, 44.28, -37.73);
insert into SHOT values (5230, 4570, 4585, 87, 2.050, 251.70, 63.50, 2.046, 252.16, 63.46, 0.009, 347.83, -32.03);
insert into SHOT values (5231, 4570, 4586, 87, 2.840, 244.10, 52.40, 2.839, 244.32, 52.43, 0.007, 349.84, -0.84);
insert into SHOT values (5232, 4570, 4587, 87, 6.540, 273.60, 58.90, 6.539, 273.57, 58.91, 0.003, 145.34, 0.30);
insert into SHOT values (5233, 4570, 4588, 87, 1.870, 236.40, 54.30, 1.870, 236.60, 54.36, 0.004, 344.17, 19.22);
insert into SHOT values (5234, 4570, 4589, 87, 1.840, 243.80, 62.00, 1.833, 243.73, 62.07, 0.007, 74.74, -41.30);
insert into SHOT values (5235, 4570, 4590, 87, 2.140, 220.10, 71.80, 2.137, 220.14, 71.81, 0.003, 22.64, -64.90);
insert into SHOT values (5236, 4570, 4591, 87, 1.900, 229.90, 55.30, 1.893, 229.92, 55.51, 0.010, 47.68, -11.76);
insert into SHOT values (5237, 4570, 4592, 87, 2.840, 233.40, 57.90, 2.834, 233.36, 57.86, 0.006, 96.96, -74.63);
insert into SHOT values (5238, 4570, 4593, 87, 3.020, 229.80, 58.60, 3.011, 229.91, 58.60, 0.010, 17.78, -52.74);
insert into SHOT values (5239, 4593, 4594, 87, 4.170, 52.60, -57.00, 4.162, 52.52, -56.98, 0.008, 277.56, 59.54);
insert into SHOT values (5240, 4593, 4595, 87, 1.130, 17.30, -65.70, 1.129, 17.65, -65.85, 0.004, 156.63, -1.51);
insert into SHOT values (5241, 4593, 4596, 87, 1.240, 81.40, -37.20, 1.242, 81.87, -37.15, 0.008, 156.11, -2.02);
insert into SHOT values (5242, 4593, 4597, 87, 1.460, 170.50, 82.40, 1.463, 171.03, 82.44, 0.003, 283.42, 55.77);
insert into SHOT values (5243, 4593, 4598, 87, 1.280, 122.70, 4.60, 1.278, 122.82, 4.94, 0.008, 258.89, 63.05);
insert into SHOT values (5244, 4593, 4599, 87, 1.080, 108.20, 18.60, 1.080, 108.26, 18.91, 0.006, 262.89, 66.51);
insert into SHOT values (5245, 4593, 4600, 87, 2.490, 93.70, 24.50, 2.492, 93.80, 24.66, 0.008, 195.95, 62.05);
insert into SHOT values (5246, 4593, 4601, 87, 3.480, 136.20, 42.10, 3.489, 136.25, 42.11, 0.010, 155.99, 44.80);
insert into SHOT values (5247, 4593, 4602, 87, 4.310, 146.70, 49.10, 4.313, 146.70, 49.10, 0.003, 153.74, 55.35);
insert into SHOT values (5248, 4593, 4603, 87, 0.460, 168.60, 46.90, 0.464, 169.05, 47.12, 0.005, 228.27, 55.39);
insert into SHOT values (5249, 4593, 4604, 87, 4.420, 155.10, 43.00, 4.422, 155.10, 43.07, 0.006, 333.75, 67.23);
insert into SHOT values (5250, 4593, 4605, 87, 1.230, 97.30, 21.10, 1.235, 97.50, 21.37, 0.009, 157.11, 57.74);
insert into SHOT values (5251, 4605, 4606, 87, 2.090, 62.20, 85.30, 2.087, 61.93, 85.33, 0.003, 275.02, -63.35);
insert into SHOT values (5252, 4605, 4607, 87, 1.150, 98.60, 54.60, 1.145, 98.62, 54.33, 0.008, 106.24, -79.50);
insert into SHOT values (5253, 4605, 4608, 87, 1.500, 89.50, 2.80, 1.502, 89.62, 2.67, 0.005, 148.99, -42.40);
insert into SHOT values (5254, 4605, 4609, 87, 0.580, 94.80, -25.40, 0.578, 94.40, -25.61, 0.005, 331.37, -15.55);
insert into SHOT values (5255, 4605, 4610, 87, 1.520, 22.20, 3.00, 1.523, 22.01, 3.01, 0.006, 322.52, 4.43);
insert into SHOT values (5256, 4605, 4611, 87, 0.940, 325.90, 1.80, 0.944, 325.80, 1.82, 0.004, 301.63, 7.06);
insert into SHOT values (5257, 4605, 4612, 87, 1.760, 279.00, 28.40, 1.757, 278.91, 28.19, 0.007, 201.88, -71.62);
insert into SHOT values (5258, 4605, 4613, 87, 3.370, 306.70, 56.30, 3.368, 306.75, 56.23, 0.005, 342.16, -54.04);
insert into SHOT values (5259, 4605, 4614, 87, 2.730, 318.60, 75.70, 2.726, 318.58, 75.55, 0.008, 315.85, -42.80);
insert into SHOT values (5260, 4605, 4615, 87, 2.960, 208.60, 66.80, 2.958, 208.77, 66.84, 0.004, 334.43, -8.67);
insert into SHOT values (5261, 4605, 4616, 87, 1.450, 209.10, 26.00, 1.447, 208.93, 25.81, 0.007, 108.20, -54.52);
insert into SHOT values (5262, 4605, 4617, 87, 2.470, 205.20, 30.00, 2.463, 205.24, 29.96, 0.007, 8.04, -41.99);
insert into SHOT values (5263, 4605, 4618, 87, 4.260, 207.80, 34.90, 4.256, 207.81, 34.82, 0.007, 318.83, -83.90);
insert into SHOT values (5264, 4605, 4619, 87, 5.500, 210.50, 43.20, 5.496, 210.60, 43.17, 0.008, 311.69, -36.19);
insert into SHOT values (5265, 4605, 4620, 87, 7.740, 211.30, 45.40, 7.736, 211.29, 45.42, 0.005, 42.70, -12.13);
insert into SHOT values (5266, 4605, 4621, 87, 7.690, 223.70, 49.90, 7.687, 223.69, 49.90, 0.003, 63.37, -42.96);
insert into SHOT values (5267, 4605, 4622, 87, 14.490, 244.80, 59.20, 14.483, 244.78, 59.20, 0.007, 105.45, -61.12);
insert into SHOT values (5268, 4605, 4623, 87, 12.320, 235.70, 58.40, 12.317, 235.67, 58.40, 0.005, 126.77, -42.31);
insert into SHOT values (5269, 4605, 4624, 87, 13.470, 219.80, 51.40, 13.466, 219.79, 51.37, 0.008, 191.54, -62.52);
insert into SHOT values (5270, 4605, 4625, 87, 17.030, 234.50, 57.00, 17.025, 234.53, 57.01, 0.007, 10.04, -22.33);
insert into SHOT values (5271, 4625, 4626, 87, 1.220, 288.70, 72.50, 1.217, 287.45, 72.45, 0.009, 198.20, -23.78);
insert into SHOT values (5272, 4625, 4627, 87, 0.380, 23.40, 1.50, 0.372, 23.81, 1.54, 0.009, 185.72, 0.35);
insert into SHOT values (5273, 4625, 4628, 87, 0.940, 173.30, 23.30, 0.942, 173.37, 23.14, 0.003, 195.86, -34.30);
insert into SHOT values (5274, 4625, 4629, 87, 1.450, 200.20, 16.10, 1.451, 200.12, 16.00, 0.003, 157.77, -37.32);
insert into SHOT values (5275, 4625, 4630, 87, 2.630, 207.30, 34.40, 2.635, 207.39, 34.43, 0.006, 250.61, 39.65);
insert into SHOT values (5276, 4625, 4631, 87, 2.020, 65.10, -65.60, 2.018, 64.98, -65.78, 0.007, 259.00, -3.41);
insert into SHOT values (5277, 4625, 4632, 87, 3.300, 35.30, -59.80, 3.296, 35.42, -59.83, 0.005, 170.74, 23.60);
insert into SHOT values (5278, 4625, 4633, 87, 1.120, 351.00, 33.90, 1.111, 350.64, 33.91, 0.010, 209.26, -26.53);
insert into SHOT values (5279, 4625, 4634, 87, 1.590, 353.50, 19.10, 1.587, 353.49, 19.12, 0.003, 178.28, -5.62);
insert into SHOT values (5280, 4625, 4635, 87, 1.340, 319.70, 22.10, 1.338, 319.25, 21.95, 0.011, 225.37, -22.89);
insert into SHOT values (5281, 4625, 4636, 87, 1.810, 306.90, 33.80, 1.808, 306.87, 33.95, 0.005, 137.83, 36.75);
insert into SHOT values (5282, 4625, 4637, 87, 1.220, 318.90, 14.60, 1.216, 318.45, 14.77, 0.011, 201.98, 13.37);
insert into SHOT values (5283, 4625, 4638, 87, 1.760, 357.30, -20.90, 1.759, 357.21, -20.99, 0.004, 227.01, -31.58);
insert into SHOT values (5284, 4625, 4639, 87, 2.620, 348.20, -4.10, 2.613, 348.04, -4.17, 0.010, 214.72, -15.25);
insert into SHOT values (5285, 4625, 4640, 87, 6.820, 339.80, 21.70, 6.814, 339.76, 21.71, 0.007, 195.74, -13.07);
insert into SHOT values (5286, 4625, 4641, 87, 4.280, 346.50, 5.20, 4.277, 346.42, 5.23, 0.007, 227.10, 17.15);
insert into SHOT values (5287, 4641, 4642, 87, 0.580, 94.60, 19.10, 0.583, 94.16, 19.01, 0.005, 43.06, 2.26);
insert into SHOT values (5288, 4641, 4643, 87, 5.070, 165.50, -1.80, 5.074, 165.50, -1.81, 0.004, 162.96, -10.35);
insert into SHOT values (5289, 4641, 4644, 87, 4.420, 177.50, 15.30, 4.419, 177.45, 15.22, 0.008, 100.03, -57.03);
insert into SHOT values (5290, 4641, 4645, 87, 2.040, 186.20, 4.60, 2.038, 186.22, 4.50, 0.004, 345.71, -66.28);
insert into SHOT values (5291, 4641, 4646, 87, 0.710, 207.00, 14.30, 0.705, 206.94, 13.95, 0.007, 37.90, -54.58);
insert into SHOT values (5292, 4641, 4647, 87, 3.490, 208.10, 41.60, 3.491, 208.14, 41.65, 0.004, 341.18, 51.41);
insert into SHOT values (5293, 4641, 4648, 87, 3.240, 274.50, 56.80, 3.240, 274.52, 56.77, 0.002, 300.56, -35.17);
insert into SHOT values (5294, 4641, 4649, 87, 6.070, 294.90, 56.10, 6.072, 294.98, 56.10, 0.005, 10.02, 21.44);
insert into SHOT values (5295, 4641, 4650, 87, 3.180, 316.90, 35.50, 3.177, 316.88, 35.40, 0.007, 254.10, -80.38);
insert into SHOT values (5296, 4641, 4651, 87, 3.850, 337.90, -1.20, 3.854, 337.89, -1.19, 0.004, 333.05, 8.73);
insert into SHOT values (5297, 4641, 4652, 87, 2.790, 349.10, 10.30, 2.795, 349.10, 10.31, 0.005, 348.34, 14.00);
insert into SHOT values (5298, 4641, 4653, 87, 6.320, 328.90, 26.70, 6.314, 328.93, 26.73, 0.008, 125.55, 2.21);
insert into SHOT values (5299, 4641, 4654, 87, 15.140, 341.80, 7.00, 15.143, 341.82, 6.98, 0.008, 37.12, -41.31);
insert into SHOT values (5300, 4641, 4655, 87, 4.660, 342.00, 3.80, 4.656, 342.07, 3.82, 0.007, 107.64, 9.19);
insert into SHOT values (5301, 4655, 4656, 87, 5.930, 269.30, 53.70, 5.930, 269.35, 53.71, 0.003, 7.42, 16.18);
insert into SHOT values (5302, 4655, 4657, 87, 2.330, 285.30, 44.40, 2.333, 285.29, 44.32, 0.004, 279.61, -2.84);
insert into SHOT values (5303, 4655, 4658, 87, 2.660, 331.50, 21.70, 2.657, 331.46, 21.64, 0.004, 199.52, -59.09);
insert into SHOT values (5304, 4655, 4659, 87, 2.090, 335.30, 2.40, 2.095, 335.15, 2.19, 0.011, 291.23, -43.36);
insert into SHOT values (5305, 4655, 4660, 87, 1.280, 352.00, 3.00, 1.284, 351.93, 2.68, 0.008, 333.37, -56.13);
insert into SHOT values (5306, 4655, 4661, 87, 1.560, 30.20, -21.50, 1.564, 30.09, -21.38, 0.006, 358.87, 17.43);
insert into SHOT values (5307, 4655, 4662, 87, 11.830, 348.60, -5.70, 11.832, 348.59, -5.72, 0.006, 282.58, -56.38);
insert into SHOT values (5308, 4655, 4663, 87, 18.610, 346.00, 1.70, 18.611, 346.00, 1.69, 0.002, 13.95, -69.84);
insert into SHOT values (5309, 4655, 4664, 87, 10.320, 342.30, 11.20, 10.325, 342.30, 11.17, 0.008, 339.71, -36.17);
insert into SHOT values (5310, 4655, 4665, 87, 6.180, 357.10, -19.70, 6.182, 357.04, -19.76, 0.009, 261.55, -49.84);
insert into SHOT values (5311, 4655, 4666, 87, 4.080, 7.30, -24.10, 4.087, 7.24, -24.12, 0.008, 330.95, -31.05);
insert into SHOT values (5312, 4655, 4667, 87, 8.830, 247.40, 56.60, 8.830, 247.39, 56.58, 0.004, 230.93, -27.82);
insert into SHOT values (5313, 4655, 4668, 87, 6.130, 263.20, 56.90, 6.128, 263.32, 56.83, 0.010, 316.98, -30.91);
insert into SHOT values (5314, 4655, 4669, 87, 5.630, 279.90, 53.20, 5.628, 279.88, 53.09, 0.011, 271.25, -46.45);
insert into SHOT values (5315, 4655, 4670, 87, 2.150, 322.90, 35.60, 2.155, 322.87, 35.44, 0.008, 316.02, -11.19);
insert into SHOT values (5316, 4655, 4671, 87, 11.010, 333.80, 18.50, 11.010, 333.80, 18.48, 0.004, 352.63, -64.24);
insert into SHOT values (5317, 4655, 4672, 87, 11.280, 334.50, 17.10, 11.281, 334.46, 17.06, 0.011, 262.74, -38.30);
insert into SHOT values (5318, 4655, 4673, 87, 2.730, 212.70, 50.80, 2.727, 212.95, 50.68, 0.010, 284.14, -34.67);
insert into SHOT values (5319, 4625, 4674, 87, 6.860, 197.90, 38.70, 6.866, 197.93, 38.67, 0.007, 219.74, 6.79);
insert into SHOT values (5320, 4674, 4675, 87, 2.070, 252.90, 70.20, 2.073, 252.60, 70.20, 0.005, 177.15, 31.84);
insert into SHOT values (5321, 4674, 4676, 87, 5.160, 302.20, 58.20, 5.155, 302.23, 58.17, 0.006, 39.59, -75.82);
insert into SHOT values (5322, 4674, 4677, 87, 6.140, 302.30, 56.20, 6.136, 302.43, 56.21, 0.009, 55.82, -14.61);
insert into SHOT values (5323, 4674, 4678, 87, 1.860, 329.60, 29.10, 1.855, 329.64, 29.02, 0.005, 126.27, -56.85);
insert into SHOT values (5324, 4674, 4679, 87, 2.760, 5.10, 3.20, 2.765, 5.19, 3.11, 0.008, 44.00, -29.30);
insert into SHOT values (5325, 4674, 4680, 87, 0.680, 39.60, 20.10, 0.679, 39.92, 19.80, 0.005, 124.62, -45.81);
insert into SHOT values (5326, 4674, 4681, 87, 2.260, 305.10, 15.60, 2.259, 305.08, 15.67, 0.003, 151.12, 50.09);
insert into SHOT values (5327, 4674, 4682, 87, 4.080, 359.80, -23.80, 4.079, 359.85, -23.86, 0.006, 134.83, -39.60);
insert into SHOT values (5328, 4674, 4683, 87, 0.930, 2.50, -29.10, 0.927, 2.83, -29.02, 0.005, 111.94, 25.02);
insert into SHOT values (5329, 4674, 4684, 87, 3.130, 19.20, -33.10, 3.133, 19.13, -33.08, 0.004, 328.65, -8.98);
insert into SHOT values (5330, 4674, 4685, 87, 3.240, 10.30, -39.70, 3.239, 10.41, -39.73, 0.005, 122.12, -4.45);
insert into SHOT values (5331, 4674, 4686, 87, 8.380, 16.20, -38.70, 8.381, 16.25, -38.70, 0.005, 93.47, -4.93);
insert into SHOT values (5332, 4674, 4687, 87, 3.170, 166.50, -3.90, 3.166, 166.45, -3.99, 0.007, 17.78, -38.41);
insert into SHOT values (5333, 4687, 4688, 87, 1.200, 146.70, 15.10, 1.205, 146.58, 15.40, 0.009, 112.96, 60.07);
insert into SHOT values (5334, 4687, 4689, 87, 3.060, 164.70, 10.20, 3.068, 164.63, 10.33, 0.011, 133.86, 47.80);
insert into SHOT values (5335, 4687, 4690, 87, 6.970, 189.50, 28.70, 6.972, 189.51, 28.72, 0.003, 261.76, 71.39);
insert into SHOT values (5336, 4687, 4691, 87, 2.810, 221.00, 49.00, 2.814, 220.84, 48.88, 0.009, 183.55, -4.83);
insert into SHOT values (5337, 4687, 4692, 87, 4.630, 237.20, 20.00, 4.636, 237.19, 20.06, 0.008, 222.47, 56.49);
insert into SHOT values (5338, 4687, 4693, 87, 2.160, 277.00, 18.30, 2.155, 277.02, 18.39, 0.006, 89.21, 17.98);
insert into SHOT values (5339, 4687, 4694, 87, 2.870, 332.80, 14.30, 2.867, 332.79, 14.34, 0.004, 160.90, 16.57);
insert into SHOT values (5340, 4687, 4695, 87, 5.050, 345.00, 8.50, 5.046, 345.02, 8.55, 0.006, 148.34, 34.91);
insert into SHOT values (5341, 4687, 4696, 87, 1.220, 353.20, 10.00, 1.218, 353.29, 10.40, 0.009, 143.15, 65.20);
insert into SHOT values (5342, 4687, 4697, 87, 3.010, 261.10, 41.50, 3.016, 261.08, 41.54, 0.006, 246.22, 61.09);
insert into SHOT values (5343, 4687, 4698, 87, 5.660, 151.30, -14.00, 5.664, 151.29, -14.00, 0.004, 136.57, -10.52);
insert into SHOT values (5344, 4687, 4699, 87, 8.640, 152.90, -22.80, 8.645, 152.92, -22.73, 0.013, 170.30, 40.03);
insert into SHOT values (5345, 4687, 4700, 87, 14.350, 141.70, -33.50, 14.358, 141.71, -33.48, 0.010, 158.75, 1.72);
insert into SHOT values (5346, 4687, 4701, 87, 9.140, 130.70, -35.50, 9.139, 130.75, -35.45, 0.011, 189.48, 44.23);
insert into SHOT values (5347, 4687, 4702, 87, 4.130, 287.70, 48.70, 4.136, 287.50, 48.76, 0.012, 200.29, 38.01);
insert into SHOT values (5348, 4687, 4703, 87, 3.680, 257.40, 15.90, 3.678, 257.26, 15.94, 0.009, 153.44, 11.64);
insert into SHOT values (5349, 4687, 4704, 87, 3.630, 258.10, 14.90, 3.631, 257.99, 15.01, 0.010, 158.97, 42.86);
insert into SHOT values (5350, 4687, 4705, 87, 3.350, 258.10, 14.90, 3.352, 258.07, 14.87, 0.004, 222.19, -22.93);
insert into SHOT values (5351, 4687, 4706, 87, 2.880, 221.50, 8.80, 2.889, 221.45, 8.76, 0.009, 206.12, -3.67);
insert into SHOT values (5352, 4687, 4707, 87, 3.670, 263.40, 16.50, 3.668, 263.30, 16.64, 0.011, 135.02, 44.32);
insert into SHOT values (5353, 4707, 4708, 87, 3.030, 182.20, 20.70, 3.028, 182.23, 20.70, 0.003, 332.63, -21.61);
insert into SHOT values (5354, 4707, 4709, 87, 3.030, 205.60, 51.00, 3.028, 205.76, 50.90, 0.008, 266.72, -37.96);
insert into SHOT values (5355, 4707, 4710, 87, 3.080, 282.20, 65.60, 3.078, 282.19, 65.45, 0.008, 279.95, -37.17);
insert into SHOT values (5356, 4707, 4711, 87, 4.530, 268.40, 57.80, 4.531, 268.34, 57.70, 0.008, 249.66, -23.52);
insert into SHOT values (5357, 4707, 4712, 87, 1.870, 345.70, 35.20, 1.865, 345.60, 35.00, 0.008, 254.45, -71.40);
insert into SHOT values (5358, 4707, 4713, 87, 1.090, 14.30, 24.20, 1.083, 14.04, 23.97, 0.009, 238.55, -46.24);
insert into SHOT values (5359, 4707, 4714, 87, 1.030, 84.60, 17.90, 1.022, 84.70, 17.65, 0.009, 248.86, -46.64);
insert into SHOT values (5360, 4707, 4715, 87, 4.660, 119.40, -7.60, 4.658, 119.45, -7.65, 0.006, 239.36, -37.10);
insert into SHOT values (5361, 4707, 4716, 87, 5.040, 156.70, 8.50, 5.040, 156.73, 8.44, 0.006, 221.37, -63.25);
insert into SHOT values (5362, 4707, 4717, 87, 3.380, 288.60, 47.80, 3.384, 288.67, 47.63, 0.011, 305.50, -21.33);
insert into SHOT values (5363, 4717, 4718, 87, 3.030, 207.70, 77.20, 3.026, 207.32, 77.11, 0.008, 160.08, -38.08);
insert into SHOT values (5364, 4717, 4719, 87, 2.810, 174.20, 49.30, 2.815, 174.07, 49.18, 0.008, 145.36, -2.41);
insert into SHOT values (5365, 4717, 4720, 87, 2.570, 161.80, 1.00, 2.581, 161.71, 0.89, 0.013, 140.31, -22.66);
insert into SHOT values (5366, 4717, 4721, 87, 7.750, 135.80, -21.00, 7.757, 135.78, -21.00, 0.007, 117.00, -22.01);
insert into SHOT values (5367, 4717, 4722, 87, 11.790, 114.90, -34.30, 11.795, 114.94, -34.26, 0.012, 148.48, 20.13);
insert into SHOT values (5368, 4717, 4723, 87, 2.350, 111.30, -20.00, 2.354, 111.46, -19.87, 0.009, 161.87, 24.43);
insert into SHOT values (5369, 4717, 4724, 87, 0.880, 105.70, 13.00, 0.887, 106.13, 13.03, 0.009, 150.33, 12.55);
insert into SHOT values (5370, 4717, 4725, 87, 2.480, 331.40, 5.00, 2.471, 331.35, 5.11, 0.010, 163.85, 22.11);
insert into SHOT values (5371, 4717, 4726, 87, 1.780, 334.10, -5.50, 1.775, 334.16, -5.50, 0.006, 134.36, 6.29);
insert into SHOT values (5372, 4717, 4727, 87, 1.310, 348.90, -35.30, 1.304, 349.11, -35.66, 0.011, 147.45, -15.50);
insert into SHOT values (5373, 4717, 4728, 87, 0.660, 359.50, 9.70, 0.659, 0.00, 9.61, 0.006, 95.43, -11.91);
insert into SHOT values (5374, 4717, 4729, 87, 0.630, 344.60, 40.80, 0.620, 345.07, 41.36, 0.012, 145.81, -7.97);
insert into SHOT values (5375, 4717, 4730, 87, 1.290, 1.20, -48.60, 1.290, 1.35, -48.76, 0.004, 143.70, -33.18);
insert into SHOT values (5376, 4717, 4731, 87, 1.230, 98.10, -67.30, 1.226, 98.47, -67.19, 0.006, 178.70, 56.54);
insert into SHOT values (5377, 4717, 4732, 87, 2.150, 99.50, -54.20, 2.147, 99.61, -54.14, 0.005, 189.61, 56.98);
insert into SHOT values (5378, 4717, 4733, 87, 4.970, 96.60, -42.30, 4.973, 96.72, -42.35, 0.009, 192.09, -33.78);
insert into SHOT values (5379, 4717, 4734, 87, 2.880, 94.60, -31.30, 2.888, 94.65, -31.29, 0.008, 110.46, -26.59);
insert into SHOT values (5380, 4717, 4735, 87, 2.880, 123.30, -18.80, 2.883, 123.34, -18.82, 0.004, 157.76, -28.68);
insert into SHOT values (5381, 4717, 4736, 87, 4.570, 149.70, -32.40, 4.578, 149.72, -32.35, 0.009, 159.18, -7.94);
insert into SHOT values (5382, 4687, 4737, 87, 13.250, 137.60, -34.10, 13.251, 137.62, -34.05, 0.012, 167.80, 46.64);
insert into SHOT values (5383, 4737, 4738, 87, 2.080, 191.20, 13.80, 2.077, 191.14, 13.65, 0.007, 57.58, -65.69);
insert into SHOT values (5384, 4737, 4739, 87, 10.380, 312.90, 45.20, 10.378, 312.90, 45.17, 0.006, 298.38, -65.88);
insert into SHOT values (5385, 4737, 4740, 87, 3.160, 341.20, 25.80, 3.164, 341.18, 25.65, 0.009, 335.06, -35.50);
insert into SHOT values (5386, 4737, 4741, 87, 2.170, 43.10, 4.60, 2.172, 43.13, 4.49, 0.005, 72.54, -61.69);
insert into SHOT values (5387, 4737, 4742, 87, 0.860, 59.60, 51.40, 0.856, 59.59, 51.48, 0.004, 241.48, -33.76);
insert into SHOT values (5388, 4737, 4743, 87, 1.330, 51.30, -45.40, 1.335, 51.05, -45.35, 0.007, 10.97, -25.78);
insert into SHOT values (5389, 4737, 4744, 87, 3.000, 68.30, -24.00, 3.009, 68.20, -24.13, 0.012, 28.30, -52.31);
insert into SHOT values (5390, 4737, 4745, 87, 2.510, 78.20, -28.80, 2.508, 78.18, -28.85, 0.003, 273.84, -14.64);
insert into SHOT values (5391, 4737, 4746, 87, 2.410, 93.70, -21.30, 2.411, 93.58, -21.41, 0.007, 351.92, -42.69);
insert into SHOT values (5392, 4737, 4747, 87, 1.890, 87.90, 2.60, 1.893, 87.88, 2.42, 0.007, 75.77, -59.97);
insert into SHOT values (5393, 4737, 4748, 87, 1.940, 77.60, 2.40, 1.938, 77.47, 2.37, 0.005, 320.80, -14.25);
insert into SHOT values (5394, 4737, 4749, 87, 5.240, 89.10, -15.20, 5.245, 89.09, -15.25, 0.007, 81.72, -57.01);
insert into SHOT values (5395, 4737, 4750, 87, 2.920, 87.60, -23.80, 2.921, 87.64, -23.82, 0.003, 160.61, -39.60);
insert into SHOT values (5396, 4750, 4751, 87, 1.980, 262.30, 12.80, 1.986, 262.58, 12.80, 0.011, 322.76, 6.96);
insert into SHOT values (5397, 4750, 4752, 87, 0.470, 218.60, 43.10, 0.467, 220.24, 43.21, 0.010, 324.27, -6.43);
insert into SHOT values (5398, 4750, 4753, 87, 0.940, 19.40, 19.40, 0.941, 19.05, 19.23, 0.006, 309.49, -20.93);
insert into SHOT values (5399, 4750, 4754, 87, 1.210, 109.50, 75.40, 1.210, 109.03, 75.31, 0.003, 53.96, -16.77);
insert into SHOT values (5400, 4750, 4755, 87, 1.770, 86.30, 10.80, 1.765, 86.03, 10.77, 0.009, 327.22, -10.17);
insert into SHOT values (5401, 4750, 4756, 87, 2.390, 150.90, 21.20, 2.381, 150.90, 21.17, 0.009, 332.23, -28.48);
insert into SHOT values (5402, 4750, 4757, 87, 2.780, 131.20, 4.10, 2.771, 131.19, 4.14, 0.009, 315.49, 7.76);
insert into SHOT values (5403, 4750, 4758, 87, 1.510, 112.00, -4.60, 1.503, 111.94, -4.58, 0.007, 304.70, 9.28);
insert into SHOT values (5404, 4750, 4759, 87, 3.750, 119.50, 12.80, 3.747, 119.51, 12.80, 0.003, 284.39, -16.00);
insert into SHOT values (5405, 4759, 4760, 87, 0.910, 255.30, -6.00, 0.905, 255.19, -6.34, 0.007, 93.66, -42.08);
insert into SHOT values (5406, 4759, 4761, 87, 0.830, 269.50, 2.60, 0.831, 270.00, 2.76, 0.008, 353.02, 17.86);
insert into SHOT values (5407, 4759, 4762, 87, 0.880, 278.20, -29.30, 0.880, 278.24, -29.25, 0.001, 321.98, 43.58);
insert into SHOT values (5408, 4759, 4763, 87, 2.180, 310.30, -31.50, 2.186, 310.43, -31.43, 0.008, 342.94, -6.68);
insert into SHOT values (5409, 4759, 4764, 87, 0.820, 309.90, -19.90, 0.822, 310.28, -19.90, 0.006, 15.59, -8.98);
insert into SHOT values (5410, 4759, 4765, 87, 0.630, 167.50, 59.20, 0.627, 167.28, 59.52, 0.005, 2.08, -13.04);
insert into SHOT values (5411, 4759, 4766, 87, 0.810, 159.00, 23.70, 0.807, 158.63, 23.36, 0.007, 60.03, -48.98);
insert into SHOT values (5412, 4759, 4767, 87, 2.790, 115.60, -5.60, 2.795, 115.55, -5.54, 0.006, 92.28, 20.93);
insert into SHOT values (5413, 4759, 4768, 87, 3.630, 120.00, 2.90, 3.629, 119.96, 2.84, 0.005, 7.53, -53.54);
insert into SHOT values (5414, 4759, 4769, 87, 1.380, 101.00, -17.30, 1.376, 100.97, -17.33, 0.004, 292.67, 5.91);
insert into SHOT values (5415, 4759, 4770, 87, 0.150, 93.00, -27.60, 0.148, 90.00, -28.30, 0.007, 338.44, -3.87);
insert into STATION values (1, '1.0', 25, 412775.00, 134551.00, 1988.00);
insert into STATION_FLAG values(1, 'ent');
insert into STATION_FLAG values(1, 'fix');
insert into STATION values (2, '.', 25, 412775.00, 134551.00, 1988.00);
insert into STATION values (3, '.', 25, 412775.20, 134550.32, 1987.83);
insert into STATION values (4, '.', 25, 412775.09, 134549.74, 1987.79);
insert into STATION values (5, '.', 25, 412774.57, 134549.74, 1987.87);
insert into STATION values (6, '.', 25, 412773.85, 134550.02, 1987.80);
insert into STATION values (7, '.', 25, 412774.29, 134551.23, 1986.61);
insert into STATION values (8, '.', 25, 412774.27, 134550.70, 1986.63);
insert into STATION values (9, '.', 25, 412774.75, 134549.99, 1986.95);
insert into STATION values (10, '.', 25, 412774.94, 134550.82, 1987.21);
insert into STATION values (11, '.', 25, 412774.94, 134550.82, 1987.18);
insert into STATION values (12, '.', 25, 412774.24, 134548.84, 1978.56);
insert into STATION values (13, '.', 25, 412774.21, 134548.81, 1978.39);
insert into STATION values (14, '1.1', 25, 412774.23, 134548.82, 1978.44);
insert into STATION values (15, '.', 25, 412775.16, 134547.39, 1978.34);
insert into STATION values (16, '.', 25, 412774.93, 134548.37, 1978.39);
insert into STATION values (17, '.', 25, 412774.83, 134549.52, 1978.38);
insert into STATION values (18, '.', 25, 412773.80, 134551.46, 1978.04);
insert into STATION values (19, '.', 25, 412771.74, 134555.63, 1977.41);
insert into STATION values (20, '.', 25, 412773.44, 134550.91, 1978.39);
insert into STATION values (21, '.', 25, 412773.40, 134550.44, 1978.40);
insert into STATION values (22, '.', 25, 412773.65, 134549.34, 1978.42);
insert into STATION values (23, '.', 25, 412775.14, 134547.57, 1979.06);
insert into STATION values (24, '.', 25, 412775.16, 134547.88, 1981.42);
insert into STATION values (25, '.', 25, 412774.91, 134548.93, 1983.31);
insert into STATION values (26, '.', 25, 412774.04, 134551.92, 1985.93);
insert into STATION values (27, '.', 25, 412773.00, 134554.24, 1985.66);
insert into STATION values (28, '.', 25, 412773.01, 134552.87, 1981.96);
insert into STATION values (29, '.', 25, 412771.71, 134556.01, 1981.19);
insert into STATION values (30, '.', 25, 412771.75, 134555.61, 1978.09);
insert into STATION values (31, '.', 25, 412771.83, 134555.18, 1976.07);
insert into STATION values (32, '.', 25, 412771.62, 134556.22, 1971.72);
insert into STATION values (33, '.', 25, 412772.59, 134555.18, 1968.35);
insert into STATION values (34, '.', 25, 412774.45, 134551.54, 1967.23);
insert into STATION values (35, '.', 25, 412775.78, 134548.37, 1966.34);
insert into STATION values (36, '.', 25, 412775.05, 134547.16, 1973.96);
insert into STATION values (37, '.', 25, 412775.35, 134546.35, 1975.31);
insert into STATION values (38, '.', 25, 412774.56, 134550.55, 1968.18);
insert into STATION values (39, '.', 25, 412774.58, 134550.55, 1968.22);
insert into STATION values (40, '.', 25, 412774.56, 134550.57, 1968.27);
insert into STATION values (41, '.', 25, 412774.55, 134550.59, 1968.20);
insert into STATION values (42, '.', 25, 412774.60, 134550.56, 1968.13);
insert into STATION values (43, '.', 25, 412774.61, 134550.54, 1968.11);
insert into STATION values (44, '.', 25, 412774.58, 134550.55, 1968.18);
insert into STATION values (45, '1.2', 25, 412774.58, 134550.56, 1968.14);
insert into STATION values (46, '.', 25, 412777.00, 134547.27, 1968.19);
insert into STATION values (47, '.', 25, 412777.09, 134548.69, 1968.23);
insert into STATION values (48, '.', 25, 412776.97, 134549.67, 1968.23);
insert into STATION values (49, '.', 25, 412776.32, 134550.70, 1968.29);
insert into STATION values (50, '.', 25, 412775.43, 134551.76, 1968.02);
insert into STATION values (51, '.', 25, 412774.34, 134553.53, 1968.26);
insert into STATION values (52, '.', 25, 412771.43, 134558.16, 1968.89);
insert into STATION values (53, '.', 25, 412771.98, 134554.63, 1968.91);
insert into STATION values (54, '.', 25, 412772.79, 134552.77, 1968.95);
insert into STATION values (55, '.', 25, 412776.73, 134547.44, 1969.35);
insert into STATION values (56, '.', 25, 412776.41, 134547.93, 1971.01);
insert into STATION values (57, '.', 25, 412775.98, 134548.57, 1972.60);
insert into STATION values (58, '.', 25, 412772.75, 134553.14, 1976.96);
insert into STATION values (59, '.', 25, 412771.91, 134556.01, 1977.50);
insert into STATION values (60, '.', 25, 412772.18, 134555.73, 1973.63);
insert into STATION values (61, '.', 25, 412772.01, 134556.02, 1971.56);
insert into STATION values (62, '.', 25, 412771.14, 134557.61, 1969.69);
insert into STATION values (63, '.', 25, 412771.96, 134557.06, 1968.80);
insert into STATION values (64, '.', 25, 412774.19, 134554.59, 1966.89);
insert into STATION values (65, '.', 25, 412774.78, 134554.91, 1964.94);
insert into STATION values (66, '.', 25, 412776.10, 134550.99, 1963.85);
insert into STATION values (67, '.', 25, 412775.73, 134557.45, 1958.04);
insert into STATION values (68, '.', 25, 412775.71, 134557.20, 1958.43);
insert into STATION values (69, '.', 25, 412774.63, 134550.89, 1967.67);
insert into STATION values (70, '.', 25, 412775.66, 134557.24, 1958.46);
insert into STATION values (71, '.', 25, 412774.63, 134550.88, 1967.68);
insert into STATION values (72, '1.3', 25, 412775.63, 134557.23, 1958.43);
insert into STATION values (73, '.', 25, 412770.79, 134562.00, 1956.18);
insert into STATION values (74, '.', 25, 412774.02, 134558.21, 1957.75);
insert into STATION values (75, '.', 25, 412774.48, 134557.20, 1958.10);
insert into STATION values (76, '.', 25, 412774.88, 134556.27, 1958.32);
insert into STATION values (77, '.', 25, 412776.07, 134554.10, 1958.29);
insert into STATION values (78, '.', 25, 412778.22, 134552.06, 1958.55);
insert into STATION values (79, '.', 25, 412777.30, 134555.01, 1958.56);
insert into STATION values (80, '.', 25, 412774.17, 134558.11, 1959.45);
insert into STATION values (81, '.', 25, 412774.40, 134557.36, 1960.63);
insert into STATION values (82, '.', 25, 412774.95, 134556.34, 1962.02);
insert into STATION values (83, '.', 25, 412776.01, 134554.52, 1963.38);
insert into STATION values (84, '.', 25, 412777.01, 134552.83, 1962.90);
insert into STATION values (85, '.', 25, 412778.25, 134551.31, 1961.39);
insert into STATION values (86, '.', 25, 412778.44, 134551.73, 1958.96);
insert into STATION values (87, '.', 25, 412778.57, 134551.90, 1956.39);
insert into STATION values (88, '.', 25, 412778.55, 134552.92, 1953.15);
insert into STATION values (89, '.', 25, 412778.36, 134553.71, 1950.43);
insert into STATION values (90, '.', 25, 412777.34, 134554.84, 1947.98);
insert into STATION values (91, '1.4', 25, 412775.17, 134557.95, 1944.27);
insert into STATION values (92, '.', 25, 412778.70, 134555.04, 1944.60);
insert into STATION values (93, '.', 25, 412778.90, 134556.66, 1944.56);
insert into STATION values (94, '.', 25, 412777.20, 134558.54, 1944.46);
insert into STATION values (95, '.', 25, 412776.62, 134559.15, 1944.50);
insert into STATION values (96, '.', 25, 412776.30, 134559.50, 1944.63);
insert into STATION values (97, '1.5', 25, 412776.73, 134558.93, 1944.59);
insert into STATION values (98, '.', 25, 412772.91, 134563.81, 1944.14);
insert into STATION values (99, '.', 25, 412772.65, 134562.88, 1945.99);
insert into STATION values (100, '.', 25, 412770.82, 134562.51, 1951.48);
insert into STATION values (101, '.', 25, 412772.93, 134558.83, 1954.17);
insert into STATION values (102, '.', 25, 412775.04, 134556.57, 1953.17);
insert into STATION values (103, '.', 25, 412777.29, 134552.65, 1956.66);
insert into STATION values (104, '.', 25, 412778.56, 134553.47, 1951.08);
insert into STATION values (105, '.', 25, 412779.11, 134553.92, 1947.37);
insert into STATION values (106, '.', 25, 412779.62, 134554.58, 1944.95);
insert into STATION values (107, '.', 25, 412779.85, 134555.66, 1941.67);
insert into STATION values (108, '.', 25, 412779.48, 134556.64, 1938.10);
insert into STATION values (109, '1.6', 25, 412776.45, 134562.00, 1926.22);
insert into STATION values (110, '.', 25, 412779.16, 134558.64, 1926.24);
insert into STATION values (111, '.', 25, 412777.70, 134558.17, 1926.27);
insert into STATION values (112, '.', 25, 412776.12, 134559.23, 1926.34);
insert into STATION values (113, '.', 25, 412775.64, 134560.23, 1926.35);
insert into STATION values (114, '.', 25, 412775.12, 134561.16, 1926.31);
insert into STATION values (115, '.', 25, 412774.68, 134562.00, 1926.31);
insert into STATION values (116, '.', 25, 412772.88, 134563.31, 1928.09);
insert into STATION values (117, '.', 25, 412773.41, 134563.32, 1930.29);
insert into STATION values (118, '.', 25, 412773.34, 134563.92, 1932.40);
insert into STATION values (119, '.', 25, 412773.23, 134563.70, 1939.35);
insert into STATION values (120, '.', 25, 412776.26, 134561.58, 1934.70);
insert into STATION values (121, '.', 25, 412779.05, 134557.07, 1940.65);
insert into STATION values (122, '.', 25, 412779.43, 134557.06, 1933.89);
insert into STATION values (123, '.', 25, 412779.22, 134558.48, 1928.59);
insert into STATION values (124, '.', 25, 412779.75, 134557.36, 1926.42);
insert into STATION values (125, '.', 25, 412778.75, 134558.53, 1924.15);
insert into STATION values (126, '.', 25, 412778.81, 134557.93, 1920.72);
insert into STATION values (127, '.', 25, 412778.23, 134558.09, 1913.05);
insert into STATION values (128, '.', 25, 412776.95, 134558.83, 1903.75);
insert into STATION values (129, '1.7', 25, 412774.01, 134561.62, 1916.26);
insert into STATION values (130, '.', 25, 412777.11, 134558.21, 1916.19);
insert into STATION values (131, '.', 25, 412777.75, 134559.02, 1916.03);
insert into STATION values (132, '.', 25, 412776.53, 134561.02, 1916.12);
insert into STATION values (133, '.', 25, 412775.42, 134561.89, 1916.23);
insert into STATION values (134, '.', 25, 412774.94, 134562.50, 1916.29);
insert into STATION values (135, '.', 25, 412774.13, 134564.93, 1916.36);
insert into STATION values (136, '.', 25, 412771.28, 134569.24, 1916.77);
insert into STATION values (137, '.', 25, 412769.82, 134568.18, 1916.74);
insert into STATION values (138, '.', 25, 412771.51, 134564.05, 1916.63);
insert into STATION values (139, '.', 25, 412770.99, 134566.99, 1916.74);
insert into STATION values (140, '.', 25, 412771.21, 134566.90, 1918.78);
insert into STATION values (141, '.', 25, 412771.20, 134566.85, 1923.10);
insert into STATION values (142, '.', 25, 412770.97, 134567.48, 1930.59);
insert into STATION values (143, '.', 25, 412778.16, 134558.04, 1927.16);
insert into STATION values (144, '.', 25, 412778.63, 134558.01, 1924.33);
insert into STATION values (145, '.', 25, 412778.69, 134557.51, 1918.40);
insert into STATION values (146, '.', 25, 412778.53, 134557.34, 1915.57);
insert into STATION values (147, '.', 25, 412778.18, 134557.84, 1913.02);
insert into STATION values (148, '.', 25, 412777.86, 134557.84, 1909.88);
insert into STATION values (149, '.', 25, 412777.55, 134558.43, 1904.81);
insert into STATION values (150, '.', 25, 412776.01, 134559.73, 1903.57);
insert into STATION values (151, '.', 25, 412770.90, 134567.52, 1906.84);
insert into STATION values (152, '1.8', 25, 412773.36, 134563.52, 1864.19);
insert into STATION values (153, '1.9', 25, 412777.90, 134557.71, 1875.33);
insert into STATION values (154, '.', 25, 412775.33, 134563.34, 1874.15);
insert into STATION values (155, '.', 25, 412776.80, 134561.56, 1874.73);
insert into STATION values (156, '.', 25, 412777.67, 134559.34, 1875.14);
insert into STATION values (157, '.', 25, 412774.05, 134556.28, 1875.25);
insert into STATION values (158, '.', 25, 412776.71, 134555.71, 1875.61);
insert into STATION values (159, '.', 25, 412778.40, 134555.38, 1875.86);
insert into STATION values (160, '.', 25, 412779.72, 134555.02, 1877.13);
insert into STATION values (161, '.', 25, 412779.34, 134554.89, 1879.23);
insert into STATION values (162, '.', 25, 412779.76, 134553.32, 1884.06);
insert into STATION values (163, '.', 25, 412773.26, 134563.15, 1882.65);
insert into STATION values (164, '.', 25, 412771.35, 134562.66, 1888.26);
insert into STATION values (165, '1.10', 25, 412777.94, 134555.30, 1874.45);
insert into STATION values (166, '.', 25, 412778.47, 134555.01, 1873.76);
insert into STATION values (167, '.', 25, 412777.41, 134555.41, 1873.77);
insert into STATION values (168, '1.11', 25, 412778.49, 134554.90, 1871.11);
insert into STATION values (169, '.', 25, 412777.05, 134555.82, 1871.33);
insert into STATION values (170, '.', 25, 412776.96, 134555.07, 1871.45);
insert into STATION values (171, '.', 25, 412777.81, 134554.53, 1871.11);
insert into STATION values (172, '.', 25, 412778.78, 134554.33, 1871.10);
insert into STATION values (173, '.', 25, 412779.85, 134554.65, 1871.10);
insert into STATION values (174, '.', 25, 412779.64, 134554.65, 1871.83);
insert into STATION values (175, '.', 25, 412779.47, 134554.67, 1872.97);
insert into STATION values (176, '.', 25, 412778.56, 134554.84, 1873.38);
insert into STATION values (177, '.', 25, 412777.57, 134555.34, 1873.02);
insert into STATION values (178, '.', 25, 412777.33, 134555.48, 1872.39);
insert into STATION values (179, '1.12', 25, 412782.43, 134553.52, 1867.40);
insert into STATION values (180, '.', 25, 412781.30, 134554.10, 1867.47);
insert into STATION values (181, '.', 25, 412780.98, 134553.96, 1867.48);
insert into STATION values (182, '.', 25, 412780.64, 134553.76, 1867.59);
insert into STATION values (183, '.', 25, 412781.17, 134553.48, 1867.71);
insert into STATION values (184, '.', 25, 412781.75, 134553.15, 1867.22);
insert into STATION values (185, '.', 25, 412782.31, 134552.97, 1867.38);
insert into STATION values (186, '.', 25, 412783.40, 134552.26, 1867.25);
insert into STATION values (187, '.', 25, 412784.53, 134551.85, 1866.81);
insert into STATION values (188, '.', 25, 412783.81, 134552.67, 1867.01);
insert into STATION values (189, '.', 25, 412784.61, 134551.59, 1862.34);
insert into STATION values (190, '.', 25, 412784.48, 134551.75, 1865.14);
insert into STATION values (191, '.', 25, 412784.43, 134552.02, 1867.38);
insert into STATION values (192, '.', 25, 412783.50, 134552.59, 1868.20);
insert into STATION values (193, '.', 25, 412782.68, 134553.20, 1868.61);
insert into STATION values (194, '.', 25, 412782.01, 134553.56, 1868.81);
insert into STATION values (195, '.', 25, 412780.88, 134554.08, 1869.85);
insert into STATION values (196, '.', 25, 412780.67, 134554.49, 1868.65);
insert into STATION values (197, '.', 25, 412781.32, 134554.14, 1867.68);
insert into STATION values (198, '1.13', 25, 412783.55, 134554.65, 1858.49);
insert into STATION values (199, '.', 25, 412781.90, 134554.01, 1858.88);
insert into STATION values (200, '.', 25, 412782.37, 134552.87, 1858.92);
insert into STATION values (201, '.', 25, 412783.37, 134552.69, 1858.65);
insert into STATION values (202, '.', 25, 412783.97, 134552.88, 1858.58);
insert into STATION values (203, '.', 25, 412785.23, 134552.49, 1858.41);
insert into STATION values (204, '.', 25, 412791.79, 134548.45, 1857.58);
insert into STATION values (205, '.', 25, 412796.25, 134548.03, 1856.86);
insert into STATION values (206, '.', 25, 412790.53, 134551.88, 1857.79);
insert into STATION values (207, '.', 25, 412788.94, 134553.17, 1857.66);
insert into STATION values (208, '.', 25, 412785.42, 134554.36, 1858.32);
insert into STATION values (209, '.', 25, 412792.01, 134548.45, 1857.34);
insert into STATION values (210, '.', 25, 412793.06, 134548.88, 1860.89);
insert into STATION values (211, '.', 25, 412792.33, 134550.72, 1864.39);
insert into STATION values (212, '.', 25, 412786.34, 134552.41, 1862.94);
insert into STATION values (213, '.', 25, 412785.20, 134551.53, 1867.08);
insert into STATION values (214, '.', 25, 412783.67, 134552.37, 1867.91);
insert into STATION values (215, '.', 25, 412781.89, 134554.08, 1864.02);
insert into STATION values (216, '.', 25, 412781.93, 134554.17, 1861.51);
insert into STATION values (217, '.', 25, 412781.80, 134554.25, 1859.78);
insert into STATION values (218, '.', 25, 412784.63, 134553.63, 1856.50);
insert into STATION values (219, '1.14', 25, 412785.73, 134552.08, 1857.40);
insert into STATION values (220, '1.15', 25, 412787.42, 134550.51, 1850.18);
insert into STATION values (221, '.', 25, 412785.93, 134549.30, 1850.08);
insert into STATION values (222, '.', 25, 412786.69, 134547.56, 1850.03);
insert into STATION values (223, '.', 25, 412789.73, 134544.49, 1849.66);
insert into STATION values (224, '.', 25, 412791.40, 134545.58, 1849.75);
insert into STATION values (225, '.', 25, 412791.73, 134547.25, 1849.87);
insert into STATION values (226, '.', 25, 412791.92, 134547.51, 1849.51);
insert into STATION values (227, '.', 25, 412795.05, 134547.76, 1849.00);
insert into STATION values (228, '.', 25, 412796.37, 134548.88, 1849.19);
insert into STATION values (229, '.', 25, 412789.75, 134550.52, 1849.96);
insert into STATION values (230, '.', 25, 412785.51, 134552.65, 1852.91);
insert into STATION values (231, '.', 25, 412785.35, 134553.41, 1855.98);
insert into STATION values (232, '.', 25, 412785.63, 134553.67, 1861.89);
insert into STATION values (233, '.', 25, 412787.69, 134551.59, 1862.74);
insert into STATION values (234, '.', 25, 412790.15, 134547.84, 1856.89);
insert into STATION values (235, '.', 25, 412787.61, 134550.07, 1850.54);
insert into STATION values (236, '.', 25, 412791.59, 134544.41, 1848.73);
insert into STATION values (237, '.', 25, 412790.62, 134544.36, 1845.77);
insert into STATION values (238, '1.16', 25, 412785.74, 134543.67, 1828.21);
insert into STATION values (239, '.', 25, 412782.56, 134546.18, 1829.52);
insert into STATION values (240, '.', 25, 412781.99, 134551.24, 1831.25);
insert into STATION values (241, '.', 25, 412784.37, 134552.30, 1831.19);
insert into STATION values (242, '.', 25, 412787.30, 134554.44, 1832.53);
insert into STATION values (243, '.', 25, 412787.97, 134554.62, 1832.65);
insert into STATION values (244, '.', 25, 412788.79, 134551.25, 1831.37);
insert into STATION values (245, '.', 25, 412789.50, 134549.10, 1830.89);
insert into STATION values (246, '.', 25, 412791.46, 134547.87, 1831.34);
insert into STATION values (247, '.', 25, 412787.87, 134544.24, 1829.22);
insert into STATION values (248, '.', 25, 412787.98, 134543.31, 1829.05);
insert into STATION values (249, '.', 25, 412788.34, 134554.31, 1832.49);
insert into STATION values (250, '.', 25, 412789.00, 134554.45, 1835.44);
insert into STATION values (251, '.', 25, 412787.65, 134550.43, 1835.99);
insert into STATION values (252, '.', 25, 412788.10, 134550.78, 1841.91);
insert into STATION values (253, '.', 25, 412787.32, 134543.64, 1840.17);
insert into STATION values (254, '.', 25, 412788.16, 134540.66, 1839.07);
insert into STATION values (255, '.', 25, 412788.76, 134539.38, 1836.16);
insert into STATION values (256, '1.17', 25, 412784.31, 134556.10, 1832.50);
insert into STATION values (257, '1.18', 25, 412782.75, 134545.37, 1829.25);
insert into STATION values (258, '.', 25, 412783.67, 134556.52, 1832.43);
insert into STATION values (259, '.', 25, 412782.33, 134558.30, 1832.53);
insert into STATION values (260, '.', 25, 412782.21, 134559.10, 1832.58);
insert into STATION values (261, '.', 25, 412782.47, 134559.83, 1832.65);
insert into STATION values (262, '.', 25, 412783.06, 134559.76, 1832.32);
insert into STATION values (263, '.', 25, 412783.86, 134555.92, 1832.47);
insert into STATION values (264, '.', 25, 412784.08, 134555.39, 1832.49);
insert into STATION values (265, '.', 25, 412784.14, 134553.30, 1832.29);
insert into STATION values (266, '.', 25, 412784.74, 134554.39, 1832.57);
insert into STATION values (267, '.', 25, 412784.94, 134555.03, 1832.41);
insert into STATION values (268, '.', 25, 412782.47, 134558.66, 1836.43);
insert into STATION values (269, '.', 25, 412784.54, 134554.48, 1833.39);
insert into STATION values (270, '.', 25, 412783.97, 134555.65, 1830.90);
insert into STATION values (271, '.', 25, 412784.03, 134556.19, 1831.47);
insert into STATION values (272, '.', 25, 412783.83, 134556.81, 1831.60);
insert into STATION values (273, '.', 25, 412783.08, 134558.27, 1831.63);
insert into STATION values (274, '1.19', 25, 412782.52, 134559.49, 1832.48);
insert into STATION values (275, '.', 25, 412782.88, 134560.24, 1832.54);
insert into STATION values (276, '.', 25, 412783.24, 134559.82, 1832.56);
insert into STATION values (277, '.', 25, 412783.72, 134558.85, 1832.56);
insert into STATION values (278, '.', 25, 412783.85, 134557.49, 1832.57);
insert into STATION values (279, '.', 25, 412783.27, 134556.87, 1832.55);
insert into STATION values (280, '.', 25, 412786.12, 134545.74, 1842.72);
insert into STATION values (281, '.', 25, 412783.82, 134554.80, 1837.52);
insert into STATION values (282, '.', 25, 412783.11, 134556.84, 1837.81);
insert into STATION values (283, '.', 25, 412782.17, 134559.64, 1838.19);
insert into STATION values (284, '.', 25, 412781.70, 134562.18, 1837.08);
insert into STATION values (285, '.', 25, 412781.14, 134563.91, 1835.55);
insert into STATION values (286, '.', 25, 412780.63, 134567.75, 1832.96);
insert into STATION values (287, '.', 25, 412781.12, 134569.41, 1829.57);
insert into STATION values (288, '.', 25, 412782.27, 134568.42, 1826.53);
insert into STATION values (289, '.', 25, 412782.83, 134563.98, 1827.72);
insert into STATION values (290, '.', 25, 412783.08, 134561.09, 1829.14);
insert into STATION values (291, '.', 25, 412783.21, 134559.96, 1829.60);
insert into STATION values (292, '1.20', 25, 412780.43, 134570.01, 1829.80);
insert into STATION values (293, '1.21', 25, 412781.12, 134544.73, 1816.47);
insert into STATION values (294, '.', 25, 412780.07, 134548.73, 1818.01);
insert into STATION values (295, '.', 25, 412779.92, 134553.20, 1818.83);
insert into STATION values (296, '.', 25, 412781.84, 134552.01, 1818.40);
insert into STATION values (297, '.', 25, 412782.79, 134549.50, 1817.92);
insert into STATION values (298, '.', 25, 412783.59, 134547.42, 1817.56);
insert into STATION values (299, '.', 25, 412786.63, 134547.53, 1817.91);
insert into STATION values (300, '.', 25, 412785.63, 134544.62, 1817.50);
insert into STATION values (301, '.', 25, 412783.92, 134543.10, 1817.35);
insert into STATION values (302, '.', 25, 412782.65, 134542.03, 1817.26);
insert into STATION values (303, '.', 25, 412782.46, 134542.14, 1817.66);
insert into STATION values (304, '.', 25, 412783.64, 134542.82, 1819.23);
insert into STATION values (305, '.', 25, 412782.92, 134542.60, 1821.10);
insert into STATION values (306, '.', 25, 412783.02, 134542.90, 1825.16);
insert into STATION values (307, '.', 25, 412783.55, 134546.28, 1826.51);
insert into STATION values (308, '.', 25, 412782.23, 134548.46, 1824.38);
insert into STATION values (309, '.', 25, 412781.43, 134551.10, 1824.31);
insert into STATION values (310, '.', 25, 412780.37, 134552.64, 1821.26);
insert into STATION values (311, '.', 25, 412780.27, 134553.06, 1818.71);
insert into STATION values (312, '.', 25, 412781.34, 134551.79, 1816.96);
insert into STATION values (313, '.', 25, 412781.95, 134544.05, 1815.41);
insert into STATION values (314, '1.22', 25, 412782.41, 134541.43, 1815.90);
insert into STATION values (315, '.', 25, 412782.27, 134541.12, 1817.09);
insert into STATION values (316, '.', 25, 412781.93, 134541.27, 1816.70);
insert into STATION values (317, '.', 25, 412781.90, 134541.19, 1816.35);
insert into STATION values (318, '.', 25, 412781.89, 134541.23, 1815.92);
insert into STATION values (319, '.', 25, 412781.51, 134541.17, 1815.04);
insert into STATION values (320, '.', 25, 412781.87, 134541.24, 1814.35);
insert into STATION values (321, '.', 25, 412782.21, 134541.44, 1813.27);
insert into STATION values (322, '.', 25, 412782.80, 134541.56, 1813.42);
insert into STATION values (323, '1.23', 25, 412782.81, 134537.10, 1815.43);
insert into STATION values (324, '.', 25, 412782.85, 134537.05, 1814.00);
insert into STATION values (325, '.', 25, 412783.52, 134536.68, 1811.48);
insert into STATION values (326, '.', 25, 412783.19, 134537.03, 1814.01);
insert into STATION values (327, '.', 25, 412783.12, 134537.15, 1814.96);
insert into STATION values (328, '.', 25, 412783.05, 134537.21, 1815.28);
insert into STATION values (329, '.', 25, 412783.13, 134537.26, 1815.89);
insert into STATION values (330, '.', 25, 412783.04, 134537.27, 1816.69);
insert into STATION values (331, '.', 25, 412783.61, 134535.57, 1817.49);
insert into STATION values (332, '.', 25, 412783.73, 134535.51, 1816.30);
insert into STATION values (333, '.', 25, 412783.71, 134535.57, 1815.64);
insert into STATION values (334, '.', 25, 412784.06, 134534.42, 1813.88);
insert into STATION values (335, '.', 25, 412784.37, 134534.10, 1811.93);
insert into STATION values (336, '.', 25, 412782.61, 134538.50, 1814.39);
insert into STATION values (337, '.', 25, 412782.38, 134539.86, 1814.57);
insert into STATION values (338, '1.24', 25, 412784.78, 134533.14, 1814.94);
insert into STATION values (339, '.', 25, 412786.76, 134529.18, 1814.45);
insert into STATION values (340, '.', 25, 412785.08, 134533.15, 1813.91);
insert into STATION values (341, '.', 25, 412785.26, 134533.33, 1814.64);
insert into STATION values (342, '.', 25, 412785.19, 134533.39, 1815.17);
insert into STATION values (343, '.', 25, 412785.13, 134533.30, 1815.93);
insert into STATION values (344, '.', 25, 412784.88, 134533.25, 1816.34);
insert into STATION values (345, '1.25', 25, 412785.66, 134532.75, 1815.15);
insert into STATION values (346, '.', 25, 412785.42, 134532.49, 1816.48);
insert into STATION values (347, '.', 25, 412784.75, 134532.20, 1816.37);
insert into STATION values (348, '.', 25, 412785.16, 134532.55, 1815.44);
insert into STATION values (349, '.', 25, 412785.30, 134532.35, 1814.66);
insert into STATION values (350, '.', 25, 412785.67, 134532.21, 1813.13);
insert into STATION values (351, '.', 25, 412786.16, 134532.04, 1811.24);
insert into STATION values (352, '.', 25, 412785.91, 134532.67, 1814.38);
insert into STATION values (353, '.', 25, 412794.03, 134520.79, 1815.21);
insert into STATION values (354, '1.26', 25, 412789.76, 134526.92, 1815.26);
insert into STATION values (355, '.', 25, 412790.04, 134527.26, 1815.37);
insert into STATION values (356, '1.27', 25, 412789.61, 134527.10, 1811.92);
insert into STATION values (357, '.', 25, 412789.80, 134527.15, 1810.92);
insert into STATION values (358, '.', 25, 412789.42, 134526.60, 1808.57);
insert into STATION values (359, '.', 25, 412789.51, 134526.76, 1810.90);
insert into STATION values (360, '.', 25, 412789.95, 134527.30, 1811.49);
insert into STATION values (361, '.', 25, 412789.94, 134527.20, 1812.73);
insert into STATION values (362, '.', 25, 412789.77, 134526.99, 1815.43);
insert into STATION values (363, '.', 25, 412787.58, 134529.63, 1813.07);
insert into STATION values (364, '1.28', 25, 412793.77, 134523.03, 1810.65);
insert into STATION values (365, '.', 25, 412793.39, 134523.19, 1807.44);
insert into STATION values (366, '.', 25, 412793.36, 134523.04, 1808.78);
insert into STATION values (367, '.', 25, 412792.77, 134522.70, 1809.53);
insert into STATION values (368, '.', 25, 412792.70, 134522.83, 1810.64);
insert into STATION values (369, '.', 25, 412792.74, 134522.82, 1811.52);
insert into STATION values (370, '.', 25, 412793.07, 134522.70, 1812.18);
insert into STATION values (371, '.', 25, 412793.95, 134523.16, 1809.56);
insert into STATION values (372, '1.29', 25, 412797.12, 134517.49, 1812.04);
insert into STATION values (373, '.', 25, 412797.26, 134518.04, 1809.53);
insert into STATION values (374, '.', 25, 412797.24, 134517.83, 1811.12);
insert into STATION values (375, '.', 25, 412797.24, 134517.79, 1811.73);
insert into STATION values (376, '.', 25, 412796.95, 134517.62, 1810.73);
insert into STATION values (377, '.', 25, 412796.80, 134517.35, 1811.42);
insert into STATION values (378, '.', 25, 412796.62, 134516.96, 1812.07);
insert into STATION values (379, '.', 25, 412796.76, 134516.58, 1813.22);
insert into STATION values (380, '.', 25, 412796.90, 134516.78, 1814.43);
insert into STATION values (381, '.', 25, 412796.82, 134517.67, 1815.18);
insert into STATION values (382, '.', 25, 412800.21, 134514.24, 1811.72);
insert into STATION values (383, '.', 25, 412800.10, 134514.38, 1811.74);
insert into STATION values (384, '.', 25, 412800.11, 134514.37, 1811.74);
insert into STATION values (385, '1.30', 25, 412799.93, 134514.66, 1811.82);
insert into STATION values (386, '.', 25, 412799.24, 134514.23, 1812.22);
insert into STATION values (387, '.', 25, 412799.30, 134514.19, 1811.70);
insert into STATION values (388, '.', 25, 412799.58, 134514.38, 1811.24);
insert into STATION values (389, '.', 25, 412799.74, 134514.28, 1810.22);
insert into STATION values (390, '.', 25, 412800.36, 134513.91, 1808.50);
insert into STATION values (391, '.', 25, 412799.81, 134515.30, 1811.77);
insert into STATION values (392, '.', 25, 412798.87, 134515.56, 1811.86);
insert into STATION values (393, '.', 25, 412799.10, 134514.79, 1811.85);
insert into STATION values (394, '.', 25, 412799.17, 134514.40, 1811.79);
insert into STATION values (395, '.', 25, 412799.67, 134513.49, 1811.93);
insert into STATION values (396, '1.31', 25, 412800.82, 134511.18, 1812.00);
insert into STATION values (397, '.', 25, 412801.54, 134511.60, 1810.30);
insert into STATION values (398, '.', 25, 412801.34, 134511.49, 1811.51);
insert into STATION values (399, '.', 25, 412801.29, 134511.34, 1812.07);
insert into STATION values (400, '.', 25, 412801.13, 134511.29, 1812.42);
insert into STATION values (401, '.', 25, 412800.89, 134511.17, 1812.47);
insert into STATION values (402, '.', 25, 412800.83, 134511.16, 1811.44);
insert into STATION values (403, '1.32', 25, 412805.55, 134509.48, 1805.66);
insert into STATION values (404, '.', 25, 412804.99, 134506.90, 1806.65);
insert into STATION values (405, '.', 25, 412804.44, 134508.93, 1806.58);
insert into STATION values (406, '.', 25, 412803.64, 134509.51, 1806.11);
insert into STATION values (407, '.', 25, 412802.36, 134510.71, 1806.06);
insert into STATION values (408, '.', 25, 412803.58, 134510.55, 1806.01);
insert into STATION values (409, '.', 25, 412804.16, 134510.63, 1806.08);
insert into STATION values (410, '.', 25, 412804.88, 134510.46, 1805.72);
insert into STATION values (411, '.', 25, 412804.51, 134508.75, 1806.23);
insert into STATION values (412, '.', 25, 412804.44, 134508.93, 1807.04);
insert into STATION values (413, '.', 25, 412804.37, 134509.02, 1807.60);
insert into STATION values (414, '.', 25, 412803.12, 134508.67, 1810.06);
insert into STATION values (415, '.', 25, 412802.26, 134509.31, 1810.24);
insert into STATION values (416, '.', 25, 412805.70, 134508.93, 1803.39);
insert into STATION values (417, '1.33', 25, 412806.99, 134508.04, 1803.27);
insert into STATION values (418, '1.34', 25, 412806.71, 134507.26, 1802.92);
insert into STATION values (419, '.', 25, 412806.91, 134507.24, 1802.07);
insert into STATION values (420, '.', 25, 412807.47, 134507.04, 1800.71);
insert into STATION values (421, '.', 25, 412807.29, 134507.21, 1802.14);
insert into STATION values (422, '.', 25, 412807.31, 134507.31, 1802.63);
insert into STATION values (423, '.', 25, 412807.27, 134507.34, 1802.89);
insert into STATION values (424, '.', 25, 412807.13, 134507.40, 1803.34);
insert into STATION values (425, '.', 25, 412807.00, 134507.40, 1803.59);
insert into STATION values (426, '1.35', 25, 412808.97, 134499.98, 1802.68);
insert into STATION values (427, '.', 25, 412808.98, 134499.94, 1803.15);
insert into STATION values (428, '.', 25, 412808.72, 134499.90, 1803.20);
insert into STATION values (429, '.', 25, 412808.48, 134499.84, 1802.78);
insert into STATION values (430, '.', 25, 412808.31, 134499.88, 1801.63);
insert into STATION values (431, '.', 25, 412808.50, 134499.71, 1801.19);
insert into STATION values (432, '.', 25, 412808.38, 134499.59, 1799.83);
insert into STATION values (433, '.', 25, 412808.73, 134499.84, 1799.79);
insert into STATION values (434, '.', 25, 412809.31, 134497.90, 1802.72);
insert into STATION values (435, '.', 25, 412809.14, 134498.06, 1803.90);
insert into STATION values (436, '.', 25, 412808.96, 134499.79, 1803.01);
insert into STATION values (437, '.', 25, 412808.59, 134499.86, 1804.20);
insert into STATION values (438, '.', 25, 412808.41, 134500.72, 1803.52);
insert into STATION values (439, '.', 25, 412808.29, 134500.56, 1802.97);
insert into STATION values (440, '.', 25, 412808.52, 134500.86, 1799.83);
insert into STATION values (441, '1.36', 25, 412808.79, 134496.86, 1798.70);
insert into STATION values (442, '.', 25, 412808.28, 134497.49, 1802.40);
insert into STATION values (443, '.', 25, 412808.37, 134495.68, 1802.41);
insert into STATION values (444, '.', 25, 412808.43, 134492.68, 1802.79);
insert into STATION values (445, '.', 25, 412809.05, 134489.92, 1804.18);
insert into STATION values (446, '.', 25, 412809.64, 134490.40, 1802.01);
insert into STATION values (447, '.', 25, 412809.80, 134490.75, 1800.23);
insert into STATION values (448, '.', 25, 412809.11, 134493.98, 1798.44);
insert into STATION values (449, '.', 25, 412809.05, 134495.56, 1797.80);
insert into STATION values (450, '.', 25, 412808.19, 134497.45, 1796.73);
insert into STATION values (451, '.', 25, 412807.43, 134498.75, 1796.77);
insert into STATION values (452, '.', 25, 412807.61, 134498.43, 1798.33);
insert into STATION values (453, '.', 25, 412807.64, 134498.36, 1799.57);
insert into STATION values (454, '.', 25, 412807.87, 134497.98, 1800.39);
insert into STATION values (455, '.', 25, 412808.01, 134497.51, 1801.36);
insert into STATION values (456, '.', 25, 412807.73, 134498.76, 1798.53);
insert into STATION values (457, '.', 25, 412807.30, 134498.37, 1798.57);
insert into STATION values (458, '.', 25, 412806.92, 134497.11, 1798.53);
insert into STATION values (459, '.', 25, 412807.20, 134496.24, 1798.60);
insert into STATION values (460, '.', 25, 412807.60, 134496.01, 1798.79);
insert into STATION values (461, '.', 25, 412808.12, 134495.15, 1798.98);
insert into STATION values (462, '.', 25, 412808.09, 134492.55, 1799.18);
insert into STATION values (463, '.', 25, 412809.53, 134490.26, 1799.79);
insert into STATION values (464, '.', 25, 412810.49, 134491.49, 1800.12);
insert into STATION values (465, '.', 25, 412810.68, 134493.72, 1799.82);
insert into STATION values (466, '.', 25, 412810.33, 134495.21, 1799.48);
insert into STATION values (467, '1.37', 25, 412809.50, 134493.16, 1798.98);
insert into STATION values (468, '.', 25, 412810.81, 134492.71, 1799.51);
insert into STATION values (469, '.', 25, 412810.80, 134493.10, 1801.66);
insert into STATION values (470, '.', 25, 412810.12, 134493.53, 1803.26);
insert into STATION values (471, '.', 25, 412809.28, 134493.51, 1803.75);
insert into STATION values (472, '.', 25, 412809.16, 134493.04, 1802.90);
insert into STATION values (473, '.', 25, 412808.35, 134493.18, 1801.82);
insert into STATION values (474, '.', 25, 412807.72, 134493.05, 1800.95);
insert into STATION values (475, '.', 25, 412807.72, 134492.86, 1799.85);
insert into STATION values (476, '.', 25, 412807.68, 134492.77, 1798.85);
insert into STATION values (477, '.', 25, 412808.31, 134492.76, 1798.15);
insert into STATION values (478, '.', 25, 412808.26, 134492.69, 1798.18);
insert into STATION values (479, '.', 25, 412807.66, 134492.58, 1798.89);
insert into STATION values (480, '.', 25, 412808.84, 134491.86, 1799.06);
insert into STATION values (481, '.', 25, 412810.39, 134490.35, 1799.22);
insert into STATION values (482, '.', 25, 412810.69, 134492.18, 1799.31);
insert into STATION values (483, '.', 25, 412810.81, 134492.82, 1799.36);
insert into STATION values (484, '.', 25, 412810.87, 134493.17, 1799.29);
insert into STATION values (485, '.', 25, 412810.87, 134494.34, 1799.42);
insert into STATION values (486, '.', 25, 412809.34, 134494.27, 1798.90);
insert into STATION values (487, '.', 25, 412807.64, 134498.32, 1798.32);
insert into STATION values (488, '.', 25, 412808.20, 134495.35, 1798.75);
insert into STATION values (489, '.', 25, 412808.28, 134494.54, 1798.81);
insert into STATION values (490, '1.37', 29, 412809.50, 134493.16, 1798.98);
insert into STATION values (491, '.', 29, 412809.50, 134493.16, 1798.98);
insert into STATION values (492, '.', 29, 412811.05, 134493.56, 1799.10);
insert into STATION values (493, '.', 29, 412811.28, 134494.20, 1799.53);
insert into STATION values (494, '.', 29, 412810.50, 134492.92, 1799.11);
insert into STATION values (495, '1.38', 29, 412807.54, 134491.66, 1800.99);
insert into STATION values (496, '.', 29, 412809.29, 134489.96, 1809.88);
insert into STATION values (497, '.', 29, 412805.06, 134491.58, 1806.42);
insert into STATION values (498, '.', 29, 412804.14, 134492.47, 1802.83);
insert into STATION values (499, '.', 29, 412805.55, 134491.59, 1803.38);
insert into STATION values (500, '.', 29, 412806.60, 134490.91, 1803.38);
insert into STATION values (501, '.', 29, 412806.56, 134491.53, 1801.50);
insert into STATION values (502, '.', 29, 412807.28, 134490.91, 1801.85);
insert into STATION values (503, '.', 29, 412810.26, 134491.51, 1801.09);
insert into STATION values (504, '.', 29, 412810.74, 134493.21, 1800.86);
insert into STATION values (505, '.', 29, 412809.63, 134495.97, 1800.36);
insert into STATION values (506, '.', 29, 412808.86, 134499.23, 1799.41);
insert into STATION values (507, '.', 29, 412808.79, 134496.88, 1799.64);
insert into STATION values (508, '.', 29, 412806.93, 134492.53, 1801.01);
insert into STATION values (509, '.', 29, 412806.87, 134491.98, 1799.91);
insert into STATION values (510, '.', 29, 412807.31, 134491.59, 1799.71);
insert into STATION values (511, '1.39', 29, 412807.39, 134490.58, 1799.43);
insert into STATION values (512, '.', 29, 412807.42, 134490.54, 1800.31);
insert into STATION values (513, '.', 29, 412807.40, 134490.75, 1801.18);
insert into STATION values (514, '.', 29, 412807.96, 134489.40, 1800.18);
insert into STATION values (515, '.', 29, 412808.79, 134488.00, 1800.70);
insert into STATION values (516, '.', 29, 412808.26, 134489.33, 1800.15);
insert into STATION values (517, '.', 29, 412807.84, 134490.22, 1800.22);
insert into STATION values (518, '.', 29, 412807.79, 134490.94, 1800.31);
insert into STATION values (519, '.', 29, 412808.12, 134490.72, 1799.71);
insert into STATION values (520, '.', 29, 412808.80, 134490.08, 1799.86);
insert into STATION values (521, '.', 29, 412808.80, 134489.55, 1799.75);
insert into STATION values (522, '.', 29, 412808.31, 134489.98, 1799.35);
insert into STATION values (523, '.', 29, 412808.48, 134490.30, 1799.38);
insert into STATION values (524, '.', 29, 412806.91, 134492.02, 1799.29);
insert into STATION values (525, '.', 29, 412807.81, 134491.23, 1799.50);
insert into STATION values (526, '.', 29, 412807.36, 134491.10, 1799.11);
insert into STATION values (527, '.', 29, 412807.30, 134490.53, 1798.31);
insert into STATION values (528, '.', 29, 412807.08, 134490.60, 1798.34);
insert into STATION values (529, '.', 29, 412806.67, 134490.66, 1798.32);
insert into STATION values (530, '.', 29, 412806.77, 134491.04, 1798.63);
insert into STATION values (531, '1.40', 29, 412807.47, 134490.29, 1798.90);
insert into STATION values (532, '.', 29, 412807.46, 134490.28, 1799.31);
insert into STATION values (533, '.', 29, 412807.36, 134490.31, 1798.48);
insert into STATION values (534, '.', 29, 412807.00, 134490.11, 1798.93);
insert into STATION values (535, '.', 29, 412807.23, 134489.53, 1798.85);
insert into STATION values (536, '.', 29, 412808.44, 134486.94, 1798.77);
insert into STATION values (537, '.', 29, 412808.51, 134487.62, 1798.72);
insert into STATION values (538, '.', 29, 412808.85, 134486.73, 1799.12);
insert into STATION values (539, '.', 29, 412807.53, 134490.69, 1798.91);
insert into STATION values (540, '.', 29, 412807.23, 134491.09, 1798.80);
insert into STATION values (541, '.', 29, 412807.31, 134490.52, 1798.32);
insert into STATION values (542, '.', 29, 412806.82, 134490.05, 1798.48);
insert into STATION values (543, '.', 29, 412805.98, 134489.44, 1796.85);
insert into STATION values (544, '.', 29, 412806.60, 134490.13, 1797.80);
insert into STATION values (545, '.', 29, 412806.83, 134490.35, 1798.03);
insert into STATION values (546, '.', 29, 412806.57, 134490.15, 1797.19);
insert into STATION values (547, '.', 29, 412807.93, 134489.65, 1798.84);
insert into STATION values (548, '.', 29, 412808.53, 134488.25, 1798.95);
insert into STATION values (549, '.', 29, 412809.95, 134484.80, 1799.09);
insert into STATION values (550, '.', 29, 412809.91, 134484.82, 1799.07);
insert into STATION values (551, '.', 29, 412809.91, 134484.86, 1799.09);
insert into STATION values (552, '1.41', 29, 412809.84, 134484.76, 1798.99);
insert into STATION values (553, '.', 29, 412810.33, 134484.91, 1798.87);
insert into STATION values (554, '.', 29, 412810.58, 134484.79, 1799.39);
insert into STATION values (555, '.', 29, 412810.91, 134484.43, 1799.71);
insert into STATION values (556, '.', 29, 412810.33, 134484.74, 1799.48);
insert into STATION values (557, '.', 29, 412809.81, 134484.83, 1798.54);
insert into STATION values (558, '.', 29, 412809.93, 134484.66, 1798.54);
insert into STATION values (559, '.', 29, 412810.31, 134484.64, 1798.54);
insert into STATION values (560, '.', 29, 412810.34, 134484.07, 1798.53);
insert into STATION values (561, '.', 29, 412810.61, 134483.74, 1798.74);
insert into STATION values (562, '.', 29, 412811.52, 134482.49, 1798.99);
insert into STATION values (563, '.', 29, 412811.28, 134483.19, 1798.93);
insert into STATION values (564, '.', 29, 412811.68, 134482.34, 1799.44);
insert into STATION values (565, '.', 29, 412811.75, 134481.66, 1799.05);
insert into STATION values (566, '.', 29, 412810.91, 134482.94, 1799.04);
insert into STATION values (567, '1.42', 29, 412812.26, 134480.10, 1798.96);
insert into STATION values (568, '.', 29, 412812.05, 134480.03, 1794.81);
insert into STATION values (569, '.', 29, 412810.25, 134481.36, 1795.93);
insert into STATION values (570, '.', 29, 412812.17, 134480.50, 1799.45);
insert into STATION values (571, '.', 29, 412811.99, 134480.74, 1799.96);
insert into STATION values (572, '.', 29, 412812.03, 134481.01, 1800.29);
insert into STATION values (573, '.', 29, 412811.87, 134480.55, 1799.64);
insert into STATION values (574, '.', 29, 412811.74, 134480.33, 1799.48);
insert into STATION values (575, '.', 29, 412811.45, 134480.11, 1799.19);
insert into STATION values (576, '.', 29, 412811.60, 134480.14, 1798.69);
insert into STATION values (577, '.', 29, 412812.36, 134480.00, 1800.22);
insert into STATION values (578, '.', 29, 412812.64, 134479.10, 1799.81);
insert into STATION values (579, '.', 29, 412814.42, 134476.71, 1800.71);
insert into STATION values (580, '.', 29, 412813.81, 134478.14, 1799.94);
insert into STATION values (581, '.', 29, 412812.02, 134479.33, 1799.39);
insert into STATION values (582, '.', 29, 412812.19, 134479.67, 1799.70);
insert into STATION values (583, '.', 29, 412811.85, 134479.28, 1798.81);
insert into STATION values (584, '.', 29, 412812.10, 134479.65, 1797.87);
insert into STATION values (585, '1.43', 29, 412813.89, 134478.63, 1802.29);
insert into STATION values (586, '.', 29, 412814.53, 134477.31, 1802.18);
insert into STATION values (587, '.', 29, 412814.85, 134477.05, 1802.15);
insert into STATION values (588, '.', 29, 412815.80, 134476.08, 1802.83);
insert into STATION values (589, '.', 29, 412814.86, 134477.77, 1802.24);
insert into STATION values (590, '.', 29, 412815.15, 134478.19, 1802.26);
insert into STATION values (591, '.', 29, 412815.35, 134478.53, 1802.20);
insert into STATION values (592, '.', 29, 412815.37, 134478.87, 1802.18);
insert into STATION values (593, '.', 29, 412816.11, 134479.37, 1802.12);
insert into STATION values (594, '.', 29, 412816.39, 134479.43, 1800.88);
insert into STATION values (595, '.', 29, 412815.99, 134479.84, 1801.98);
insert into STATION values (596, '.', 29, 412816.01, 134480.69, 1801.20);
insert into STATION values (597, '.', 29, 412815.88, 134480.82, 1801.80);
insert into STATION values (598, '.', 29, 412815.08, 134481.24, 1800.88);
insert into STATION values (599, '.', 29, 412814.66, 134481.66, 1801.59);
insert into STATION values (600, '.', 29, 412813.70, 134481.06, 1801.40);
insert into STATION values (601, '.', 29, 412812.84, 134482.42, 1801.99);
insert into STATION values (602, '.', 29, 412813.13, 134480.63, 1801.00);
insert into STATION values (603, '.', 29, 412813.79, 134479.33, 1801.27);
insert into STATION values (604, '.', 29, 412813.34, 134479.88, 1802.21);
insert into STATION values (605, '.', 29, 412813.53, 134480.80, 1802.84);
insert into STATION values (606, '.', 29, 412814.90, 134482.21, 1804.36);
insert into STATION values (607, '.', 29, 412816.09, 134482.09, 1806.33);
insert into STATION values (608, '.', 29, 412817.78, 134480.02, 1807.54);
insert into STATION values (609, '.', 29, 412810.19, 134481.31, 1795.94);
insert into STATION values (610, '.', 29, 412812.18, 134479.29, 1797.83);
insert into STATION values (611, '.', 29, 412813.24, 134478.09, 1799.08);
insert into STATION values (612, '.', 29, 412812.75, 134476.75, 1795.91);
insert into STATION values (613, '.', 29, 412818.61, 134478.53, 1807.52);
insert into STATION values (614, '.', 29, 412818.96, 134478.52, 1807.91);
insert into STATION values (615, '.', 29, 412818.63, 134478.55, 1807.54);
insert into STATION values (616, '1.44', 29, 412818.60, 134478.46, 1807.48);
insert into STATION values (617, '.', 29, 412818.59, 134478.56, 1808.91);
insert into STATION values (618, '.', 29, 412818.34, 134478.39, 1810.07);
insert into STATION values (619, '.', 29, 412817.55, 134477.20, 1813.40);
insert into STATION values (620, '.', 29, 412817.10, 134477.09, 1811.72);
insert into STATION values (621, '.', 29, 412816.76, 134477.49, 1809.89);
insert into STATION values (622, '.', 29, 412817.93, 134478.10, 1807.89);
insert into STATION values (623, '.', 29, 412817.70, 134478.35, 1807.50);
insert into STATION values (624, '.', 29, 412816.74, 134479.31, 1807.82);
insert into STATION values (625, '.', 29, 412817.10, 134480.21, 1808.12);
insert into STATION values (626, '.', 29, 412817.54, 134479.13, 1808.95);
insert into STATION values (627, '.', 29, 412817.85, 134478.55, 1809.87);
insert into STATION values (628, '.', 29, 412819.39, 134475.63, 1812.68);
insert into STATION values (629, '.', 29, 412819.93, 134474.91, 1812.35);
insert into STATION values (630, '.', 29, 412819.66, 134476.22, 1811.79);
insert into STATION values (631, '.', 29, 412818.83, 134475.52, 1810.90);
insert into STATION values (632, '.', 29, 412820.18, 134475.21, 1810.42);
insert into STATION values (633, '.', 29, 412819.76, 134476.66, 1809.47);
insert into STATION values (634, '.', 29, 412818.87, 134475.58, 1809.24);
insert into STATION values (635, '.', 29, 412820.17, 134474.96, 1809.20);
insert into STATION values (636, '.', 29, 412820.52, 134475.41, 1808.70);
insert into STATION values (637, '.', 29, 412819.07, 134474.70, 1807.65);
insert into STATION values (638, '.', 29, 412818.42, 134476.77, 1807.57);
insert into STATION values (639, '.', 29, 412818.17, 134477.64, 1807.55);
insert into STATION values (640, '.', 29, 412818.26, 134476.52, 1806.51);
insert into STATION values (641, '.', 29, 412818.23, 134478.98, 1805.74);
insert into STATION values (642, '.', 29, 412819.00, 134475.66, 1812.81);
insert into STATION values (643, '1.45', 29, 412818.99, 134475.67, 1812.79);
insert into STATION values (644, '.', 29, 412813.89, 134478.63, 1802.29);
insert into STATION values (645, '1.46', 29, 412812.65, 134476.75, 1796.77);
insert into STATION values (646, '.', 29, 412812.91, 134476.77, 1798.29);
insert into STATION values (647, '.', 29, 412813.10, 134476.84, 1797.72);
insert into STATION values (648, '.', 29, 412813.06, 134476.82, 1797.10);
insert into STATION values (649, '.', 29, 412813.15, 134476.82, 1796.73);
insert into STATION values (650, '.', 29, 412813.26, 134476.57, 1796.74);
insert into STATION values (651, '.', 29, 412813.60, 134476.14, 1796.65);
insert into STATION values (652, '.', 29, 412814.43, 134475.21, 1796.51);
insert into STATION values (653, '.', 29, 412814.23, 134475.11, 1796.51);
insert into STATION values (654, '.', 29, 412814.87, 134474.62, 1795.43);
insert into STATION values (655, '.', 29, 412814.36, 134475.50, 1795.70);
insert into STATION values (656, '.', 29, 412813.40, 134476.50, 1795.77);
insert into STATION values (657, '.', 29, 412812.99, 134476.77, 1794.60);
insert into STATION values (658, '.', 29, 412812.58, 134478.31, 1798.37);
insert into STATION values (659, '.', 29, 412812.61, 134479.24, 1798.12);
insert into STATION values (660, '.', 29, 412812.55, 134479.44, 1797.08);
insert into STATION values (661, '.', 29, 412812.86, 134478.87, 1795.56);
insert into STATION values (662, '.', 29, 412813.20, 134478.07, 1795.03);
insert into STATION values (663, '1.47', 29, 412815.26, 134474.54, 1796.63);
insert into STATION values (664, '.', 29, 412814.76, 134474.72, 1799.28);
insert into STATION values (665, '.', 29, 412815.21, 134474.10, 1798.15);
insert into STATION values (666, '.', 29, 412815.77, 134471.84, 1798.21);
insert into STATION values (667, '.', 29, 412815.60, 134471.95, 1797.12);
insert into STATION values (668, '.', 29, 412816.06, 134470.96, 1797.36);
insert into STATION values (669, '.', 29, 412815.58, 134473.34, 1796.84);
insert into STATION values (670, '.', 29, 412815.39, 134472.41, 1796.74);
insert into STATION values (671, '.', 29, 412815.31, 134472.77, 1796.13);
insert into STATION values (672, '.', 29, 412815.44, 134472.39, 1795.56);
insert into STATION values (673, '.', 29, 412815.57, 134473.67, 1796.41);
insert into STATION values (674, '.', 29, 412815.19, 134473.55, 1793.47);
insert into STATION values (675, '.', 29, 412814.87, 134474.35, 1794.24);
insert into STATION values (676, '.', 29, 412815.28, 134474.58, 1795.78);
insert into STATION values (677, '.', 29, 412814.90, 134474.36, 1796.56);
insert into STATION values (678, '.', 29, 412814.93, 134475.15, 1797.67);
insert into STATION values (679, '.', 29, 412814.48, 134475.45, 1796.83);
insert into STATION values (680, '.', 29, 412812.47, 134476.84, 1796.79);
insert into STATION values (681, '.', 29, 412814.59, 134474.85, 1796.75);
insert into STATION values (682, '.', 29, 412813.30, 134476.16, 1794.41);
insert into STATION values (683, '.', 29, 412814.87, 134474.31, 1794.17);
insert into STATION values (684, '1.48', 29, 412815.68, 134471.81, 1796.82);
insert into STATION values (685, '.', 29, 412817.51, 134471.50, 1803.00);
insert into STATION values (686, '.', 29, 412816.22, 134471.89, 1799.31);
insert into STATION values (687, '.', 29, 412816.70, 134471.66, 1798.95);
insert into STATION values (688, '.', 29, 412816.14, 134472.03, 1797.91);
insert into STATION values (689, '.', 29, 412816.11, 134472.05, 1797.23);
insert into STATION values (690, '.', 29, 412816.12, 134472.04, 1796.80);
insert into STATION values (691, '.', 29, 412816.42, 134471.73, 1795.47);
insert into STATION values (692, '.', 29, 412816.34, 134471.81, 1796.04);
insert into STATION values (693, '.', 29, 412816.13, 134471.71, 1793.52);
insert into STATION values (694, '.', 29, 412815.87, 134471.69, 1795.08);
insert into STATION values (695, '.', 29, 412815.66, 134471.74, 1795.83);
insert into STATION values (696, '.', 29, 412816.74, 134470.27, 1796.92);
insert into STATION values (697, '.', 29, 412816.41, 134471.18, 1796.91);
insert into STATION values (698, '.', 29, 412816.15, 134471.89, 1796.73);
insert into STATION values (699, '.', 29, 412815.86, 134472.59, 1796.81);
insert into STATION values (700, '.', 29, 412815.75, 134473.01, 1796.87);
insert into STATION values (701, '1.49', 29, 412816.65, 134469.45, 1796.50);
insert into STATION values (702, '1.50', 29, 412816.90, 134469.03, 1798.73);
insert into STATION values (703, '.', 29, 412817.13, 134469.17, 1798.72);
insert into STATION values (704, '.', 29, 412817.30, 134469.27, 1799.16);
insert into STATION values (705, '.', 29, 412818.06, 134467.96, 1798.94);
insert into STATION values (706, '.', 29, 412817.41, 134468.67, 1797.71);
insert into STATION values (707, '.', 29, 412816.02, 134470.24, 1798.59);
insert into STATION values (708, '1.51', 29, 412818.61, 134466.75, 1798.79);
insert into STATION values (709, '.', 29, 412818.31, 134466.76, 1799.13);
insert into STATION values (710, '.', 29, 412818.65, 134464.96, 1793.52);
insert into STATION values (711, '.', 29, 412818.23, 134466.71, 1798.77);
insert into STATION values (712, '.', 29, 412818.28, 134466.46, 1798.66);
insert into STATION values (713, '.', 29, 412818.25, 134465.67, 1798.47);
insert into STATION values (714, '.', 29, 412818.47, 134464.61, 1798.33);
insert into STATION values (715, '.', 29, 412818.67, 134465.98, 1798.58);
insert into STATION values (716, '1.52', 29, 412818.44, 134464.75, 1798.75);
insert into STATION values (717, '.', 29, 412818.46, 134464.52, 1798.48);
insert into STATION values (718, '.', 29, 412818.84, 134464.91, 1799.02);
insert into STATION values (719, '.', 29, 412818.40, 134466.25, 1794.38);
insert into STATION values (720, '.', 29, 412818.28, 134465.07, 1798.18);
insert into STATION values (721, '.', 29, 412818.65, 134464.96, 1798.37);
insert into STATION values (722, '.', 29, 412818.99, 134463.55, 1798.62);
insert into STATION values (723, '1.53', 29, 412819.45, 134462.49, 1798.92);
insert into STATION values (724, '.', 29, 412819.84, 134463.05, 1799.73);
insert into STATION values (725, '.', 29, 412819.44, 134463.66, 1799.31);
insert into STATION values (726, '.', 29, 412818.33, 134466.23, 1799.05);
insert into STATION values (727, '.', 29, 412818.94, 134463.75, 1798.90);
insert into STATION values (728, '.', 29, 412819.33, 134463.35, 1798.82);
insert into STATION values (729, '.', 29, 412819.66, 134461.39, 1795.18);
insert into STATION values (730, '.', 29, 412819.77, 134461.03, 1794.44);
insert into STATION values (731, '.', 29, 412819.55, 134462.49, 1798.64);
insert into STATION values (732, '.', 29, 412819.17, 134462.32, 1798.38);
insert into STATION values (733, '.', 29, 412820.10, 134460.17, 1796.44);
insert into STATION values (734, '.', 29, 412819.97, 134461.31, 1797.40);
insert into STATION values (735, '.', 29, 412820.58, 134459.54, 1795.30);
insert into STATION values (736, '1.54', 29, 412820.42, 134459.31, 1796.95);
insert into STATION values (737, '.', 29, 412818.54, 134459.22, 1798.13);
insert into STATION values (738, '.', 29, 412819.17, 134459.32, 1797.66);
insert into STATION values (739, '.', 29, 412818.89, 134458.40, 1797.64);
insert into STATION values (740, '.', 29, 412818.34, 134458.08, 1797.95);
insert into STATION values (741, '.', 29, 412818.55, 134458.60, 1797.98);
insert into STATION values (742, '.', 29, 412818.22, 134457.66, 1797.71);
insert into STATION values (743, '.', 29, 412818.18, 134457.20, 1797.27);
insert into STATION values (744, '.', 29, 412818.02, 134457.15, 1797.02);
insert into STATION values (745, '.', 29, 412819.30, 134458.68, 1797.26);
insert into STATION values (746, '.', 29, 412819.61, 134458.47, 1797.27);
insert into STATION values (747, '.', 29, 412820.26, 134459.96, 1795.65);
insert into STATION values (748, '.', 29, 412819.54, 134460.37, 1788.50);
insert into STATION values (749, '.', 29, 412819.95, 134459.77, 1797.30);
insert into STATION values (750, '.', 29, 412819.88, 134459.64, 1798.03);
insert into STATION values (751, '.', 29, 412819.76, 134459.37, 1798.59);
insert into STATION values (752, '.', 29, 412819.30, 134459.50, 1797.01);
insert into STATION values (753, '.', 29, 412819.83, 134459.17, 1796.92);
insert into STATION values (754, '1.55', 29, 412819.03, 134457.92, 1798.48);
insert into STATION values (755, '.', 29, 412817.61, 134457.14, 1789.64);
insert into STATION values (756, '.', 29, 412819.23, 134457.73, 1797.64);
insert into STATION values (757, '.', 29, 412820.96, 134457.64, 1798.19);
insert into STATION values (758, '.', 29, 412820.63, 134458.17, 1799.15);
insert into STATION values (759, '.', 29, 412819.44, 134458.09, 1798.91);
insert into STATION values (760, '.', 29, 412822.47, 134457.11, 1801.39);
insert into STATION values (761, '.', 29, 412820.89, 134459.00, 1799.89);
insert into STATION values (762, '.', 29, 412819.82, 134459.35, 1799.29);
insert into STATION values (763, '.', 29, 412818.81, 134459.64, 1798.17);
insert into STATION values (764, '.', 29, 412818.08, 134457.54, 1797.32);
insert into STATION values (765, '.', 29, 412818.52, 134456.42, 1797.45);
insert into STATION values (766, '.', 29, 412818.61, 134455.71, 1797.10);
insert into STATION values (767, '.', 29, 412818.72, 134454.64, 1796.92);
insert into STATION values (768, '.', 29, 412818.91, 134455.51, 1797.37);
insert into STATION values (769, '.', 29, 412819.16, 134454.80, 1797.29);
insert into STATION values (770, '.', 29, 412819.59, 134452.11, 1796.72);
insert into STATION values (771, '.', 29, 412819.43, 134456.00, 1798.23);
insert into STATION values (772, '.', 29, 412820.14, 134455.71, 1798.14);
insert into STATION values (773, '.', 29, 412820.66, 134456.37, 1798.22);
insert into STATION values (774, '.', 29, 412820.86, 134457.41, 1798.40);
insert into STATION values (775, '.', 29, 412820.42, 134458.70, 1798.13);
insert into STATION values (776, '.', 29, 412819.62, 134458.36, 1797.26);
insert into STATION values (777, '.', 29, 412818.89, 134457.35, 1797.35);
insert into STATION values (778, '1.56', 29, 412819.13, 134452.25, 1796.42);
insert into STATION values (779, '.', 29, 412818.99, 134452.20, 1797.54);
insert into STATION values (780, '.', 29, 412820.93, 134452.15, 1798.49);
insert into STATION values (781, '.', 29, 412820.60, 134452.90, 1798.17);
insert into STATION values (782, '.', 29, 412820.46, 134453.71, 1798.15);
insert into STATION values (783, '.', 29, 412820.03, 134455.25, 1798.32);
insert into STATION values (784, '.', 29, 412818.78, 134453.77, 1797.36);
insert into STATION values (785, '.', 29, 412818.59, 134458.92, 1798.94);
insert into STATION values (786, '.', 29, 412818.21, 134455.85, 1797.22);
insert into STATION values (787, '.', 29, 412818.55, 134453.58, 1796.67);
insert into STATION values (788, '.', 29, 412818.25, 134453.83, 1797.04);
insert into STATION values (789, '.', 29, 412818.25, 134453.50, 1796.52);
insert into STATION values (790, '.', 29, 412817.71, 134453.69, 1796.34);
insert into STATION values (791, '.', 29, 412817.04, 134454.00, 1796.26);
insert into STATION values (792, '.', 29, 412816.87, 134453.52, 1795.56);
insert into STATION values (793, '.', 29, 412814.89, 134454.09, 1794.62);
insert into STATION values (794, '.', 29, 412814.16, 134453.29, 1794.22);
insert into STATION values (795, '.', 29, 412813.97, 134452.25, 1793.80);
insert into STATION values (796, '.', 29, 412815.06, 134451.19, 1794.33);
insert into STATION values (797, '.', 29, 412813.29, 134451.29, 1792.64);
insert into STATION values (798, '.', 29, 412817.05, 134452.40, 1794.78);
insert into STATION values (799, '.', 29, 412813.68, 134452.88, 1791.76);
insert into STATION values (800, '.', 29, 412817.17, 134453.03, 1795.20);
insert into STATION values (801, '.', 29, 412812.79, 134453.83, 1792.28);
insert into STATION values (802, '.', 29, 412812.87, 134452.86, 1792.13);
insert into STATION values (803, '.', 29, 412810.92, 134453.18, 1791.53);
insert into STATION values (804, '.', 29, 412810.23, 134453.26, 1791.10);
insert into STATION values (805, '.', 29, 412810.39, 134453.23, 1791.20);
insert into STATION values (806, '1.57', 29, 412810.92, 134453.20, 1791.50);
insert into STATION values (807, '.', 29, 412811.22, 134453.99, 1791.27);
insert into STATION values (808, '.', 29, 412808.53, 134455.72, 1789.66);
insert into STATION values (809, '.', 29, 412807.89, 134455.40, 1789.25);
insert into STATION values (810, '.', 29, 412809.70, 134453.35, 1790.27);
insert into STATION values (811, '.', 29, 412809.01, 134452.64, 1788.89);
insert into STATION values (812, '.', 29, 412809.72, 134452.03, 1789.88);
insert into STATION values (813, '.', 29, 412810.25, 134451.33, 1790.33);
insert into STATION values (814, '.', 29, 412810.99, 134451.96, 1790.93);
insert into STATION values (815, '.', 29, 412810.97, 134452.18, 1791.17);
insert into STATION values (816, '.', 29, 412811.52, 134452.40, 1791.54);
insert into STATION values (817, '.', 29, 412813.35, 134452.65, 1792.49);
insert into STATION values (818, '.', 29, 412813.64, 134453.38, 1791.36);
insert into STATION values (819, '.', 29, 412810.33, 134453.71, 1782.26);
insert into STATION values (820, '.', 29, 412812.26, 134454.47, 1786.41);
insert into STATION values (821, '.', 29, 412812.44, 134454.09, 1786.84);
insert into STATION values (822, '.', 29, 412810.87, 134453.74, 1789.60);
insert into STATION values (823, '.', 29, 412810.30, 134453.90, 1790.05);
insert into STATION values (824, '.', 29, 412808.05, 134452.98, 1789.24);
insert into STATION values (825, '.', 29, 412810.46, 134454.10, 1791.07);
insert into STATION values (826, '.', 29, 412808.11, 134452.95, 1789.29);
insert into STATION values (827, '.', 29, 412809.89, 134453.11, 1790.70);
insert into STATION values (828, '.', 29, 412808.07, 134452.94, 1789.26);
insert into STATION values (829, '1.58', 29, 412808.13, 134452.85, 1789.21);
insert into STATION values (830, '.', 29, 412808.15, 134452.79, 1789.43);
insert into STATION values (831, '.', 29, 412807.51, 134451.30, 1788.49);
insert into STATION values (832, '.', 29, 412807.76, 134451.95, 1788.87);
insert into STATION values (833, '.', 29, 412807.95, 134452.08, 1788.78);
insert into STATION values (834, '.', 29, 412808.12, 134452.38, 1788.47);
insert into STATION values (835, '.', 29, 412808.19, 134452.56, 1788.11);
insert into STATION values (836, '.', 29, 412808.18, 134452.77, 1788.47);
insert into STATION values (837, '.', 29, 412806.72, 134452.47, 1788.22);
insert into STATION values (838, '.', 29, 412806.74, 134452.51, 1788.47);
insert into STATION values (839, '.', 29, 412804.25, 134453.15, 1787.00);
insert into STATION values (840, '.', 29, 412806.25, 134452.89, 1787.69);
insert into STATION values (841, '.', 29, 412807.77, 134452.49, 1787.69);
insert into STATION values (842, '.', 29, 412812.00, 134452.84, 1790.87);
insert into STATION values (843, '.', 29, 412810.42, 134452.16, 1790.28);
insert into STATION values (844, '.', 29, 412809.68, 134451.68, 1789.84);
insert into STATION values (845, '.', 29, 412809.49, 134451.88, 1790.16);
insert into STATION values (846, '.', 29, 412808.96, 134452.28, 1789.93);
insert into STATION values (847, '.', 29, 412809.25, 134452.17, 1788.95);
insert into STATION values (848, '.', 29, 412808.97, 134451.97, 1788.21);
insert into STATION values (849, '1.59', 29, 412803.40, 134454.29, 1786.76);
insert into STATION values (850, '.', 29, 412803.41, 134454.30, 1787.26);
insert into STATION values (851, '.', 29, 412803.49, 134453.83, 1787.22);
insert into STATION values (852, '.', 29, 412803.42, 134453.48, 1787.11);
insert into STATION values (853, '.', 29, 412803.47, 134453.06, 1786.88);
insert into STATION values (854, '.', 29, 412801.18, 134450.98, 1783.94);
insert into STATION values (855, '.', 29, 412801.61, 134450.90, 1785.09);
insert into STATION values (856, '.', 29, 412800.59, 134453.40, 1785.82);
insert into STATION values (857, '.', 29, 412802.29, 134453.78, 1785.81);
insert into STATION values (858, '.', 29, 412807.39, 134453.61, 1788.79);
insert into STATION values (859, '.', 29, 412805.09, 134454.38, 1788.00);
insert into STATION values (860, '.', 29, 412805.58, 134452.96, 1787.33);
insert into STATION values (861, '.', 29, 412804.73, 134453.34, 1786.84);
insert into STATION values (862, '.', 29, 412804.44, 134454.07, 1786.79);
insert into STATION values (863, '.', 29, 412804.01, 134454.17, 1786.48);
insert into STATION values (864, '.', 29, 412803.43, 134454.00, 1786.05);
insert into STATION values (865, '1.60', 29, 412802.27, 134453.74, 1785.76);
insert into STATION values (866, '.', 29, 412803.32, 134453.44, 1788.29);
insert into STATION values (867, '1.61', 29, 412802.56, 134453.00, 1784.55);
insert into STATION values (868, '.', 29, 412802.29, 134450.33, 1784.56);
insert into STATION values (869, '.', 29, 412802.68, 134452.05, 1784.90);
insert into STATION values (870, '.', 29, 412801.59, 134452.21, 1785.88);
insert into STATION values (871, '.', 29, 412801.56, 134453.45, 1786.22);
insert into STATION values (872, '.', 29, 412802.00, 134453.75, 1784.65);
insert into STATION values (873, '.', 29, 412800.95, 134454.30, 1784.77);
insert into STATION values (874, '.', 29, 412801.12, 134453.94, 1784.15);
insert into STATION values (875, '.', 29, 412800.85, 134453.29, 1784.12);
insert into STATION values (876, '.', 29, 412800.73, 134452.68, 1784.21);
insert into STATION values (877, '.', 29, 412801.10, 134451.78, 1784.08);
insert into STATION values (878, '.', 29, 412802.75, 134450.25, 1783.85);
insert into STATION values (879, '.', 29, 412801.34, 134451.96, 1782.57);
insert into STATION values (880, '.', 29, 412802.58, 134450.13, 1778.93);
insert into STATION values (881, '.', 29, 412806.76, 134450.53, 1764.83);
insert into STATION values (882, '.', 29, 412801.95, 134453.85, 1780.35);
insert into STATION values (883, '.', 29, 412801.31, 134452.80, 1780.96);
insert into STATION values (884, '.', 29, 412802.53, 134453.05, 1784.32);
insert into STATION values (885, '.', 29, 412811.38, 134454.39, 1746.83);
insert into STATION values (886, '1.62', 29, 412806.12, 134452.92, 1762.73);
insert into STATION values (887, '.', 29, 412808.19, 134451.24, 1771.56);
insert into STATION values (888, '.', 29, 412809.44, 134451.42, 1768.93);
insert into STATION values (889, '.', 29, 412810.61, 134452.06, 1766.37);
insert into STATION values (890, '.', 29, 412810.60, 134452.67, 1764.39);
insert into STATION values (891, '.', 29, 412808.33, 134451.53, 1763.60);
insert into STATION values (892, '.', 29, 412808.05, 134450.49, 1765.61);
insert into STATION values (893, '.', 29, 412806.75, 134450.78, 1767.86);
insert into STATION values (894, '.', 29, 412804.41, 134455.08, 1771.53);
insert into STATION values (895, '.', 29, 412806.49, 134455.38, 1764.66);
insert into STATION values (896, '.', 29, 412806.72, 134454.94, 1763.62);
insert into STATION values (897, '.', 29, 412806.76, 134454.88, 1762.11);
insert into STATION values (898, '.', 29, 412808.82, 134455.45, 1762.02);
insert into STATION values (899, '.', 29, 412809.60, 134455.55, 1761.92);
insert into STATION values (900, '.', 29, 412810.66, 134453.65, 1761.87);
insert into STATION values (901, '.', 29, 412811.49, 134454.48, 1755.44);
insert into STATION values (902, '.', 29, 412808.09, 134452.17, 1757.65);
insert into STATION values (903, '.', 29, 412806.14, 134453.69, 1760.55);
insert into STATION values (904, '.', 29, 412806.71, 134454.64, 1760.02);
insert into STATION values (905, '.', 29, 412808.80, 134455.35, 1757.65);
insert into STATION values (906, '.', 29, 412811.32, 134455.86, 1749.04);
insert into STATION values (907, '.', 29, 412809.80, 134457.07, 1747.93);
insert into STATION values (908, '.', 29, 412808.07, 134453.03, 1752.48);
insert into STATION values (909, '.', 29, 412809.02, 134454.35, 1746.10);
insert into STATION values (910, '.', 29, 412812.41, 134453.15, 1747.45);
insert into STATION values (911, '.', 29, 412808.01, 134453.85, 1751.30);
insert into STATION values (912, '.', 29, 412811.79, 134454.26, 1747.19);
insert into STATION values (913, '.', 29, 412811.81, 134454.29, 1747.24);
insert into STATION values (914, '.', 29, 412811.81, 134454.28, 1747.26);
insert into STATION values (915, '.', 29, 412811.36, 134454.28, 1746.99);
insert into STATION values (916, '.', 29, 412811.27, 134454.35, 1746.88);
insert into STATION values (917, '1.63', 29, 412811.30, 134454.42, 1746.98);
insert into STATION values (918, '.', 29, 412811.00, 134451.69, 1746.84);
insert into STATION values (919, '.', 29, 412810.41, 134452.12, 1746.88);
insert into STATION values (920, '.', 29, 412809.43, 134452.69, 1746.78);
insert into STATION values (921, '.', 29, 412807.98, 134453.15, 1746.80);
insert into STATION values (922, '.', 29, 412807.30, 134454.55, 1746.89);
insert into STATION values (923, '.', 29, 412804.48, 134456.95, 1746.73);
insert into STATION values (924, '.', 29, 412807.23, 134457.87, 1746.79);
insert into STATION values (925, '.', 29, 412808.56, 134458.08, 1747.06);
insert into STATION values (926, '.', 29, 412808.36, 134458.39, 1747.48);
insert into STATION values (927, '.', 29, 412810.40, 134457.05, 1747.20);
insert into STATION values (928, '.', 29, 412811.52, 134456.11, 1747.11);
insert into STATION values (929, '.', 29, 412812.04, 134455.67, 1747.05);
insert into STATION values (930, '.', 29, 412812.08, 134454.40, 1747.11);
insert into STATION values (931, '.', 29, 412811.97, 134453.63, 1747.11);
insert into STATION values (932, '.', 29, 412807.49, 134455.31, 1746.01);
insert into STATION values (933, '.', 29, 412808.66, 134453.13, 1748.90);
insert into STATION values (934, '.', 29, 412809.70, 134452.66, 1753.11);
insert into STATION values (935, '.', 29, 412810.30, 134452.43, 1762.73);
insert into STATION values (936, '.', 29, 412811.86, 134454.00, 1753.06);
insert into STATION values (937, '.', 29, 412812.22, 134454.47, 1749.70);
insert into STATION values (938, '.', 29, 412812.09, 134454.35, 1748.19);
insert into STATION values (939, '.', 29, 412812.40, 134447.49, 1757.53);
insert into STATION values (940, '.', 29, 412813.84, 134439.98, 1759.88);
insert into STATION values (941, '.', 29, 412814.45, 134439.59, 1757.52);
insert into STATION values (942, '.', 29, 412811.27, 134448.90, 1750.71);
insert into STATION values (943, '.', 29, 412812.26, 134449.90, 1749.83);
insert into STATION values (944, '.', 29, 412812.02, 134449.16, 1750.68);
insert into STATION values (945, '.', 29, 412812.94, 134450.47, 1751.68);
insert into STATION values (946, '1.64', 29, 412812.10, 134449.00, 1750.93);
insert into STATION values (947, '.', 29, 412811.30, 134448.57, 1751.03);
insert into STATION values (948, '.', 29, 412811.47, 134448.69, 1751.65);
insert into STATION values (949, '.', 29, 412811.75, 134448.31, 1752.70);
insert into STATION values (950, '.', 29, 412812.28, 134448.12, 1753.08);
insert into STATION values (951, '.', 29, 412813.18, 134447.83, 1753.35);
insert into STATION values (952, '.', 29, 412813.06, 134448.77, 1752.29);
insert into STATION values (953, '.', 29, 412813.10, 134449.03, 1751.67);
insert into STATION values (954, '.', 29, 412813.16, 134449.10, 1751.27);
insert into STATION values (955, '.', 29, 412812.86, 134449.05, 1750.15);
insert into STATION values (956, '.', 29, 412812.46, 134448.94, 1749.72);
insert into STATION values (957, '.', 29, 412813.45, 134447.98, 1751.23);
insert into STATION values (958, '.', 29, 412814.03, 134446.63, 1751.45);
insert into STATION values (959, '.', 29, 412814.64, 134444.51, 1751.66);
insert into STATION values (960, '.', 29, 412810.81, 134450.32, 1751.04);
insert into STATION values (961, '.', 29, 412810.11, 134457.84, 1751.82);
insert into STATION values (962, '.', 29, 412812.87, 134451.91, 1751.02);
insert into STATION values (963, '.', 29, 412811.64, 134449.01, 1750.31);
insert into STATION values (964, '.', 29, 412813.44, 134444.84, 1750.62);
insert into STATION values (965, '.', 29, 412813.43, 134444.82, 1750.61);
insert into STATION values (966, '1.65', 29, 412813.42, 134444.86, 1750.62);
insert into STATION values (967, '.', 29, 412812.73, 134443.77, 1759.57);
insert into STATION values (968, '.', 29, 412812.59, 134443.88, 1758.58);
insert into STATION values (969, '.', 29, 412812.46, 134443.58, 1760.49);
insert into STATION values (970, '.', 29, 412812.53, 134445.88, 1756.24);
insert into STATION values (971, '.', 29, 412812.53, 134448.21, 1755.75);
insert into STATION values (972, '.', 29, 412813.78, 134445.99, 1754.19);
insert into STATION values (973, '.', 29, 412812.02, 134444.66, 1754.04);
insert into STATION values (974, '.', 29, 412811.91, 134443.10, 1755.09);
insert into STATION values (975, '.', 29, 412813.11, 134442.75, 1755.88);
insert into STATION values (976, '.', 29, 412813.37, 134444.18, 1751.74);
insert into STATION values (977, '.', 29, 412812.69, 134445.75, 1751.55);
insert into STATION values (978, '.', 29, 412812.07, 134447.77, 1753.30);
insert into STATION values (979, '.', 29, 412813.48, 134448.09, 1751.61);
insert into STATION values (980, '.', 29, 412814.06, 134447.04, 1750.49);
insert into STATION values (981, '.', 29, 412813.21, 134447.48, 1750.15);
insert into STATION values (982, '.', 29, 412812.46, 134447.93, 1749.63);
insert into STATION values (983, '.', 29, 412812.99, 134445.66, 1750.12);
insert into STATION values (984, '.', 29, 412813.41, 134444.83, 1750.11);
insert into STATION values (985, '1.66', 29, 412811.65, 134441.59, 1749.25);
insert into STATION values (986, '.', 29, 412812.04, 134443.69, 1749.68);
insert into STATION values (987, '.', 29, 412811.66, 134442.00, 1750.04);
insert into STATION values (988, '.', 29, 412814.36, 134442.57, 1759.34);
insert into STATION values (989, '.', 29, 412811.70, 134441.22, 1753.93);
insert into STATION values (990, '.', 29, 412813.19, 134436.42, 1749.49);
insert into STATION values (991, '.', 29, 412814.78, 134432.39, 1748.32);
insert into STATION values (992, '.', 29, 412812.90, 134439.75, 1749.09);
insert into STATION values (993, '.', 29, 412813.74, 134440.22, 1749.12);
insert into STATION values (994, '.', 29, 412816.41, 134439.01, 1749.36);
insert into STATION values (995, '.', 29, 412815.06, 134439.84, 1749.95);
insert into STATION values (996, '.', 29, 412816.27, 134439.28, 1749.93);
insert into STATION values (997, '.', 29, 412815.90, 134441.01, 1749.45);
insert into STATION values (998, '.', 29, 412815.70, 134442.01, 1749.36);
insert into STATION values (999, '.', 29, 412815.59, 134442.73, 1749.43);
insert into STATION values (1000, '.', 29, 412813.44, 134442.72, 1749.34);
insert into STATION values (1001, '.', 29, 412814.13, 134442.81, 1750.66);
insert into STATION values (1002, '.', 29, 412815.07, 134442.67, 1753.44);
insert into STATION values (1003, '.', 29, 412814.69, 134441.56, 1747.21);
insert into STATION values (1004, '.', 29, 412813.27, 134441.43, 1746.36);
insert into STATION values (1005, '.', 29, 412811.81, 134441.42, 1746.70);
insert into STATION values (1006, '.', 29, 412812.50, 134441.44, 1745.44);
insert into STATION values (1007, '.', 29, 412814.64, 134431.88, 1749.05);
insert into STATION values (1008, '.', 29, 412815.11, 134432.76, 1749.05);
insert into STATION values (1009, '.', 29, 412818.80, 134420.41, 1749.91);
insert into STATION values (1010, '.', 29, 412815.23, 134432.61, 1749.28);
insert into STATION values (1011, '1.67', 29, 412815.22, 134432.64, 1749.27);
insert into STATION values (1012, '.', 29, 412813.09, 134432.99, 1748.87);
insert into STATION values (1013, '.', 29, 412814.55, 134432.75, 1749.64);
insert into STATION values (1014, '.', 29, 412814.54, 134432.69, 1750.43);
insert into STATION values (1015, '.', 29, 412814.63, 134432.62, 1752.90);
insert into STATION values (1016, '.', 29, 412815.02, 134432.42, 1754.58);
insert into STATION values (1017, '.', 29, 412816.10, 134431.35, 1755.66);
insert into STATION values (1018, '.', 29, 412816.90, 134432.39, 1752.48);
insert into STATION values (1019, '.', 29, 412817.15, 134432.23, 1749.58);
insert into STATION values (1020, '.', 29, 412817.58, 134428.80, 1749.43);
insert into STATION values (1021, '.', 29, 412817.55, 134423.68, 1749.42);
insert into STATION values (1022, '.', 29, 412818.23, 134419.20, 1750.67);
insert into STATION values (1023, '.', 29, 412815.30, 134422.48, 1749.48);
insert into STATION values (1024, '.', 29, 412813.42, 134427.84, 1748.26);
insert into STATION values (1025, '.', 29, 412815.83, 134424.42, 1747.44);
insert into STATION values (1026, '.', 29, 412816.37, 134428.78, 1746.31);
insert into STATION values (1027, '.', 29, 412816.93, 134433.25, 1749.48);
insert into STATION values (1028, '.', 29, 412816.81, 134434.61, 1749.48);
insert into STATION values (1029, '.', 29, 412816.69, 134435.64, 1749.56);
insert into STATION values (1030, '.', 29, 412815.45, 134435.27, 1749.47);
insert into STATION values (1031, '.', 29, 412814.99, 134435.66, 1747.71);
insert into STATION values (1032, '.', 29, 412811.14, 134442.49, 1748.13);
insert into STATION values (1033, '.', 29, 412812.55, 134438.26, 1746.90);
insert into STATION values (1034, '.', 29, 412814.60, 134433.47, 1748.07);
insert into STATION values (1035, '.', 29, 412814.66, 134433.56, 1750.56);
insert into STATION values (1036, '.', 29, 412815.77, 134435.37, 1750.83);
insert into STATION values (1037, '.', 29, 412816.58, 134435.82, 1752.38);
insert into STATION values (1038, '.', 29, 412815.75, 134438.41, 1753.05);
insert into STATION values (1039, '.', 29, 412815.25, 134438.46, 1755.76);
insert into STATION values (1040, '.', 29, 412814.85, 134435.46, 1755.15);
insert into STATION values (1041, '.', 29, 412812.57, 134441.92, 1755.45);
insert into STATION values (1042, '.', 29, 412813.85, 134437.82, 1755.06);
insert into STATION values (1043, '.', 29, 412811.38, 134441.82, 1750.57);
insert into STATION values (1044, '.', 29, 412811.47, 134443.74, 1751.92);
insert into STATION values (1045, '.', 29, 412813.57, 134436.43, 1747.63);
insert into STATION values (1046, '.', 29, 412817.95, 134417.04, 1752.02);
insert into STATION values (1047, '.', 29, 412817.95, 134417.06, 1752.05);
insert into STATION values (1048, '.', 29, 412817.95, 134417.24, 1752.00);
insert into STATION values (1049, '.', 29, 412817.96, 134417.40, 1751.72);
insert into STATION values (1050, '.', 29, 412817.95, 134417.32, 1751.72);
insert into STATION values (1051, '.', 29, 412817.99, 134417.30, 1751.72);
insert into STATION values (1052, '1.68', 29, 412817.89, 134417.34, 1751.62);
insert into STATION values (1053, '1.69', 29, 412809.70, 134449.25, 1747.49);
insert into STATION values (1054, '.', 29, 412810.48, 134447.36, 1747.65);
insert into STATION values (1055, '.', 29, 412811.34, 134444.32, 1747.16);
insert into STATION values (1056, '.', 29, 412810.76, 134447.03, 1747.40);
insert into STATION values (1057, '.', 29, 412813.12, 134443.56, 1745.95);
insert into STATION values (1058, '.', 29, 412811.73, 134448.03, 1747.27);
insert into STATION values (1059, '.', 29, 412810.56, 134449.39, 1747.48);
insert into STATION values (1060, '.', 29, 412809.99, 134450.04, 1747.52);
insert into STATION values (1061, '.', 29, 412810.89, 134449.16, 1750.63);
insert into STATION values (1062, '.', 29, 412809.85, 134449.23, 1748.22);
insert into STATION values (1063, '.', 29, 412809.52, 134448.53, 1742.05);
insert into STATION values (1064, '.', 29, 412810.06, 134446.60, 1742.82);
insert into STATION values (1065, '.', 29, 412811.22, 134446.60, 1741.59);
insert into STATION values (1066, '.', 29, 412810.53, 134449.13, 1745.64);
insert into STATION values (1067, '.', 29, 412808.67, 134448.25, 1741.92);
insert into STATION values (1068, '.', 29, 412809.56, 134449.34, 1741.70);
insert into STATION values (1069, '1.70', 29, 412810.81, 134449.03, 1740.80);
insert into STATION values (1070, '.', 29, 412812.30, 134447.51, 1742.72);
insert into STATION values (1071, '.', 29, 412812.62, 134448.71, 1741.98);
insert into STATION values (1072, '.', 29, 412812.15, 134447.36, 1743.48);
insert into STATION values (1073, '.', 29, 412812.28, 134451.61, 1741.32);
insert into STATION values (1074, '.', 29, 412811.49, 134452.63, 1741.01);
insert into STATION values (1075, '.', 29, 412809.78, 134450.53, 1741.08);
insert into STATION values (1076, '.', 29, 412810.61, 134451.12, 1741.31);
insert into STATION values (1077, '.', 29, 412810.35, 134450.86, 1742.70);
insert into STATION values (1078, '.', 29, 412812.46, 134451.41, 1744.44);
insert into STATION values (1079, '.', 29, 412812.22, 134449.73, 1746.20);
insert into STATION values (1080, '.', 29, 412811.05, 134449.05, 1743.53);
insert into STATION values (1081, '.', 29, 412812.78, 134449.25, 1737.34);
insert into STATION values (1082, '.', 29, 412811.09, 134448.84, 1736.99);
insert into STATION values (1083, '.', 29, 412810.58, 134450.26, 1737.20);
insert into STATION values (1084, '.', 29, 412811.67, 134451.69, 1735.98);
insert into STATION values (1085, '.', 29, 412813.27, 134453.68, 1732.81);
insert into STATION values (1086, '.', 29, 412813.72, 134451.30, 1733.47);
insert into STATION values (1087, '.', 29, 412814.96, 134450.92, 1729.94);
insert into STATION values (1088, '1.71', 29, 412812.70, 134448.92, 1732.57);
insert into STATION values (1089, '.', 29, 412812.66, 134448.33, 1732.93);
insert into STATION values (1090, '.', 29, 412813.30, 134448.46, 1732.77);
insert into STATION values (1091, '.', 29, 412813.83, 134448.60, 1732.68);
insert into STATION values (1092, '.', 29, 412814.39, 134449.41, 1732.64);
insert into STATION values (1093, '.', 29, 412814.34, 134451.64, 1732.85);
insert into STATION values (1094, '.', 29, 412810.87, 134450.57, 1733.30);
insert into STATION values (1095, '.', 29, 412811.78, 134452.68, 1733.05);
insert into STATION values (1096, '.', 29, 412813.21, 134453.95, 1732.99);
insert into STATION values (1097, '.', 29, 412813.62, 134452.63, 1732.92);
insert into STATION values (1098, '.', 29, 412813.15, 134453.82, 1735.01);
insert into STATION values (1099, '.', 29, 412811.89, 134454.16, 1735.83);
insert into STATION values (1100, '.', 29, 412812.23, 134452.98, 1735.11);
insert into STATION values (1101, '.', 29, 412812.03, 134455.50, 1738.37);
insert into STATION values (1102, '.', 29, 412813.29, 134452.03, 1735.49);
insert into STATION values (1103, '.', 29, 412814.12, 134451.13, 1735.71);
insert into STATION values (1104, '.', 29, 412813.80, 134450.44, 1734.38);
insert into STATION values (1105, '.', 29, 412813.40, 134450.42, 1735.41);
insert into STATION values (1106, '.', 29, 412811.20, 134451.49, 1736.10);
insert into STATION values (1107, '.', 29, 412810.90, 134449.52, 1736.12);
insert into STATION values (1108, '.', 29, 412812.12, 134448.51, 1734.76);
insert into STATION values (1109, '.', 29, 412813.00, 134448.61, 1734.48);
insert into STATION values (1110, '.', 29, 412813.42, 134450.03, 1734.89);
insert into STATION values (1111, '.', 29, 412812.67, 134451.02, 1738.14);
insert into STATION values (1112, '.', 29, 412814.83, 134448.44, 1728.79);
insert into STATION values (1113, '.', 29, 412814.55, 134449.75, 1729.40);
insert into STATION values (1114, '.', 29, 412814.61, 134450.49, 1729.01);
insert into STATION values (1115, '.', 29, 412814.39, 134450.96, 1729.03);
insert into STATION values (1116, '.', 29, 412813.53, 134452.89, 1728.81);
insert into STATION values (1117, '.', 29, 412812.75, 134451.89, 1728.11);
insert into STATION values (1118, '.', 29, 412812.91, 134450.63, 1728.23);
insert into STATION values (1119, '1.72', 29, 412815.75, 134450.16, 1721.91);
insert into STATION values (1120, '.', 29, 412815.52, 134448.59, 1721.93);
insert into STATION values (1121, '.', 29, 412814.19, 134449.47, 1722.02);
insert into STATION values (1122, '.', 29, 412813.09, 134451.06, 1722.09);
insert into STATION values (1123, '.', 29, 412815.62, 134453.86, 1721.33);
insert into STATION values (1124, '.', 29, 412813.92, 134452.85, 1721.25);
insert into STATION values (1125, '.', 29, 412813.14, 134455.12, 1720.75);
insert into STATION values (1126, '.', 29, 412813.55, 134451.19, 1721.60);
insert into STATION values (1127, '.', 29, 412812.97, 134450.80, 1721.49);
insert into STATION values (1128, '.', 29, 412812.12, 134461.34, 1726.07);
insert into STATION values (1129, '.', 29, 412814.74, 134453.89, 1723.15);
insert into STATION values (1130, '.', 29, 412813.91, 134453.64, 1722.99);
insert into STATION values (1131, '.', 29, 412813.67, 134453.87, 1725.00);
insert into STATION values (1132, '.', 29, 412813.36, 134452.31, 1723.92);
insert into STATION values (1133, '.', 29, 412813.23, 134451.37, 1724.56);
insert into STATION values (1134, '.', 29, 412815.19, 134448.59, 1723.28);
insert into STATION values (1135, '.', 29, 412814.13, 134449.93, 1724.12);
insert into STATION values (1136, '.', 29, 412816.15, 134453.30, 1718.05);
insert into STATION values (1137, '.', 29, 412813.55, 134453.68, 1718.23);
insert into STATION values (1138, '.', 29, 412812.85, 134453.57, 1717.68);
insert into STATION values (1139, '.', 29, 412813.77, 134452.02, 1719.91);
insert into STATION values (1140, '.', 29, 412814.68, 134450.32, 1719.42);
insert into STATION values (1141, '.', 29, 412816.08, 134449.12, 1720.37);
insert into STATION values (1142, '.', 29, 412817.13, 134450.36, 1713.88);
insert into STATION values (1143, '1.73', 29, 412814.95, 134451.84, 1715.08);
insert into STATION values (1144, '.', 29, 412817.61, 134447.63, 1715.04);
insert into STATION values (1145, '.', 29, 412818.84, 134448.38, 1715.31);
insert into STATION values (1146, '.', 29, 412819.04, 134449.40, 1715.30);
insert into STATION values (1147, '.', 29, 412816.66, 134452.25, 1715.25);
insert into STATION values (1148, '.', 29, 412814.42, 134449.39, 1715.11);
insert into STATION values (1149, '.', 29, 412812.83, 134450.51, 1715.10);
insert into STATION values (1150, '.', 29, 412813.30, 134452.59, 1715.09);
insert into STATION values (1151, '.', 29, 412813.86, 134454.41, 1715.21);
insert into STATION values (1152, '.', 29, 412814.82, 134454.58, 1715.12);
insert into STATION values (1153, '.', 29, 412812.68, 134452.30, 1716.02);
insert into STATION values (1154, '.', 29, 412812.67, 134452.22, 1717.51);
insert into STATION values (1155, '.', 29, 412811.37, 134451.80, 1743.67);
insert into STATION values (1156, '.', 29, 412815.18, 134451.57, 1722.96);
insert into STATION values (1157, '.', 29, 412816.56, 134451.11, 1720.62);
insert into STATION values (1158, '.', 29, 412816.96, 134450.39, 1719.57);
insert into STATION values (1159, '.', 29, 412821.33, 134448.47, 1720.34);
insert into STATION values (1160, '.', 29, 412819.64, 134449.13, 1717.04);
insert into STATION values (1161, '.', 29, 412818.94, 134449.15, 1715.50);
insert into STATION values (1162, '.', 29, 412818.36, 134448.91, 1714.14);
insert into STATION values (1163, '1.74', 29, 412810.54, 134451.45, 1714.06);
insert into STATION values (1164, '.', 29, 412810.83, 134450.98, 1714.02);
insert into STATION values (1165, '.', 29, 412810.44, 134450.87, 1714.04);
insert into STATION values (1166, '.', 29, 412810.04, 134451.44, 1714.08);
insert into STATION values (1167, '.', 29, 412809.67, 134452.78, 1714.16);
insert into STATION values (1168, '.', 29, 412809.35, 134453.84, 1713.96);
insert into STATION values (1169, '.', 29, 412810.39, 134453.00, 1714.19);
insert into STATION values (1170, '.', 29, 412810.77, 134453.89, 1714.37);
insert into STATION values (1171, '.', 29, 412811.11, 134452.34, 1714.15);
insert into STATION values (1172, '.', 29, 412811.74, 134452.40, 1715.61);
insert into STATION values (1173, '.', 29, 412811.92, 134452.44, 1715.03);
insert into STATION values (1174, '.', 29, 412811.12, 134451.87, 1713.97);
insert into STATION values (1175, '.', 29, 412810.78, 134451.64, 1713.36);
insert into STATION values (1176, '.', 29, 412809.06, 134450.64, 1712.16);
insert into STATION values (1177, '.', 29, 412810.04, 134451.17, 1713.94);
insert into STATION values (1178, '.', 29, 412811.00, 134450.41, 1713.74);
insert into STATION values (1179, '.', 29, 412812.11, 134447.26, 1710.19);
insert into STATION values (1180, '.', 29, 412810.59, 134451.32, 1712.91);
insert into STATION values (1181, '.', 29, 412810.02, 134452.29, 1713.10);
insert into STATION values (1182, '.', 29, 412810.11, 134452.80, 1714.49);
insert into STATION values (1183, '.', 29, 412810.54, 134451.46, 1714.26);
insert into STATION values (1184, '1.75', 29, 412809.02, 134450.85, 1712.16);
insert into STATION values (1185, '.', 29, 412808.06, 134450.28, 1712.03);
insert into STATION values (1186, '.', 29, 412808.65, 134450.72, 1712.10);
insert into STATION values (1187, '.', 29, 412808.84, 134450.90, 1712.19);
insert into STATION values (1188, '.', 29, 412809.49, 134451.38, 1712.17);
insert into STATION values (1189, '.', 29, 412809.50, 134450.93, 1712.16);
insert into STATION values (1190, '.', 29, 412809.25, 134450.58, 1712.15);
insert into STATION values (1191, '.', 29, 412808.98, 134450.29, 1712.09);
insert into STATION values (1192, '.', 29, 412808.76, 134449.98, 1712.07);
insert into STATION values (1193, '.', 29, 412808.43, 134450.19, 1712.14);
insert into STATION values (1194, '.', 29, 412809.03, 134450.76, 1712.77);
insert into STATION values (1195, '.', 29, 412808.60, 134450.27, 1712.69);
insert into STATION values (1196, '.', 29, 412808.20, 134450.15, 1712.26);
insert into STATION values (1197, '.', 29, 412808.17, 134450.22, 1711.87);
insert into STATION values (1198, '.', 29, 412807.90, 134450.09, 1711.06);
insert into STATION values (1199, '1.76', 29, 412807.71, 134450.20, 1711.23);
insert into STATION values (1200, '.', 29, 412806.85, 134450.71, 1711.13);
insert into STATION values (1201, '.', 29, 412807.39, 134450.67, 1711.23);
insert into STATION values (1202, '.', 29, 412807.66, 134450.63, 1711.27);
insert into STATION values (1203, '.', 29, 412808.09, 134450.57, 1711.28);
insert into STATION values (1204, '.', 29, 412808.76, 134450.37, 1711.11);
insert into STATION values (1205, '.', 29, 412808.05, 134450.09, 1711.22);
insert into STATION values (1206, '.', 29, 412806.77, 134450.73, 1711.31);
insert into STATION values (1207, '.', 29, 412807.04, 134450.68, 1711.80);
insert into STATION values (1208, '.', 29, 412807.65, 134450.55, 1711.92);
insert into STATION values (1209, '.', 29, 412808.19, 134450.61, 1712.69);
insert into STATION values (1210, '.', 29, 412808.21, 134450.19, 1711.62);
insert into STATION values (1211, '.', 29, 412808.68, 134450.26, 1710.63);
insert into STATION values (1212, '.', 29, 412809.13, 134450.80, 1711.10);
insert into STATION values (1213, '1.77', 29, 412805.50, 134450.77, 1708.84);
insert into STATION values (1214, '.', 29, 412805.11, 134453.76, 1708.88);
insert into STATION values (1215, '.', 29, 412805.52, 134452.23, 1708.95);
insert into STATION values (1216, '.', 29, 412805.85, 134452.01, 1708.87);
insert into STATION values (1217, '.', 29, 412806.81, 134451.62, 1708.87);
insert into STATION values (1218, '.', 29, 412807.43, 134451.13, 1708.86);
insert into STATION values (1219, '.', 29, 412806.73, 134450.45, 1708.82);
insert into STATION values (1220, '.', 29, 412805.68, 134450.14, 1708.89);
insert into STATION values (1221, '.', 29, 412806.25, 134450.14, 1708.92);
insert into STATION values (1222, '.', 29, 412805.32, 134450.81, 1706.47);
insert into STATION values (1223, '.', 29, 412806.06, 134451.18, 1706.59);
insert into STATION values (1224, '.', 29, 412806.48, 134451.32, 1707.50);
insert into STATION values (1225, '.', 29, 412807.03, 134451.44, 1708.54);
insert into STATION values (1226, '.', 29, 412806.45, 134450.99, 1709.29);
insert into STATION values (1227, '.', 29, 412805.88, 134450.89, 1709.32);
insert into STATION values (1228, '.', 29, 412805.56, 134450.88, 1710.71);
insert into STATION values (1229, '1.78', 29, 412806.76, 134450.81, 1707.05);
insert into STATION values (1230, '.', 29, 412806.17, 134450.46, 1707.02);
insert into STATION values (1231, '.', 29, 412805.13, 134450.44, 1706.92);
insert into STATION values (1232, '.', 29, 412805.61, 134451.20, 1706.98);
insert into STATION values (1233, '.', 29, 412805.94, 134451.36, 1706.96);
insert into STATION values (1234, '1.79', 29, 412805.16, 134452.14, 1708.21);
insert into STATION values (1235, '.', 29, 412804.78, 134452.40, 1708.26);
insert into STATION values (1236, '.', 29, 412804.80, 134453.04, 1708.36);
insert into STATION values (1237, '.', 29, 412805.14, 134453.95, 1708.45);
insert into STATION values (1238, '.', 29, 412805.66, 134454.67, 1708.57);
insert into STATION values (1239, '.', 29, 412805.44, 134452.70, 1708.32);
insert into STATION values (1240, '.', 29, 412805.64, 134452.31, 1708.25);
insert into STATION values (1241, '.', 29, 412806.78, 134451.64, 1708.15);
insert into STATION values (1242, '.', 29, 412806.38, 134450.44, 1708.00);
insert into STATION values (1243, '.', 29, 412805.13, 134451.79, 1708.22);
insert into STATION values (1244, '.', 29, 412804.95, 134453.66, 1708.50);
insert into STATION values (1245, '.', 29, 412805.09, 134453.27, 1708.94);
insert into STATION values (1246, '.', 29, 412805.44, 134452.32, 1709.51);
insert into STATION values (1247, '.', 29, 412805.65, 134451.77, 1710.12);
insert into STATION values (1248, '.', 29, 412805.72, 134451.26, 1709.29);
insert into STATION values (1249, '.', 29, 412806.14, 134450.17, 1709.15);
insert into STATION values (1250, '.', 29, 412805.94, 134450.86, 1708.06);
insert into STATION values (1251, '.', 29, 412806.06, 134450.46, 1706.90);
insert into STATION values (1252, '.', 29, 412805.37, 134451.91, 1707.91);
insert into STATION values (1253, '1.80', 29, 412805.75, 134455.09, 1709.01);
insert into STATION values (1254, '.', 29, 412805.57, 134455.65, 1709.05);
insert into STATION values (1255, '.', 29, 412804.22, 134457.17, 1709.25);
insert into STATION values (1256, '.', 29, 412805.03, 134455.84, 1709.11);
insert into STATION values (1257, '.', 29, 412805.10, 134455.44, 1709.05);
insert into STATION values (1258, '.', 29, 412804.97, 134454.82, 1708.90);
insert into STATION values (1259, '.', 29, 412805.12, 134453.99, 1709.07);
insert into STATION values (1260, '.', 29, 412805.10, 134452.55, 1708.93);
insert into STATION values (1261, '.', 29, 412805.81, 134453.26, 1708.96);
insert into STATION values (1262, '.', 29, 412805.96, 134454.36, 1708.99);
insert into STATION values (1263, '.', 29, 412805.03, 134456.55, 1709.05);
insert into STATION values (1264, '.', 29, 412804.73, 134457.53, 1710.57);
insert into STATION values (1265, '.', 29, 412805.23, 134456.13, 1710.83);
insert into STATION values (1266, '.', 29, 412805.72, 134455.13, 1710.83);
insert into STATION values (1267, '.', 29, 412805.82, 134454.45, 1710.55);
insert into STATION values (1268, '.', 29, 412806.08, 134453.14, 1710.45);
insert into STATION values (1269, '.', 29, 412805.84, 134453.44, 1709.23);
insert into STATION values (1270, '1.81', 29, 412805.05, 134456.75, 1709.30);
insert into STATION values (1271, '.', 29, 412804.02, 134458.03, 1709.31);
insert into STATION values (1272, '.', 29, 412804.29, 134457.39, 1709.24);
insert into STATION values (1273, '.', 29, 412804.51, 134456.84, 1709.29);
insert into STATION values (1274, '.', 29, 412804.59, 134456.53, 1709.24);
insert into STATION values (1275, '.', 29, 412804.75, 134456.28, 1709.22);
insert into STATION values (1276, '.', 29, 412803.90, 134458.53, 1709.31);
insert into STATION values (1277, '.', 29, 412804.22, 134458.02, 1709.77);
insert into STATION values (1278, '.', 29, 412804.54, 134457.68, 1710.11);
insert into STATION values (1279, '.', 29, 412805.07, 134457.42, 1711.22);
insert into STATION values (1280, '.', 29, 412805.29, 134456.74, 1710.91);
insert into STATION values (1281, '.', 29, 412805.45, 134455.98, 1710.67);
insert into STATION values (1282, '.', 29, 412805.93, 134454.57, 1710.77);
insert into STATION values (1283, '.', 29, 412805.81, 134453.47, 1709.36);
insert into STATION values (1284, '1.82', 29, 412803.68, 134457.52, 1707.92);
insert into STATION values (1285, '.', 29, 412803.45, 134457.67, 1707.91);
insert into STATION values (1286, '.', 29, 412803.23, 134458.21, 1707.85);
insert into STATION values (1287, '.', 29, 412802.22, 134461.30, 1707.61);
insert into STATION values (1288, '.', 29, 412803.19, 134459.15, 1707.80);
insert into STATION values (1289, '.', 29, 412803.78, 134458.23, 1708.04);
insert into STATION values (1290, '.', 29, 412804.11, 134457.88, 1707.98);
insert into STATION values (1291, '.', 29, 412804.17, 134457.46, 1707.93);
insert into STATION values (1292, '.', 29, 412804.57, 134456.67, 1708.06);
insert into STATION values (1293, '.', 29, 412804.04, 134456.95, 1708.01);
insert into STATION values (1294, '.', 29, 412803.73, 134457.02, 1707.97);
insert into STATION values (1295, '.', 29, 412805.72, 134455.39, 1709.51);
insert into STATION values (1296, '.', 29, 412803.62, 134460.17, 1709.41);
insert into STATION values (1297, '.', 29, 412801.50, 134459.46, 1704.99);
insert into STATION values (1298, '.', 29, 412801.68, 134458.53, 1704.43);
insert into STATION values (1299, '1.83', 29, 412801.52, 134459.38, 1704.95);
insert into STATION values (1300, '.', 29, 412801.52, 134460.41, 1704.74);
insert into STATION values (1301, '.', 29, 412798.06, 134461.45, 1704.57);
insert into STATION values (1302, '.', 29, 412798.74, 134463.29, 1704.63);
insert into STATION values (1303, '.', 29, 412801.48, 134460.27, 1704.80);
insert into STATION values (1304, '.', 29, 412801.88, 134459.55, 1704.84);
insert into STATION values (1305, '.', 29, 412801.97, 134459.19, 1704.83);
insert into STATION values (1306, '.', 29, 412802.77, 134458.22, 1704.82);
insert into STATION values (1307, '.', 29, 412803.72, 134455.45, 1704.57);
insert into STATION values (1308, '.', 29, 412803.75, 134453.19, 1703.93);
insert into STATION values (1309, '.', 29, 412801.89, 134457.53, 1704.85);
insert into STATION values (1310, '.', 29, 412801.61, 134458.59, 1705.07);
insert into STATION values (1311, '.', 29, 412801.49, 134459.38, 1705.24);
insert into STATION values (1312, '.', 29, 412802.17, 134459.87, 1706.80);
insert into STATION values (1313, '.', 29, 412803.20, 134460.50, 1708.21);
insert into STATION values (1314, '.', 29, 412802.59, 134460.23, 1706.56);
insert into STATION values (1315, '.', 29, 412802.24, 134459.92, 1705.29);
insert into STATION values (1316, '.', 29, 412801.89, 134459.64, 1704.86);
insert into STATION values (1317, '.', 29, 412801.56, 134459.49, 1703.60);
insert into STATION values (1318, '.', 29, 412800.03, 134458.78, 1697.90);
insert into STATION values (1319, '.', 29, 412799.11, 134458.70, 1698.10);
insert into STATION values (1320, '.', 29, 412797.18, 134458.06, 1694.76);
insert into STATION values (1321, '.', 29, 412800.69, 134459.18, 1703.31);
insert into STATION values (1322, '.', 29, 412800.40, 134461.99, 1705.99);
insert into STATION values (1323, '1.84', 29, 412797.02, 134461.23, 1698.35);
insert into STATION values (1324, '.', 29, 412797.44, 134460.31, 1698.42);
insert into STATION values (1325, '.', 29, 412799.89, 134456.65, 1698.65);
insert into STATION values (1326, '.', 29, 412800.61, 134458.69, 1698.58);
insert into STATION values (1327, '.', 29, 412799.27, 134461.21, 1698.62);
insert into STATION values (1328, '.', 29, 412798.55, 134462.42, 1698.69);
insert into STATION values (1329, '.', 29, 412797.32, 134462.56, 1698.55);
insert into STATION values (1330, '.', 29, 412794.09, 134466.59, 1698.48);
insert into STATION values (1331, '.', 29, 412796.39, 134462.29, 1698.39);
insert into STATION values (1332, '.', 29, 412800.05, 134456.70, 1699.02);
insert into STATION values (1333, '.', 29, 412798.68, 134459.42, 1699.99);
insert into STATION values (1334, '.', 29, 412800.88, 134460.94, 1708.44);
insert into STATION values (1335, '.', 29, 412798.98, 134462.85, 1705.40);
insert into STATION values (1336, '.', 29, 412797.19, 134463.14, 1701.16);
insert into STATION values (1337, '.', 29, 412796.23, 134464.13, 1699.52);
insert into STATION values (1338, '.', 29, 412799.91, 134462.20, 1704.03);
insert into STATION values (1339, '.', 29, 412799.62, 134462.34, 1701.11);
insert into STATION values (1340, '.', 29, 412799.03, 134462.12, 1699.44);
insert into STATION values (1341, '.', 29, 412798.25, 134461.73, 1698.34);
insert into STATION values (1342, '.', 29, 412798.02, 134461.44, 1697.58);
insert into STATION values (1343, '.', 29, 412797.51, 134461.08, 1696.75);
insert into STATION values (1344, '.', 29, 412797.01, 134460.43, 1691.96);
insert into STATION values (1345, '.', 29, 412796.27, 134460.34, 1694.45);
insert into STATION values (1346, '.', 29, 412797.21, 134459.40, 1695.98);
insert into STATION values (1347, '.', 29, 412794.07, 134462.10, 1689.17);
insert into STATION values (1348, '.', 29, 412791.00, 134464.91, 1685.48);
insert into STATION values (1349, '.', 29, 412789.68, 134466.35, 1688.38);
insert into STATION values (1350, '.', 29, 412791.75, 134466.28, 1693.65);
insert into STATION values (1351, '1.85', 29, 412795.56, 134460.79, 1692.11);
insert into STATION values (1352, '.', 29, 412795.92, 134460.13, 1692.11);
insert into STATION values (1353, '.', 29, 412795.46, 134459.21, 1692.03);
insert into STATION values (1354, '.', 29, 412794.40, 134457.91, 1691.61);
insert into STATION values (1355, '.', 29, 412797.31, 134460.25, 1692.00);
insert into STATION values (1356, '.', 29, 412796.84, 134461.33, 1692.17);
insert into STATION values (1357, '.', 29, 412796.31, 134461.63, 1692.16);
insert into STATION values (1358, '.', 29, 412794.35, 134465.15, 1691.98);
insert into STATION values (1359, '.', 29, 412792.30, 134466.97, 1691.67);
insert into STATION values (1360, '.', 29, 412793.77, 134463.22, 1691.85);
insert into STATION values (1361, '.', 29, 412790.87, 134465.79, 1691.21);
insert into STATION values (1362, '.', 29, 412793.41, 134462.20, 1691.75);
insert into STATION values (1363, '.', 29, 412794.80, 134461.03, 1692.08);
insert into STATION values (1364, '.', 29, 412791.75, 134466.37, 1693.77);
insert into STATION values (1365, '.', 29, 412794.46, 134464.07, 1696.72);
insert into STATION values (1366, '.', 29, 412796.33, 134462.67, 1698.32);
insert into STATION values (1367, '.', 29, 412796.83, 134461.44, 1698.07);
insert into STATION values (1368, '.', 29, 412797.55, 134460.45, 1694.31);
insert into STATION values (1369, '.', 29, 412797.60, 134460.26, 1692.96);
insert into STATION values (1370, '.', 29, 412797.85, 134460.29, 1692.30);
insert into STATION values (1371, '.', 29, 412797.58, 134460.45, 1691.23);
insert into STATION values (1372, '.', 29, 412798.00, 134460.76, 1689.16);
insert into STATION values (1373, '.', 29, 412796.61, 134460.90, 1688.65);
insert into STATION values (1374, '.', 29, 412796.28, 134461.39, 1687.56);
insert into STATION values (1375, '.', 29, 412795.69, 134461.78, 1687.47);
insert into STATION values (1376, '.', 29, 412791.11, 134466.13, 1683.14);
insert into STATION values (1377, '.', 29, 412790.42, 134465.05, 1686.74);
insert into STATION values (1378, '.', 29, 412796.63, 134462.46, 1696.56);
insert into STATION values (1379, '.', 29, 412797.91, 134463.64, 1702.76);
insert into STATION values (1380, '.', 29, 412796.28, 134461.78, 1693.41);
insert into STATION values (1381, '.', 29, 412796.70, 134461.91, 1690.22);
insert into STATION values (1382, '.', 29, 412792.68, 134457.17, 1681.76);
insert into STATION values (1383, '.', 29, 412792.68, 134457.03, 1681.88);
insert into STATION values (1384, '.', 29, 412792.72, 134456.98, 1681.87);
insert into STATION values (1385, '.', 29, 412792.69, 134456.66, 1682.02);
insert into STATION values (1386, '.', 29, 412792.72, 134456.62, 1681.91);
insert into STATION values (1387, '1.851', 29, 412792.71, 134456.62, 1681.93);
insert into STATION values (1388, '.', 29, 412795.56, 134460.79, 1692.11);
insert into STATION values (1389, '.', 29, 412794.23, 134462.62, 1688.66);
insert into STATION values (1390, '.', 29, 412794.23, 134462.66, 1688.58);
insert into STATION values (1391, '.', 29, 412794.25, 134462.65, 1688.66);
insert into STATION values (1392, '1.86', 29, 412794.15, 134462.60, 1688.58);
insert into STATION values (1393, '.', 29, 412791.52, 134463.04, 1688.35);
insert into STATION values (1394, '.', 29, 412790.50, 134464.65, 1688.42);
insert into STATION values (1395, '.', 29, 412790.16, 134466.39, 1688.29);
insert into STATION values (1396, '.', 29, 412770.44, 134493.90, 1687.09);
insert into STATION values (1397, '.', 29, 412793.68, 134464.39, 1688.64);
insert into STATION values (1398, '.', 29, 412794.73, 134463.69, 1688.63);
insert into STATION values (1399, '.', 29, 412795.21, 134463.24, 1688.56);
insert into STATION values (1400, '.', 29, 412796.72, 134460.34, 1688.73);
insert into STATION values (1401, '.', 29, 412794.56, 134462.46, 1688.62);
insert into STATION values (1402, '.', 29, 412796.79, 134460.63, 1689.59);
insert into STATION values (1403, '.', 29, 412797.19, 134460.37, 1693.84);
insert into STATION values (1404, '.', 29, 412795.55, 134462.63, 1697.76);
insert into STATION values (1405, '.', 29, 412794.00, 134465.08, 1696.72);
insert into STATION values (1406, '.', 29, 412791.57, 134466.01, 1693.09);
insert into STATION values (1407, '.', 29, 412790.69, 134466.32, 1690.77);
insert into STATION values (1408, '.', 29, 412790.50, 134466.57, 1689.05);
insert into STATION values (1409, '.', 29, 412791.07, 134466.68, 1686.35);
insert into STATION values (1410, '.', 29, 412790.52, 134466.41, 1683.26);
insert into STATION values (1411, '.', 29, 412792.64, 134464.97, 1685.14);
insert into STATION values (1412, '.', 29, 412793.17, 134465.01, 1684.74);
insert into STATION values (1413, '.', 29, 412794.99, 134463.32, 1688.64);
insert into STATION values (1414, '.', 29, 412795.16, 134463.49, 1689.39);
insert into STATION values (1415, '.', 29, 412795.19, 134463.57, 1690.45);
insert into STATION values (1416, '.', 29, 412795.01, 134463.48, 1696.35);
insert into STATION values (1417, '.', 29, 412793.81, 134462.16, 1693.25);
insert into STATION values (1418, '.', 29, 412793.24, 134461.96, 1691.30);
insert into STATION values (1419, '.', 29, 412792.71, 134461.97, 1690.00);
insert into STATION values (1420, '1.87', 29, 412790.12, 134466.97, 1684.12);
insert into STATION values (1421, '1.69', 33, 412809.70, 134449.25, 1747.49);
insert into STATION values (1422, '2.0', 33, 412809.70, 134449.25, 1747.49);
insert into STATION values (1423, '2.1', 33, 412808.98, 134448.23, 1742.58);
insert into STATION values (1424, '.', 33, 412807.80, 134448.62, 1743.53);
insert into STATION values (1425, '.', 33, 412807.75, 134448.67, 1743.45);
insert into STATION values (1426, '.', 33, 412807.74, 134448.68, 1743.45);
insert into STATION values (1427, '2.2', 33, 412807.67, 134448.66, 1743.37);
insert into STATION values (1428, '.', 33, 412807.57, 134448.28, 1743.36);
insert into STATION values (1429, '.', 33, 412807.27, 134448.01, 1745.08);
insert into STATION values (1430, '.', 33, 412807.41, 134448.73, 1742.08);
insert into STATION values (1431, '.', 33, 412812.55, 134448.41, 1742.55);
insert into STATION values (1432, '.', 33, 412806.18, 134448.03, 1744.25);
insert into STATION values (1433, '.', 33, 412805.77, 134447.87, 1743.40);
insert into STATION values (1434, '.', 33, 412803.95, 134446.55, 1742.23);
insert into STATION values (1435, '.', 33, 412805.21, 134447.57, 1741.72);
insert into STATION values (1436, '.', 33, 412805.06, 134447.56, 1742.09);
insert into STATION values (1437, '2.3', 33, 412804.08, 134446.44, 1742.07);
insert into STATION values (1438, '.', 33, 412804.58, 134447.64, 1742.08);
insert into STATION values (1439, '.', 33, 412804.75, 134447.22, 1745.10);
insert into STATION values (1440, '.', 33, 412805.06, 134448.88, 1745.22);
insert into STATION values (1441, '.', 33, 412803.60, 134447.98, 1742.55);
insert into STATION values (1442, '.', 33, 412803.96, 134446.92, 1740.81);
insert into STATION values (1443, '.', 33, 412803.69, 134446.72, 1742.08);
insert into STATION values (1444, '.', 33, 412807.80, 134448.88, 1742.08);
insert into STATION values (1445, '.', 33, 412804.88, 134447.40, 1742.13);
insert into STATION values (1446, '.', 33, 412805.58, 134446.78, 1742.01);
insert into STATION values (1447, '.', 33, 412804.99, 134447.04, 1741.28);
insert into STATION values (1448, '.', 33, 412805.09, 134447.74, 1740.39);
insert into STATION values (1449, '.', 33, 412803.17, 134448.66, 1741.34);
insert into STATION values (1450, '.', 33, 412801.91, 134451.30, 1741.30);
insert into STATION values (1451, '.', 33, 412802.10, 134451.39, 1741.46);
insert into STATION values (1452, '2.4', 33, 412801.94, 134451.30, 1741.33);
insert into STATION values (1453, '.', 33, 412801.78, 134450.79, 1741.32);
insert into STATION values (1454, '.', 33, 412801.65, 134450.82, 1742.27);
insert into STATION values (1455, '.', 33, 412802.22, 134450.60, 1743.02);
insert into STATION values (1456, '.', 33, 412802.77, 134449.87, 1743.80);
insert into STATION values (1457, '.', 33, 412802.84, 134448.64, 1742.62);
insert into STATION values (1458, '.', 33, 412803.07, 134447.59, 1742.28);
insert into STATION values (1459, '.', 33, 412802.59, 134449.10, 1741.77);
insert into STATION values (1460, '.', 33, 412801.92, 134450.86, 1741.34);
insert into STATION values (1461, '.', 33, 412802.02, 134450.22, 1741.29);
insert into STATION values (1462, '.', 33, 412802.09, 134451.53, 1739.28);
insert into STATION values (1463, '.', 33, 412800.98, 134451.48, 1738.52);
insert into STATION values (1464, '.', 33, 412802.63, 134450.66, 1739.40);
insert into STATION values (1465, '.', 33, 412802.66, 134450.66, 1740.22);
insert into STATION values (1466, '.', 33, 412802.62, 134450.86, 1740.62);
insert into STATION values (1467, '.', 33, 412803.10, 134449.18, 1740.03);
insert into STATION values (1468, '.', 33, 412803.21, 134448.93, 1740.73);
insert into STATION values (1469, '.', 33, 412804.26, 134446.93, 1740.91);
insert into STATION values (1470, '.', 33, 412802.80, 134450.09, 1740.99);
insert into STATION values (1471, '.', 33, 412802.97, 134448.71, 1743.73);
insert into STATION values (1472, '.', 33, 412800.95, 134450.94, 1741.37);
insert into STATION values (1473, '.', 33, 412800.00, 134450.80, 1740.89);
insert into STATION values (1474, '.', 33, 412800.41, 134451.44, 1740.20);
insert into STATION values (1475, '.', 33, 412800.82, 134451.07, 1739.94);
insert into STATION values (1476, '.', 33, 412799.37, 134451.38, 1737.82);
insert into STATION values (1477, '2.5', 33, 412798.86, 134451.33, 1739.74);
insert into STATION values (1478, '.', 33, 412799.17, 134451.22, 1739.81);
insert into STATION values (1479, '.', 33, 412798.68, 134451.21, 1743.56);
insert into STATION values (1480, '.', 33, 412800.21, 134451.35, 1744.19);
insert into STATION values (1481, '.', 33, 412799.35, 134451.27, 1743.81);
insert into STATION values (1482, '.', 33, 412800.96, 134451.17, 1742.38);
insert into STATION values (1483, '.', 33, 412802.25, 134450.99, 1741.67);
insert into STATION values (1484, '.', 33, 412802.58, 134450.94, 1739.72);
insert into STATION values (1485, '.', 33, 412801.95, 134451.14, 1738.81);
insert into STATION values (1486, '.', 33, 412799.37, 134451.20, 1739.54);
insert into STATION values (1487, '.', 33, 412799.13, 134451.32, 1737.64);
insert into STATION values (1488, '.', 33, 412798.51, 134450.54, 1737.74);
insert into STATION values (1489, '.', 33, 412798.04, 134449.59, 1737.86);
insert into STATION values (1490, '2.6', 33, 412797.37, 134447.49, 1738.37);
insert into STATION values (1491, '.', 33, 412797.32, 134448.11, 1738.37);
insert into STATION values (1492, '.', 33, 412797.37, 134448.24, 1736.59);
insert into STATION values (1493, '.', 33, 412797.74, 134448.94, 1737.76);
insert into STATION values (1494, '.', 33, 412797.92, 134449.76, 1738.48);
insert into STATION values (1495, '.', 33, 412796.53, 134448.19, 1738.86);
insert into STATION values (1496, '.', 33, 412794.62, 134449.04, 1741.28);
insert into STATION values (1497, '.', 33, 412792.34, 134449.49, 1739.28);
insert into STATION values (1498, '.', 33, 412790.44, 134450.30, 1737.01);
insert into STATION values (1499, '.', 33, 412793.82, 134448.85, 1737.75);
insert into STATION values (1500, '.', 33, 412794.68, 134448.52, 1736.84);
insert into STATION values (1501, '.', 33, 412795.43, 134447.92, 1737.70);
insert into STATION values (1502, '.', 33, 412796.02, 134448.09, 1737.48);
insert into STATION values (1503, '.', 33, 412796.13, 134448.27, 1737.07);
insert into STATION values (1504, '.', 33, 412795.30, 134448.28, 1736.01);
insert into STATION values (1505, '.', 33, 412796.54, 134447.81, 1736.75);
insert into STATION values (1506, '.', 33, 412797.07, 134447.41, 1738.44);
insert into STATION values (1507, '.', 33, 412797.20, 134448.14, 1738.42);
insert into STATION values (1508, '.', 33, 412798.64, 134448.16, 1742.71);
insert into STATION values (1509, '.', 33, 412798.22, 134447.64, 1739.43);
insert into STATION values (1510, '.', 33, 412797.30, 134447.93, 1739.98);
insert into STATION values (1511, '.', 33, 412794.58, 134448.64, 1737.35);
insert into STATION values (1512, '2.7', 33, 412792.99, 134449.29, 1736.73);
insert into STATION values (1513, '.', 33, 412795.67, 134448.71, 1736.57);
insert into STATION values (1514, '.', 33, 412796.16, 134448.44, 1738.24);
insert into STATION values (1515, '.', 33, 412794.23, 134449.00, 1739.79);
insert into STATION values (1516, '.', 33, 412793.06, 134449.47, 1739.25);
insert into STATION values (1517, '.', 33, 412791.56, 134449.10, 1737.86);
insert into STATION values (1518, '.', 33, 412790.25, 134449.14, 1737.40);
insert into STATION values (1519, '.', 33, 412789.76, 134449.34, 1736.03);
insert into STATION values (1520, '.', 33, 412791.03, 134449.59, 1734.92);
insert into STATION values (1521, '.', 33, 412792.40, 134449.42, 1735.15);
insert into STATION values (1522, '.', 33, 412793.23, 134449.09, 1735.15);
insert into STATION values (1523, '.', 33, 412794.23, 134448.95, 1735.21);
insert into STATION values (1524, '.', 33, 412792.21, 134449.27, 1737.32);
insert into STATION values (1525, '.', 33, 412792.75, 134448.81, 1736.80);
insert into STATION values (1526, '.', 33, 412792.58, 134449.05, 1739.73);
insert into STATION values (1527, '.', 33, 412792.91, 134449.22, 1735.19);
insert into STATION values (1528, '.', 33, 412791.96, 134449.35, 1735.17);
insert into STATION values (1529, '.', 33, 412791.20, 134449.65, 1734.84);
insert into STATION values (1530, '.', 33, 412789.41, 134450.08, 1734.49);
insert into STATION values (1531, '2.8', 33, 412790.49, 134449.09, 1736.18);
insert into STATION values (1532, '.', 33, 412789.64, 134449.39, 1736.06);
insert into STATION values (1533, '.', 33, 412789.04, 134450.19, 1732.86);
insert into STATION values (1534, '.', 33, 412790.30, 134449.29, 1737.29);
insert into STATION values (1535, '.', 33, 412791.34, 134449.60, 1740.97);
insert into STATION values (1536, '.', 33, 412795.24, 134448.72, 1737.45);
insert into STATION values (1537, '.', 33, 412792.40, 134449.04, 1735.46);
insert into STATION values (1538, '.', 33, 412790.56, 134451.01, 1735.93);
insert into STATION values (1539, '.', 33, 412789.98, 134450.55, 1735.77);
insert into STATION values (1540, '.', 33, 412786.53, 134449.00, 1734.22);
insert into STATION values (1541, '.', 33, 412787.76, 134448.84, 1733.70);
insert into STATION values (1542, '.', 33, 412787.76, 134448.91, 1732.39);
insert into STATION values (1543, '.', 33, 412788.57, 134448.88, 1736.59);
insert into STATION values (1544, '.', 33, 412789.90, 134449.72, 1734.38);
insert into STATION values (1545, '.', 33, 412791.02, 134450.65, 1736.09);
insert into STATION values (1546, '.', 33, 412790.76, 134451.03, 1735.76);
insert into STATION values (1547, '.', 33, 412791.85, 134449.79, 1736.23);
insert into STATION values (1548, '.', 33, 412789.46, 134449.88, 1734.44);
insert into STATION values (1549, '.', 33, 412789.82, 134450.45, 1733.38);
insert into STATION values (1550, '2.9', 33, 412787.34, 134449.41, 1730.74);
insert into STATION values (1551, '.', 33, 412787.69, 134449.02, 1730.78);
insert into STATION values (1552, '.', 33, 412787.89, 134448.67, 1725.47);
insert into STATION values (1553, '.', 33, 412787.52, 134448.01, 1724.78);
insert into STATION values (1554, '.', 33, 412787.70, 134448.99, 1729.06);
insert into STATION values (1555, '.', 33, 412787.51, 134449.34, 1728.98);
insert into STATION values (1556, '.', 33, 412788.85, 134449.07, 1730.32);
insert into STATION values (1557, '.', 33, 412788.30, 134449.57, 1729.52);
insert into STATION values (1558, '.', 33, 412787.74, 134450.07, 1729.81);
insert into STATION values (1559, '.', 33, 412788.14, 134449.95, 1730.92);
insert into STATION values (1560, '.', 33, 412788.94, 134450.21, 1730.78);
insert into STATION values (1561, '.', 33, 412788.59, 134449.13, 1739.06);
insert into STATION values (1562, '.', 33, 412788.65, 134449.23, 1738.50);
insert into STATION values (1563, '.', 33, 412788.23, 134449.26, 1736.49);
insert into STATION values (1564, '.', 33, 412787.40, 134449.40, 1731.19);
insert into STATION values (1565, '.', 33, 412788.33, 134449.24, 1738.55);
insert into STATION values (1566, '.', 33, 412786.19, 134447.53, 1730.87);
insert into STATION values (1567, '.', 33, 412786.73, 134448.23, 1729.13);
insert into STATION values (1568, '.', 33, 412788.85, 134449.51, 1730.82);
insert into STATION values (1569, '.', 33, 412788.75, 134449.51, 1731.27);
insert into STATION values (1570, '.', 33, 412789.66, 134449.84, 1732.13);
insert into STATION values (1571, '.', 33, 412789.74, 134450.11, 1733.15);
insert into STATION values (1572, '2.10', 33, 412785.81, 134447.63, 1730.52);
insert into STATION values (1573, '.', 33, 412784.57, 134448.90, 1730.55);
insert into STATION values (1574, '.', 33, 412784.76, 134449.30, 1732.11);
insert into STATION values (1575, '.', 33, 412785.19, 134448.82, 1733.94);
insert into STATION values (1576, '.', 33, 412785.06, 134448.44, 1735.32);
insert into STATION values (1577, '.', 33, 412788.02, 134449.82, 1729.19);
insert into STATION values (1578, '.', 33, 412788.08, 134450.04, 1731.79);
insert into STATION values (1579, '.', 33, 412789.46, 134450.20, 1732.81);
insert into STATION values (1580, '.', 33, 412786.38, 134448.21, 1729.22);
insert into STATION values (1581, '.', 33, 412784.26, 134446.68, 1728.62);
insert into STATION values (1582, '.', 33, 412781.42, 134445.93, 1727.47);
insert into STATION values (1583, '.', 33, 412781.04, 134445.97, 1729.67);
insert into STATION values (1584, '.', 33, 412781.29, 134445.85, 1731.51);
insert into STATION values (1585, '.', 33, 412784.30, 134447.25, 1731.66);
insert into STATION values (1586, '.', 33, 412783.02, 134447.95, 1730.82);
insert into STATION values (1587, '.', 33, 412785.36, 134448.81, 1730.71);
insert into STATION values (1588, '.', 33, 412781.75, 134445.10, 1730.86);
insert into STATION values (1589, '2.11', 33, 412781.38, 134446.28, 1729.66);
insert into STATION values (1590, '.', 33, 412783.72, 134446.58, 1730.26);
insert into STATION values (1591, '.', 33, 412785.40, 134445.44, 1730.50);
insert into STATION values (1592, '.', 33, 412782.25, 134446.17, 1729.74);
insert into STATION values (1593, '.', 33, 412781.63, 134446.06, 1727.52);
insert into STATION values (1594, '.', 33, 412781.63, 134446.81, 1729.34);
insert into STATION values (1595, '.', 33, 412781.97, 134446.77, 1729.79);
insert into STATION values (1596, '.', 33, 412784.11, 134446.73, 1735.16);
insert into STATION values (1597, '.', 33, 412785.45, 134445.44, 1730.66);
insert into STATION values (1598, '.', 33, 412784.90, 134445.67, 1730.53);
insert into STATION values (1599, '.', 33, 412781.51, 134444.54, 1727.84);
insert into STATION values (1600, '.', 33, 412781.27, 134444.74, 1729.80);
insert into STATION values (1601, '.', 33, 412782.33, 134444.38, 1727.92);
insert into STATION values (1602, '2.12', 33, 412781.35, 134444.85, 1729.19);
insert into STATION values (1603, '.', 33, 412780.60, 134444.92, 1729.29);
insert into STATION values (1604, '.', 33, 412778.73, 134442.57, 1730.19);
insert into STATION values (1605, '.', 33, 412778.15, 134442.02, 1732.49);
insert into STATION values (1606, '.', 33, 412776.74, 134440.10, 1727.28);
insert into STATION values (1607, '.', 33, 412779.98, 134443.41, 1727.62);
insert into STATION values (1608, '.', 33, 412780.22, 134444.01, 1726.89);
insert into STATION values (1609, '.', 33, 412780.69, 134444.98, 1727.66);
insert into STATION values (1610, '.', 33, 412780.90, 134445.22, 1727.64);
insert into STATION values (1611, '.', 33, 412781.51, 134446.63, 1727.79);
insert into STATION values (1612, '2.13', 33, 412779.56, 134442.86, 1727.74);
insert into STATION values (1613, '.', 33, 412779.77, 134442.50, 1727.94);
insert into STATION values (1614, '.', 33, 412779.54, 134442.77, 1731.35);
insert into STATION values (1615, '.', 33, 412784.44, 134448.34, 1731.14);
insert into STATION values (1616, '.', 33, 412781.38, 134444.92, 1727.65);
insert into STATION values (1617, '.', 33, 412780.53, 134443.78, 1727.16);
insert into STATION values (1618, '.', 33, 412780.68, 134444.13, 1726.97);
insert into STATION values (1619, '.', 33, 412779.35, 134441.93, 1723.99);
insert into STATION values (1620, '.', 33, 412778.50, 134440.92, 1723.17);
insert into STATION values (1621, '.', 33, 412779.38, 134441.40, 1725.76);
insert into STATION values (1622, '.', 33, 412777.54, 134440.24, 1723.16);
insert into STATION values (1623, '.', 33, 412777.92, 134440.42, 1725.17);
insert into STATION values (1624, '.', 33, 412777.05, 134439.43, 1724.43);
insert into STATION values (1625, '.', 33, 412776.68, 134440.26, 1728.12);
insert into STATION values (1626, '.', 33, 412778.44, 134442.14, 1730.13);
insert into STATION values (1627, '.', 33, 412779.28, 134442.60, 1727.97);
insert into STATION values (1628, '.', 33, 412776.80, 134439.95, 1727.48);
insert into STATION values (1629, '.', 33, 412778.43, 134441.95, 1727.66);
insert into STATION values (1630, '.', 33, 412778.81, 134441.72, 1727.73);
insert into STATION values (1631, '.', 33, 412777.41, 134440.26, 1725.20);
insert into STATION values (1632, '2.14', 33, 412777.66, 134440.58, 1725.52);
insert into STATION values (1633, '.', 33, 412777.62, 134440.24, 1724.35);
insert into STATION values (1634, '.', 33, 412777.72, 134440.10, 1723.07);
insert into STATION values (1635, '.', 33, 412777.92, 134440.28, 1725.68);
insert into STATION values (1636, '.', 33, 412777.39, 134440.86, 1725.54);
insert into STATION values (1637, '.', 33, 412777.03, 134440.51, 1728.75);
insert into STATION values (1638, '.', 33, 412776.64, 134439.79, 1727.79);
insert into STATION values (1639, '.', 33, 412776.72, 134440.00, 1726.64);
insert into STATION values (1640, '.', 33, 412776.73, 134438.19, 1728.08);
insert into STATION values (1641, '.', 33, 412776.55, 134439.19, 1725.95);
insert into STATION values (1642, '.', 33, 412777.09, 134439.88, 1725.37);
insert into STATION values (1643, '.', 33, 412775.29, 134437.59, 1727.64);
insert into STATION values (1644, '.', 33, 412776.16, 134438.17, 1727.03);
insert into STATION values (1645, '.', 33, 412775.36, 134436.65, 1727.91);
insert into STATION values (1646, '.', 33, 412777.40, 134439.93, 1725.93);
insert into STATION values (1647, '.', 33, 412774.92, 134435.02, 1728.70);
insert into STATION values (1648, '.', 33, 412775.39, 134436.42, 1728.06);
insert into STATION values (1649, '.', 33, 412774.57, 134436.80, 1725.08);
insert into STATION values (1650, '.', 33, 412775.19, 134437.37, 1726.55);
insert into STATION values (1651, '2.15', 33, 412775.71, 134438.36, 1726.69);
insert into STATION values (1652, '.', 33, 412776.70, 134437.67, 1726.95);
insert into STATION values (1653, '.', 33, 412776.28, 134437.30, 1728.01);
insert into STATION values (1654, '.', 33, 412776.75, 134438.02, 1731.73);
insert into STATION values (1655, '.', 33, 412775.93, 134436.90, 1731.55);
insert into STATION values (1656, '.', 33, 412775.81, 134435.70, 1731.52);
insert into STATION values (1657, '.', 33, 412775.69, 134435.41, 1730.25);
insert into STATION values (1658, '.', 33, 412775.24, 134434.95, 1728.89);
insert into STATION values (1659, '.', 33, 412775.19, 134438.83, 1727.32);
insert into STATION values (1660, '.', 33, 412775.15, 134436.76, 1727.12);
insert into STATION values (1661, '.', 33, 412774.92, 134434.48, 1725.96);
insert into STATION values (1662, '.', 33, 412773.18, 134431.77, 1724.33);
insert into STATION values (1663, '.', 33, 412774.13, 134434.76, 1723.02);
insert into STATION values (1664, '.', 33, 412774.36, 134434.86, 1721.59);
insert into STATION values (1665, '.', 33, 412774.96, 134436.11, 1721.71);
insert into STATION values (1666, '.', 33, 412775.44, 134437.51, 1723.12);
insert into STATION values (1667, '.', 33, 412775.96, 134438.25, 1725.08);
insert into STATION values (1668, '.', 33, 412776.31, 134438.65, 1725.81);
insert into STATION values (1669, '.', 33, 412777.84, 134439.97, 1727.12);
insert into STATION values (1670, '.', 33, 412777.64, 134439.89, 1727.90);
insert into STATION values (1671, '.', 33, 412776.90, 134438.42, 1726.11);
insert into STATION values (1672, '.', 33, 412778.73, 134441.23, 1724.90);
insert into STATION values (1673, '.', 33, 412777.22, 134440.01, 1725.27);
insert into STATION values (1674, '.', 33, 412775.14, 134438.58, 1727.34);
insert into STATION values (1675, '.', 33, 412776.08, 134437.42, 1730.33);
insert into STATION values (1676, '2.16', 33, 412774.91, 134435.89, 1723.79);
insert into STATION values (1677, '.', 33, 412774.39, 134436.05, 1723.97);
insert into STATION values (1678, '.', 33, 412774.23, 134436.04, 1725.11);
insert into STATION values (1679, '.', 33, 412772.42, 134432.20, 1729.72);
insert into STATION values (1680, '.', 33, 412773.40, 134434.25, 1726.33);
insert into STATION values (1681, '.', 33, 412775.10, 134434.48, 1726.05);
insert into STATION values (1682, '.', 33, 412775.63, 134436.02, 1724.56);
insert into STATION values (1683, '.', 33, 412774.11, 134434.65, 1722.43);
insert into STATION values (1684, '.', 33, 412774.41, 134436.08, 1721.92);
insert into STATION values (1685, '.', 33, 412774.94, 134436.64, 1722.94);
insert into STATION values (1686, '.', 33, 412775.11, 134437.97, 1723.92);
insert into STATION values (1687, '.', 33, 412776.16, 134439.45, 1726.89);
insert into STATION values (1688, '.', 33, 412775.27, 134438.46, 1728.36);
insert into STATION values (1689, '.', 33, 412775.85, 134435.97, 1730.57);
insert into STATION values (1690, '.', 33, 412773.19, 134433.49, 1723.00);
insert into STATION values (1691, '.', 33, 412773.79, 134435.09, 1722.41);
insert into STATION values (1692, '.', 33, 412773.47, 134434.58, 1721.42);
insert into STATION values (1693, '.', 33, 412773.53, 134434.70, 1722.87);
insert into STATION values (1694, '.', 33, 412773.57, 134434.64, 1722.88);
insert into STATION values (1695, '2.17', 33, 412773.54, 134434.67, 1722.88);
insert into STATION values (1696, '.', 33, 412774.38, 134434.39, 1722.99);
insert into STATION values (1697, '.', 33, 412775.50, 134435.74, 1723.22);
insert into STATION values (1698, '.', 33, 412775.15, 134436.03, 1722.46);
insert into STATION values (1699, '.', 33, 412774.54, 134435.14, 1721.92);
insert into STATION values (1700, '.', 33, 412773.71, 134434.35, 1721.50);
insert into STATION values (1701, '.', 33, 412773.45, 134434.00, 1720.85);
insert into STATION values (1702, '.', 33, 412773.35, 134432.83, 1720.81);
insert into STATION values (1703, '.', 33, 412773.42, 134433.37, 1722.49);
insert into STATION values (1704, '.', 33, 412773.35, 134432.66, 1722.86);
insert into STATION values (1705, '.', 33, 412772.95, 134431.15, 1724.68);
insert into STATION values (1706, '.', 33, 412773.41, 134431.86, 1727.10);
insert into STATION values (1707, '.', 33, 412774.04, 134433.50, 1728.78);
insert into STATION values (1708, '.', 33, 412773.88, 134433.77, 1725.88);
insert into STATION values (1709, '.', 33, 412773.52, 134432.21, 1725.46);
insert into STATION values (1710, '.', 33, 412773.87, 134434.28, 1723.31);
insert into STATION values (1711, '.', 33, 412773.38, 134434.40, 1723.39);
insert into STATION values (1712, '.', 33, 412775.05, 134435.17, 1722.90);
insert into STATION values (1713, '2.18', 33, 412773.54, 134431.81, 1722.71);
insert into STATION values (1714, '.', 33, 412772.88, 134432.24, 1722.50);
insert into STATION values (1715, '.', 33, 412772.20, 134430.84, 1720.24);
insert into STATION values (1716, '.', 33, 412771.74, 134430.08, 1721.04);
insert into STATION values (1717, '.', 33, 412773.71, 134432.48, 1722.91);
insert into STATION values (1718, '.', 33, 412773.34, 134434.15, 1720.92);
insert into STATION values (1719, '.', 33, 412773.51, 134434.85, 1722.23);
insert into STATION values (1720, '.', 33, 412773.14, 134432.55, 1722.99);
insert into STATION values (1721, '.', 33, 412773.74, 134432.45, 1722.93);
insert into STATION values (1722, '.', 33, 412773.56, 134432.86, 1723.99);
insert into STATION values (1723, '.', 33, 412773.04, 134432.63, 1725.03);
insert into STATION values (1724, '.', 33, 412773.10, 134431.96, 1722.37);
insert into STATION values (1725, '.', 33, 412773.44, 134431.76, 1721.61);
insert into STATION values (1726, '.', 33, 412773.05, 134431.24, 1720.05);
insert into STATION values (1727, '2.19', 33, 412770.27, 134429.78, 1721.53);
insert into STATION values (1728, '.', 33, 412770.34, 134429.49, 1721.68);
insert into STATION values (1729, '.', 33, 412770.33, 134431.18, 1721.71);
insert into STATION values (1730, '.', 33, 412770.13, 134430.86, 1719.91);
insert into STATION values (1731, '.', 33, 412767.75, 134431.27, 1717.78);
insert into STATION values (1732, '.', 33, 412768.64, 134429.85, 1719.84);
insert into STATION values (1733, '.', 33, 412767.15, 134429.39, 1724.95);
insert into STATION values (1734, '.', 33, 412769.07, 134429.41, 1721.70);
insert into STATION values (1735, '.', 33, 412766.43, 134427.28, 1719.27);
insert into STATION values (1736, '.', 33, 412766.78, 134427.97, 1718.55);
insert into STATION values (1737, '.', 33, 412767.11, 134428.51, 1717.75);
insert into STATION values (1738, '.', 33, 412768.72, 134429.06, 1718.28);
insert into STATION values (1739, '.', 33, 412771.55, 134430.92, 1720.90);
insert into STATION values (1740, '.', 33, 412771.90, 134430.97, 1721.09);
insert into STATION values (1741, '.', 33, 412773.65, 134432.99, 1726.85);
insert into STATION values (1742, '.', 33, 412771.06, 134430.12, 1721.76);
insert into STATION values (1743, '.', 33, 412768.72, 134430.79, 1721.74);
insert into STATION values (1744, '.', 33, 412769.22, 134429.98, 1721.80);
insert into STATION values (1745, '.', 33, 412768.42, 134429.53, 1721.28);
insert into STATION values (1746, '.', 33, 412767.79, 134430.32, 1720.60);
insert into STATION values (1747, '.', 33, 412766.74, 134429.56, 1719.95);
insert into STATION values (1748, '.', 33, 412768.82, 134428.91, 1720.44);
insert into STATION values (1749, '.', 33, 412768.25, 134428.90, 1718.46);
insert into STATION values (1750, '2.20', 33, 412767.91, 134429.05, 1719.41);
insert into STATION values (1751, '.', 33, 412767.77, 134428.64, 1717.34);
insert into STATION values (1752, '.', 33, 412767.52, 134429.10, 1718.17);
insert into STATION values (1753, '.', 33, 412766.93, 134428.82, 1722.01);
insert into STATION values (1754, '.', 33, 412766.87, 134427.93, 1722.03);
insert into STATION values (1755, '.', 33, 412766.25, 134427.57, 1720.44);
insert into STATION values (1756, '.', 33, 412766.67, 134427.66, 1719.11);
insert into STATION values (1757, '.', 33, 412766.54, 134426.62, 1719.62);
insert into STATION values (1758, '.', 33, 412765.94, 134426.13, 1723.58);
insert into STATION values (1759, '.', 33, 412767.20, 134429.47, 1724.82);
insert into STATION values (1760, '.', 33, 412766.63, 134428.79, 1723.84);
insert into STATION values (1761, '.', 33, 412767.98, 134429.75, 1721.33);
insert into STATION values (1762, '.', 33, 412767.64, 134430.11, 1719.96);
insert into STATION values (1763, '.', 33, 412768.94, 134430.61, 1720.41);
insert into STATION values (1764, '.', 33, 412770.67, 134430.40, 1720.49);
insert into STATION values (1765, '.', 33, 412769.91, 134429.53, 1720.05);
insert into STATION values (1766, '.', 33, 412768.93, 134428.89, 1719.73);
insert into STATION values (1767, '.', 33, 412768.70, 134428.80, 1719.95);
insert into STATION values (1768, '.', 33, 412768.67, 134428.74, 1720.81);
insert into STATION values (1769, '.', 33, 412769.12, 134429.52, 1721.29);
insert into STATION values (1770, '.', 33, 412770.71, 134431.10, 1722.92);
insert into STATION values (1771, '.', 33, 412769.25, 134430.40, 1721.18);
insert into STATION values (1772, '.', 33, 412768.75, 134430.36, 1722.86);
insert into STATION values (1773, '.', 33, 412767.10, 134429.35, 1724.51);
insert into STATION values (1774, '.', 33, 412768.05, 134429.20, 1717.96);
insert into STATION values (1775, '.', 33, 412767.36, 134428.49, 1717.67);
insert into STATION values (1776, '.', 33, 412767.47, 134427.55, 1716.91);
insert into STATION values (1777, '.', 33, 412766.62, 134426.47, 1714.25);
insert into STATION values (1778, '.', 33, 412766.63, 134426.39, 1715.92);
insert into STATION values (1779, '.', 33, 412768.96, 134429.62, 1718.09);
insert into STATION values (1780, '2.21', 33, 412766.12, 134425.86, 1722.43);
insert into STATION values (1781, '.', 33, 412767.79, 134428.49, 1721.60);
insert into STATION values (1782, '.', 33, 412768.41, 134429.93, 1718.10);
insert into STATION values (1783, '.', 33, 412767.55, 134428.94, 1717.48);
insert into STATION values (1784, '.', 33, 412766.15, 134425.93, 1722.24);
insert into STATION values (1785, '.', 33, 412766.22, 134426.62, 1718.70);
insert into STATION values (1786, '.', 33, 412766.10, 134426.58, 1725.70);
insert into STATION values (1787, '.', 33, 412764.71, 134426.62, 1725.10);
insert into STATION values (1788, '.', 33, 412767.09, 134427.04, 1726.30);
insert into STATION values (1789, '.', 33, 412765.70, 134426.88, 1722.79);
insert into STATION values (1790, '.', 33, 412766.13, 134425.67, 1722.72);
insert into STATION values (1791, '.', 33, 412765.70, 134426.54, 1722.00);
insert into STATION values (1792, '.', 33, 412763.99, 134426.11, 1721.81);
insert into STATION values (1793, '.', 33, 412764.97, 134425.96, 1722.39);
insert into STATION values (1794, '.', 33, 412763.03, 134427.14, 1722.10);
insert into STATION values (1795, '.', 33, 412762.50, 134426.85, 1720.52);
insert into STATION values (1796, '.', 33, 412762.68, 134426.20, 1719.74);
insert into STATION values (1797, '.', 33, 412756.90, 134425.81, 1713.96);
insert into STATION values (1798, '.', 33, 412764.76, 134426.01, 1720.87);
insert into STATION values (1799, '.', 33, 412764.78, 134426.16, 1720.73);
insert into STATION values (1800, '.', 33, 412763.94, 134426.91, 1721.51);
insert into STATION values (1801, '.', 33, 412762.44, 134426.77, 1720.59);
insert into STATION values (1802, '2.22', 33, 412762.69, 134426.03, 1719.14);
insert into STATION values (1803, '.', 33, 412762.58, 134426.23, 1719.08);
insert into STATION values (1804, '.', 33, 412762.72, 134425.84, 1719.10);
insert into STATION values (1805, '.', 33, 412763.07, 134425.74, 1718.11);
insert into STATION values (1806, '.', 33, 412764.09, 134425.43, 1719.03);
insert into STATION values (1807, '.', 33, 412764.21, 134425.61, 1719.94);
insert into STATION values (1808, '.', 33, 412763.86, 134425.81, 1721.11);
insert into STATION values (1809, '.', 33, 412763.34, 134427.02, 1724.52);
insert into STATION values (1810, '.', 33, 412761.60, 134426.00, 1723.54);
insert into STATION values (1811, '.', 33, 412761.04, 134425.53, 1722.95);
insert into STATION values (1812, '.', 33, 412764.35, 134427.35, 1718.69);
insert into STATION values (1813, '.', 33, 412764.55, 134427.71, 1718.53);
insert into STATION values (1814, '.', 33, 412765.23, 134428.17, 1718.36);
insert into STATION values (1815, '.', 33, 412765.46, 134427.81, 1716.59);
insert into STATION values (1816, '.', 33, 412764.60, 134427.29, 1715.87);
insert into STATION values (1817, '.', 33, 412762.42, 134426.08, 1716.89);
insert into STATION values (1818, '2.23', 33, 412762.40, 134426.13, 1716.90);
insert into STATION values (1819, '.', 33, 412762.05, 134426.18, 1714.66);
insert into STATION values (1820, '.', 33, 412762.32, 134424.98, 1717.69);
insert into STATION values (1821, '.', 33, 412762.21, 134426.27, 1716.99);
insert into STATION values (1822, '.', 33, 412762.31, 134425.97, 1716.27);
insert into STATION values (1823, '.', 33, 412761.63, 134425.19, 1712.68);
insert into STATION values (1824, '.', 33, 412762.11, 134425.71, 1713.76);
insert into STATION values (1825, '2.24', 33, 412762.06, 134425.60, 1712.80);
insert into STATION values (1826, '.', 33, 412761.19, 134425.90, 1712.65);
insert into STATION values (1827, '.', 33, 412761.63, 134424.73, 1712.99);
insert into STATION values (1828, '.', 33, 412762.65, 134424.57, 1713.26);
insert into STATION values (1829, '.', 33, 412762.77, 134425.61, 1713.20);
insert into STATION values (1830, '.', 33, 412761.51, 134425.37, 1712.16);
insert into STATION values (1831, '.', 33, 412763.06, 134426.07, 1712.20);
insert into STATION values (1832, '.', 33, 412762.01, 134424.73, 1713.84);
insert into STATION values (1833, '.', 33, 412762.38, 134424.38, 1713.96);
insert into STATION values (1834, '.', 33, 412761.99, 134423.30, 1714.25);
insert into STATION values (1835, '.', 33, 412761.71, 134423.51, 1713.33);
insert into STATION values (1836, '2.25', 33, 412761.81, 134422.53, 1712.41);
insert into STATION values (1837, '.', 33, 412761.77, 134424.62, 1710.14);
insert into STATION values (1838, '.', 33, 412762.06, 134423.32, 1710.40);
insert into STATION values (1839, '.', 33, 412761.72, 134422.65, 1711.68);
insert into STATION values (1840, '.', 33, 412760.88, 134422.25, 1712.06);
insert into STATION values (1841, '.', 33, 412760.42, 134422.39, 1712.61);
insert into STATION values (1842, '.', 33, 412760.92, 134423.35, 1712.72);
insert into STATION values (1843, '.', 33, 412761.26, 134423.07, 1713.88);
insert into STATION values (1844, '.', 33, 412761.44, 134423.39, 1715.35);
insert into STATION values (1845, '.', 33, 412761.57, 134424.73, 1718.53);
insert into STATION values (1846, '.', 33, 412758.88, 134422.98, 1713.27);
insert into STATION values (1847, '.', 33, 412759.02, 134421.65, 1713.68);
insert into STATION values (1848, '.', 33, 412757.21, 134421.74, 1716.36);
insert into STATION values (1849, '.', 33, 412756.74, 134421.87, 1714.94);
insert into STATION values (1850, '.', 33, 412757.26, 134422.45, 1714.60);
insert into STATION values (1851, '.', 33, 412756.40, 134422.23, 1713.35);
insert into STATION values (1852, '.', 33, 412759.58, 134423.03, 1712.53);
insert into STATION values (1853, '.', 33, 412757.75, 134422.59, 1714.03);
insert into STATION values (1854, '.', 33, 412757.75, 134422.61, 1714.04);
insert into STATION values (1855, '2.26', 33, 412757.79, 134422.73, 1714.13);
insert into STATION values (1856, '.', 33, 412757.20, 134421.55, 1715.63);
insert into STATION values (1857, '.', 33, 412757.55, 134420.92, 1720.11);
insert into STATION values (1858, '.', 33, 412758.15, 134422.33, 1718.13);
insert into STATION values (1859, '.', 33, 412756.73, 134421.75, 1717.43);
insert into STATION values (1860, '.', 33, 412755.43, 134421.72, 1716.32);
insert into STATION values (1861, '.', 33, 412756.85, 134422.13, 1714.23);
insert into STATION values (1862, '.', 33, 412757.11, 134423.94, 1710.00);
insert into STATION values (1863, '.', 33, 412758.91, 134423.14, 1712.10);
insert into STATION values (1864, '.', 33, 412757.40, 134422.85, 1713.29);
insert into STATION values (1865, '.', 33, 412757.87, 134422.12, 1713.99);
insert into STATION values (1866, '.', 33, 412757.52, 134423.02, 1714.20);
insert into STATION values (1867, '.', 33, 412757.63, 134422.97, 1714.62);
insert into STATION values (1868, '.', 33, 412757.79, 134423.03, 1716.19);
insert into STATION values (1869, '.', 33, 412757.96, 134421.97, 1714.88);
insert into STATION values (1870, '2.27', 33, 412755.16, 134421.88, 1715.50);
insert into STATION values (1871, '.', 33, 412755.19, 134421.61, 1715.52);
insert into STATION values (1872, '.', 33, 412755.17, 134421.26, 1717.74);
insert into STATION values (1873, '.', 33, 412755.16, 134421.63, 1715.77);
insert into STATION values (1874, '.', 33, 412755.21, 134421.67, 1715.08);
insert into STATION values (1875, '.', 33, 412755.21, 134421.89, 1715.22);
insert into STATION values (1876, '.', 33, 412755.17, 134421.90, 1714.06);
insert into STATION values (1877, '.', 33, 412755.21, 134422.34, 1712.90);
insert into STATION values (1878, '.', 33, 412752.96, 134423.56, 1703.35);
insert into STATION values (1879, '.', 33, 412754.63, 134421.86, 1714.33);
insert into STATION values (1880, '.', 33, 412753.37, 134421.04, 1715.25);
insert into STATION values (1881, '.', 33, 412753.26, 134421.36, 1715.08);
insert into STATION values (1882, '2.28', 33, 412753.60, 134421.65, 1714.79);
insert into STATION values (1883, '.', 33, 412751.41, 134420.13, 1718.47);
insert into STATION values (1884, '.', 33, 412754.09, 134420.78, 1719.16);
insert into STATION values (1885, '.', 33, 412753.89, 134420.95, 1715.45);
insert into STATION values (1886, '.', 33, 412753.79, 134421.87, 1715.86);
insert into STATION values (1887, '.', 33, 412754.25, 134421.94, 1715.18);
insert into STATION values (1888, '.', 33, 412754.61, 134421.26, 1715.13);
insert into STATION values (1889, '.', 33, 412754.29, 134421.04, 1715.22);
insert into STATION values (1890, '.', 33, 412754.04, 134421.72, 1716.47);
insert into STATION values (1891, '.', 33, 412754.26, 134420.77, 1714.78);
insert into STATION values (1892, '2.29', 33, 412751.93, 134422.32, 1702.59);
insert into STATION values (1893, '.', 33, 412749.94, 134421.15, 1702.97);
insert into STATION values (1894, '.', 33, 412750.79, 134420.42, 1702.98);
insert into STATION values (1895, '.', 33, 412749.51, 134415.37, 1702.48);
insert into STATION values (1896, '.', 33, 412750.67, 134415.04, 1702.52);
insert into STATION values (1897, '.', 33, 412751.51, 134414.81, 1702.71);
insert into STATION values (1898, '.', 33, 412750.28, 134418.20, 1702.77);
insert into STATION values (1899, '.', 33, 412751.06, 134415.48, 1704.54);
insert into STATION values (1900, '.', 33, 412751.24, 134415.47, 1706.04);
insert into STATION values (1901, '.', 33, 412751.10, 134415.68, 1707.50);
insert into STATION values (1902, '.', 33, 412751.24, 134416.08, 1709.99);
insert into STATION values (1903, '.', 33, 412751.13, 134418.53, 1706.87);
insert into STATION values (1904, '.', 33, 412750.94, 134418.89, 1705.22);
insert into STATION values (1905, '.', 33, 412750.94, 134416.68, 1714.95);
insert into STATION values (1906, '.', 33, 412751.43, 134418.00, 1717.25);
insert into STATION values (1907, '.', 33, 412752.10, 134419.93, 1719.36);
insert into STATION values (1908, '.', 33, 412753.12, 134421.94, 1715.27);
insert into STATION values (1909, '.', 33, 412754.54, 134422.59, 1716.98);
insert into STATION values (1910, '.', 33, 412755.09, 134424.19, 1709.82);
insert into STATION values (1911, '.', 33, 412755.58, 134424.36, 1707.58);
insert into STATION values (1912, '.', 33, 412755.21, 134424.16, 1705.49);
insert into STATION values (1913, '.', 33, 412755.35, 134424.07, 1704.27);
insert into STATION values (1914, '.', 33, 412755.13, 134423.86, 1703.29);
insert into STATION values (1915, '.', 33, 412753.85, 134423.10, 1702.48);
insert into STATION values (1916, '.', 33, 412753.31, 134422.71, 1701.90);
insert into STATION values (1917, '.', 33, 412753.04, 134422.52, 1701.64);
insert into STATION values (1918, '.', 33, 412750.07, 134421.06, 1703.04);
insert into STATION values (1919, '.', 33, 412750.67, 134421.96, 1703.08);
insert into STATION values (1920, '.', 33, 412750.21, 134421.70, 1703.31);
insert into STATION values (1921, '.', 33, 412750.88, 134422.33, 1703.12);
insert into STATION values (1922, '.', 33, 412751.05, 134423.01, 1703.88);
insert into STATION values (1923, '.', 33, 412752.40, 134424.34, 1704.88);
insert into STATION values (1924, '.', 33, 412754.33, 134424.76, 1705.29);
insert into STATION values (1925, '.', 33, 412754.61, 134422.74, 1704.38);
insert into STATION values (1926, '.', 33, 412753.76, 134421.31, 1703.77);
insert into STATION values (1927, '.', 33, 412753.01, 134420.60, 1703.44);
insert into STATION values (1928, '.', 33, 412752.45, 134420.24, 1703.62);
insert into STATION values (1929, '.', 33, 412752.42, 134420.24, 1702.95);
insert into STATION values (1930, '.', 33, 412751.85, 134420.77, 1700.71);
insert into STATION values (1931, '2.30', 33, 412750.82, 134421.02, 1700.54);
insert into STATION values (1932, '.', 33, 412749.96, 134420.29, 1700.53);
insert into STATION values (1933, '.', 33, 412749.92, 134418.44, 1700.13);
insert into STATION values (1934, '.', 33, 412749.58, 134414.96, 1699.48);
insert into STATION values (1935, '.', 33, 412750.30, 134414.77, 1699.50);
insert into STATION values (1936, '.', 33, 412751.55, 134414.84, 1699.60);
insert into STATION values (1937, '.', 33, 412752.69, 134416.08, 1699.99);
insert into STATION values (1938, '.', 33, 412752.90, 134416.98, 1700.13);
insert into STATION values (1939, '.', 33, 412751.96, 134419.25, 1700.31);
insert into STATION values (1940, '.', 33, 412751.51, 134414.84, 1699.09);
insert into STATION values (1941, '.', 33, 412751.14, 134414.47, 1697.30);
insert into STATION values (1942, '.', 33, 412751.35, 134414.85, 1694.33);
insert into STATION values (1943, '.', 33, 412751.26, 134415.06, 1691.44);
insert into STATION values (1944, '.', 33, 412751.05, 134415.77, 1687.91);
insert into STATION values (1945, '.', 33, 412750.68, 134416.04, 1686.27);
insert into STATION values (1946, '.', 33, 412750.71, 134416.22, 1684.44);
insert into STATION values (1947, '.', 33, 412750.10, 134416.87, 1676.27);
insert into STATION values (1948, '.', 33, 412750.04, 134420.59, 1682.46);
insert into STATION values (1949, '.', 33, 412750.07, 134420.65, 1682.70);
insert into STATION values (1950, '.', 33, 412750.06, 134420.57, 1682.69);
insert into STATION values (1951, '2.31', 33, 412750.06, 134420.78, 1682.91);
insert into STATION values (1952, '.', 33, 412752.65, 134418.72, 1683.22);
insert into STATION values (1953, '.', 33, 412752.89, 134416.67, 1683.09);
insert into STATION values (1954, '.', 33, 412750.34, 134415.71, 1683.03);
insert into STATION values (1955, '.', 33, 412749.13, 134415.91, 1683.02);
insert into STATION values (1956, '.', 33, 412747.56, 134416.73, 1682.98);
insert into STATION values (1957, '.', 33, 412746.98, 134418.54, 1682.87);
insert into STATION values (1958, '.', 33, 412743.63, 134418.58, 1682.67);
insert into STATION values (1959, '.', 33, 412746.54, 134420.02, 1682.82);
insert into STATION values (1960, '.', 33, 412747.76, 134420.59, 1682.89);
insert into STATION values (1961, '.', 33, 412763.63, 134421.17, 1682.56);
insert into STATION values (1962, '.', 33, 412750.92, 134415.86, 1683.32);
insert into STATION values (1963, '.', 33, 412750.65, 134415.43, 1685.69);
insert into STATION values (1964, '.', 33, 412750.02, 134414.79, 1692.20);
insert into STATION values (1965, '.', 33, 412751.13, 134414.47, 1703.26);
insert into STATION values (1966, '.', 33, 412753.12, 134416.98, 1694.48);
insert into STATION values (1967, '.', 33, 412753.12, 134417.92, 1690.67);
insert into STATION values (1968, '.', 33, 412752.67, 134418.96, 1685.40);
insert into STATION values (1969, '.', 33, 412752.83, 134418.99, 1683.57);
insert into STATION values (1970, '.', 33, 412745.09, 134418.38, 1684.30);
insert into STATION values (1971, '.', 33, 412745.21, 134416.55, 1688.29);
insert into STATION values (1972, '.', 33, 412743.04, 134412.50, 1700.62);
insert into STATION values (1973, '.', 33, 412745.84, 134414.78, 1697.06);
insert into STATION values (1974, '.', 33, 412744.60, 134419.14, 1679.28);
insert into STATION values (1975, '.', 33, 412746.77, 134419.30, 1678.30);
insert into STATION values (1976, '.', 33, 412746.72, 134419.96, 1670.61);
insert into STATION values (1977, '.', 33, 412747.41, 134420.11, 1666.79);
insert into STATION values (1978, '.', 33, 412748.71, 134417.16, 1670.44);
insert into STATION values (1979, '.', 33, 412748.61, 134416.85, 1676.94);
insert into STATION values (1980, '.', 33, 412748.13, 134415.89, 1679.18);
insert into STATION values (1981, '.', 33, 412752.73, 134417.41, 1682.13);
insert into STATION values (1982, '.', 33, 412752.31, 134418.95, 1679.25);
insert into STATION values (1983, '.', 33, 412751.99, 134419.47, 1672.92);
insert into STATION values (1984, '.', 33, 412753.25, 134420.37, 1659.87);
insert into STATION values (1985, '.', 33, 412747.28, 134419.06, 1655.58);
insert into STATION values (1986, '.', 33, 412747.38, 134419.04, 1655.51);
insert into STATION values (1987, '.', 33, 412747.35, 134419.04, 1655.55);
insert into STATION values (1988, '.', 33, 412747.57, 134419.51, 1655.65);
insert into STATION values (1989, '.', 33, 412747.58, 134419.54, 1655.66);
insert into STATION values (1990, '2.32', 33, 412747.59, 134419.47, 1655.61);
insert into STATION values (1991, '.', 33, 412745.09, 134421.94, 1655.61);
insert into STATION values (1992, '.', 33, 412744.52, 134424.03, 1657.08);
insert into STATION values (1993, '.', 33, 412746.05, 134423.68, 1656.61);
insert into STATION values (1994, '.', 33, 412746.68, 134426.77, 1656.52);
insert into STATION values (1995, '.', 33, 412748.82, 134425.44, 1656.84);
insert into STATION values (1996, '.', 33, 412750.88, 134423.89, 1657.27);
insert into STATION values (1997, '.', 33, 412752.06, 134422.92, 1657.03);
insert into STATION values (1998, '.', 33, 412752.20, 134421.82, 1656.00);
insert into STATION values (1999, '.', 33, 412751.83, 134420.90, 1655.72);
insert into STATION values (2000, '.', 33, 412753.26, 134420.57, 1657.67);
insert into STATION values (2001, '.', 33, 412762.18, 134421.84, 1670.18);
insert into STATION values (2002, '.', 33, 412754.67, 134425.68, 1664.67);
insert into STATION values (2003, '.', 33, 412754.69, 134425.23, 1676.03);
insert into STATION values (2004, '.', 33, 412747.53, 134419.12, 1659.30);
insert into STATION values (2005, '.', 33, 412747.02, 134419.13, 1657.92);
insert into STATION values (2006, '.', 33, 412747.09, 134419.35, 1656.47);
insert into STATION values (2007, '.', 33, 412744.05, 134424.05, 1665.40);
insert into STATION values (2008, '.', 33, 412752.64, 134423.00, 1681.16);
insert into STATION values (2009, '.', 33, 412749.78, 134419.54, 1654.49);
insert into STATION values (2010, '.', 33, 412748.21, 134419.65, 1654.30);
insert into STATION values (2011, '.', 33, 412749.59, 134419.13, 1654.48);
insert into STATION values (2012, '2.32', 37, 412747.59, 134419.47, 1655.61);
insert into STATION values (2013, '.', 37, 412759.50, 134424.02, 1678.74);
insert into STATION values (2014, '.', 37, 412762.55, 134422.20, 1670.71);
insert into STATION values (2015, '.', 37, 412752.10, 134422.91, 1657.42);
insert into STATION values (2016, '2.33', 37, 412745.38, 134422.09, 1654.96);
insert into STATION values (2017, '.', 37, 412744.09, 134420.56, 1654.79);
insert into STATION values (2018, '.', 37, 412745.07, 134421.00, 1654.84);
insert into STATION values (2019, '.', 37, 412746.61, 134420.29, 1654.95);
insert into STATION values (2020, '.', 37, 412750.77, 134418.72, 1655.40);
insert into STATION values (2021, '.', 37, 412746.55, 134423.97, 1668.04);
insert into STATION values (2022, '.', 37, 412746.80, 134421.13, 1665.63);
insert into STATION values (2023, '.', 37, 412745.67, 134421.42, 1656.65);
insert into STATION values (2024, '.', 37, 412745.59, 134420.79, 1655.03);
insert into STATION values (2025, '.', 37, 412745.68, 134420.38, 1652.19);
insert into STATION values (2026, '.', 37, 412745.54, 134420.49, 1649.79);
insert into STATION values (2027, '2.34', 37, 412745.16, 134420.89, 1647.14);
insert into STATION values (2028, '2.35', 37, 412749.96, 134425.09, 1655.52);
insert into STATION values (2029, '2.36', 37, 412747.65, 134424.72, 1655.13);
insert into STATION values (2030, '.', 37, 412745.85, 134425.31, 1655.21);
insert into STATION values (2031, '.', 37, 412744.74, 134426.75, 1654.93);
insert into STATION values (2032, '.', 37, 412742.22, 134430.01, 1654.70);
insert into STATION values (2033, '.', 37, 412744.10, 134430.24, 1654.74);
insert into STATION values (2034, '.', 37, 412747.33, 134426.63, 1655.14);
insert into STATION values (2035, '.', 37, 412746.21, 134426.38, 1652.31);
insert into STATION values (2036, '.', 37, 412744.07, 134428.51, 1652.33);
insert into STATION values (2037, '.', 37, 412743.06, 134429.59, 1654.97);
insert into STATION values (2038, '.', 37, 412744.53, 134428.31, 1658.69);
insert into STATION values (2039, '.', 37, 412746.21, 134426.10, 1659.73);
insert into STATION values (2040, '.', 37, 412747.39, 134423.52, 1668.40);
insert into STATION values (2041, '2.37', 37, 412740.46, 134431.45, 1653.22);
insert into STATION values (2042, '.', 37, 412746.96, 134426.75, 1653.25);
insert into STATION values (2043, '.', 37, 412746.12, 134430.03, 1653.57);
insert into STATION values (2044, '.', 37, 412742.95, 134431.21, 1653.29);
insert into STATION values (2045, '.', 37, 412741.65, 134430.26, 1653.29);
insert into STATION values (2046, '.', 37, 412740.24, 134431.08, 1653.27);
insert into STATION values (2047, '.', 37, 412738.85, 134431.72, 1653.26);
insert into STATION values (2048, '.', 37, 412740.41, 134430.85, 1655.05);
insert into STATION values (2049, '.', 37, 412740.45, 134431.56, 1651.88);
insert into STATION values (2050, '.', 37, 412737.10, 134434.27, 1644.12);
insert into STATION values (2051, '.', 37, 412737.13, 134433.69, 1648.42);
insert into STATION values (2052, '2.38', 37, 412739.80, 134431.59, 1652.30);
insert into STATION values (2053, '2.39', 37, 412739.60, 134432.42, 1651.58);
insert into STATION values (2054, '.', 37, 412738.41, 134432.85, 1651.54);
insert into STATION values (2055, '.', 37, 412738.78, 134431.88, 1651.71);
insert into STATION values (2056, '.', 37, 412740.14, 134431.28, 1651.53);
insert into STATION values (2057, '.', 37, 412739.35, 134432.46, 1636.05);
insert into STATION values (2058, '.', 37, 412738.30, 134433.35, 1643.39);
insert into STATION values (2059, '.', 37, 412737.53, 134433.37, 1649.17);
insert into STATION values (2060, '.', 37, 412742.82, 134432.13, 1644.20);
insert into STATION values (2061, '.', 37, 412740.51, 134432.36, 1641.44);
insert into STATION values (2062, '.', 37, 412742.71, 134431.52, 1648.79);
insert into STATION values (2063, '2.40', 37, 412739.72, 134432.16, 1637.13);
insert into STATION values (2064, '.', 37, 412740.63, 134432.50, 1637.12);
insert into STATION values (2065, '.', 37, 412740.55, 134431.66, 1637.15);
insert into STATION values (2066, '.', 37, 412739.86, 134430.18, 1637.33);
insert into STATION values (2067, '.', 37, 412738.16, 134434.25, 1637.16);
insert into STATION values (2068, '.', 37, 412736.76, 134432.76, 1637.04);
insert into STATION values (2069, '.', 37, 412740.99, 134429.90, 1633.52);
insert into STATION values (2070, '.', 37, 412741.51, 134428.98, 1633.46);
insert into STATION values (2071, '.', 37, 412740.50, 134431.15, 1637.66);
insert into STATION values (2072, '.', 37, 412740.10, 134430.40, 1637.95);
insert into STATION values (2073, '.', 37, 412743.49, 134423.68, 1638.04);
insert into STATION values (2074, '.', 37, 412744.36, 134423.34, 1641.22);
insert into STATION values (2075, '.', 37, 412744.10, 134423.78, 1646.15);
insert into STATION values (2076, '.', 37, 412740.45, 134430.92, 1643.86);
insert into STATION values (2077, '.', 37, 412738.00, 134433.64, 1652.45);
insert into STATION values (2078, '.', 37, 412737.17, 134434.51, 1650.05);
insert into STATION values (2079, '.', 37, 412737.98, 134433.31, 1642.99);
insert into STATION values (2080, '.', 37, 412737.58, 134433.17, 1639.72);
insert into STATION values (2081, '.', 37, 412735.51, 134433.72, 1636.17);
insert into STATION values (2082, '.', 37, 412738.46, 134432.55, 1635.93);
insert into STATION values (2083, '.', 37, 412737.17, 134432.81, 1634.36);
insert into STATION values (2084, '2.41', 37, 412740.57, 134429.95, 1636.49);
insert into STATION values (2085, '.', 37, 412742.49, 134426.80, 1633.40);
insert into STATION values (2086, '.', 37, 412743.65, 134424.27, 1633.75);
insert into STATION values (2087, '.', 37, 412743.48, 134424.10, 1635.95);
insert into STATION values (2088, '.', 37, 412744.78, 134423.10, 1643.32);
insert into STATION values (2089, '.', 37, 412741.64, 134427.31, 1645.98);
insert into STATION values (2090, '.', 37, 412740.96, 134428.74, 1645.29);
insert into STATION values (2091, '.', 37, 412741.71, 134429.60, 1636.62);
insert into STATION values (2092, '.', 37, 412743.19, 134428.29, 1636.54);
insert into STATION values (2093, '.', 37, 412743.92, 134426.46, 1636.30);
insert into STATION values (2094, '.', 37, 412740.67, 134425.91, 1636.43);
insert into STATION values (2095, '.', 37, 412739.56, 134428.97, 1636.49);
insert into STATION values (2096, '.', 37, 412739.46, 134429.53, 1636.46);
insert into STATION values (2097, '2.42', 37, 412741.57, 134427.83, 1634.82);
insert into STATION values (2098, '.', 37, 412743.50, 134427.06, 1634.88);
insert into STATION values (2099, '.', 37, 412743.47, 134423.81, 1634.94);
insert into STATION values (2100, '.', 37, 412741.11, 134426.51, 1634.82);
insert into STATION values (2101, '.', 37, 412742.71, 134428.59, 1634.91);
insert into STATION values (2102, '.', 37, 412740.85, 134427.42, 1634.82);
insert into STATION values (2103, '.', 37, 412743.32, 134423.76, 1634.53);
insert into STATION values (2104, '.', 37, 412743.36, 134424.28, 1638.30);
insert into STATION values (2105, '.', 37, 412744.73, 134423.61, 1646.73);
insert into STATION values (2106, '.', 37, 412741.19, 134427.89, 1645.64);
insert into STATION values (2107, '.', 37, 412740.45, 134430.00, 1641.68);
insert into STATION values (2108, '.', 37, 412738.54, 134433.52, 1640.68);
insert into STATION values (2109, '.', 37, 412740.45, 134429.72, 1636.18);
insert into STATION values (2110, '.', 37, 412739.85, 134431.37, 1635.48);
insert into STATION values (2111, '2.43', 37, 412740.43, 134430.92, 1634.25);
insert into STATION values (2112, '.', 37, 412740.33, 134430.72, 1635.94);
insert into STATION values (2113, '.', 37, 412739.11, 134431.46, 1634.87);
insert into STATION values (2114, '.', 37, 412734.98, 134433.99, 1634.50);
insert into STATION values (2115, '.', 37, 412740.17, 134431.13, 1632.05);
insert into STATION values (2116, '.', 37, 412740.10, 134430.65, 1634.29);
insert into STATION values (2117, '.', 37, 412740.52, 134431.13, 1634.25);
insert into STATION values (2118, '.', 37, 412740.15, 134430.99, 1632.04);
insert into STATION values (2119, '2.44', 37, 412736.46, 134433.27, 1632.86);
insert into STATION values (2120, '.', 37, 412736.46, 134433.27, 1632.51);
insert into STATION values (2121, '.', 37, 412736.39, 134433.41, 1631.31);
insert into STATION values (2122, '.', 37, 412737.09, 134432.66, 1638.97);
insert into STATION values (2123, '.', 37, 412733.30, 134434.48, 1632.93);
insert into STATION values (2124, '2.45', 37, 412732.35, 134436.03, 1633.49);
insert into STATION values (2125, '.', 37, 412731.72, 134435.80, 1635.95);
insert into STATION values (2126, '.', 37, 412732.28, 134436.10, 1632.32);
insert into STATION values (2127, '.', 37, 412731.71, 134435.80, 1631.39);
insert into STATION values (2128, '.', 37, 412732.15, 134435.65, 1633.56);
insert into STATION values (2129, '.', 37, 412730.29, 134436.77, 1633.46);
insert into STATION values (2130, '.', 37, 412731.28, 134436.80, 1633.61);
insert into STATION values (2131, '.', 37, 412728.43, 134438.31, 1632.40);
insert into STATION values (2132, '.', 37, 412729.01, 134437.99, 1632.56);
insert into STATION values (2133, '2.46', 37, 412730.03, 134437.39, 1632.83);
insert into STATION values (2134, '.', 37, 412729.41, 134437.83, 1633.49);
insert into STATION values (2135, '.', 37, 412729.68, 134437.51, 1634.16);
insert into STATION values (2136, '.', 37, 412730.21, 134436.94, 1634.22);
insert into STATION values (2137, '.', 37, 412731.69, 134435.43, 1635.98);
insert into STATION values (2138, '.', 37, 412730.14, 134437.65, 1633.36);
insert into STATION values (2139, '.', 37, 412729.69, 134437.01, 1633.08);
insert into STATION values (2140, '.', 37, 412729.94, 134437.25, 1631.66);
insert into STATION values (2141, '.', 37, 412729.63, 134437.46, 1631.73);
insert into STATION values (2142, '.', 37, 412728.78, 134438.33, 1631.27);
insert into STATION values (2143, '2.47', 37, 412728.67, 134437.76, 1632.42);
insert into STATION values (2144, '2.48', 37, 412727.33, 134437.66, 1631.83);
insert into STATION values (2145, '.', 37, 412727.34, 134437.77, 1632.43);
insert into STATION values (2146, '.', 37, 412725.50, 134438.14, 1617.69);
insert into STATION values (2147, '.', 37, 412727.87, 134437.13, 1625.29);
insert into STATION values (2148, '.', 37, 412727.20, 134437.50, 1621.45);
insert into STATION values (2149, '.', 37, 412724.64, 134439.46, 1618.24);
insert into STATION values (2150, '.', 37, 412722.61, 134442.13, 1617.73);
insert into STATION values (2151, '.', 37, 412718.57, 134446.10, 1617.14);
insert into STATION values (2152, '.', 37, 412720.92, 134444.35, 1628.82);
insert into STATION values (2153, '.', 37, 412724.99, 134440.06, 1631.72);
insert into STATION values (2154, '.', 37, 412725.47, 134439.01, 1631.45);
insert into STATION values (2155, '.', 37, 412726.07, 134437.64, 1629.70);
insert into STATION values (2156, '.', 37, 412725.66, 134441.79, 1620.11);
insert into STATION values (2157, '.', 37, 412733.03, 134449.45, 1632.49);
insert into STATION values (2158, '2.49', 37, 412726.73, 134439.62, 1627.71);
insert into STATION values (2159, '.', 37, 412728.51, 134436.45, 1627.67);
insert into STATION values (2160, '.', 37, 412725.85, 134437.62, 1627.64);
insert into STATION values (2161, '.', 37, 412724.45, 134438.76, 1627.24);
insert into STATION values (2162, '.', 37, 412721.11, 134441.31, 1627.35);
insert into STATION values (2163, '.', 37, 412721.21, 134445.00, 1628.21);
insert into STATION values (2164, '.', 37, 412726.00, 134440.52, 1627.82);
insert into STATION values (2165, '.', 37, 412726.62, 134439.50, 1628.53);
insert into STATION values (2166, '.', 37, 412725.91, 134438.53, 1632.20);
insert into STATION values (2167, '.', 37, 412725.49, 134438.21, 1629.43);
insert into STATION values (2168, '.', 37, 412725.27, 134437.85, 1626.85);
insert into STATION values (2169, '.', 37, 412723.58, 134438.92, 1623.60);
insert into STATION values (2170, '.', 37, 412725.17, 134440.33, 1617.20);
insert into STATION values (2171, '2.50', 37, 412724.31, 134439.96, 1619.69);
insert into STATION values (2172, '.', 37, 412725.45, 134437.68, 1619.76);
insert into STATION values (2173, '.', 37, 412727.42, 134439.88, 1619.77);
insert into STATION values (2174, '.', 37, 412726.10, 134441.52, 1619.52);
insert into STATION values (2175, '.', 37, 412724.26, 134445.93, 1620.37);
insert into STATION values (2176, '.', 37, 412719.94, 134448.05, 1620.16);
insert into STATION values (2177, '.', 37, 412719.45, 134445.54, 1619.87);
insert into STATION values (2178, '.', 37, 412723.26, 134440.85, 1619.74);
insert into STATION values (2179, '.', 37, 412723.76, 134439.69, 1621.79);
insert into STATION values (2180, '.', 37, 412724.44, 134439.44, 1629.22);
insert into STATION values (2181, '.', 37, 412726.51, 134439.63, 1630.17);
insert into STATION values (2182, '.', 37, 412726.83, 134440.53, 1624.02);
insert into STATION values (2183, '.', 37, 412726.50, 134440.70, 1620.59);
insert into STATION values (2184, '.', 37, 412726.16, 134440.87, 1617.63);
insert into STATION values (2185, '2.51', 37, 412724.04, 134441.94, 1617.99);
insert into STATION values (2186, '.', 37, 412722.74, 134442.38, 1618.18);
insert into STATION values (2187, '2.52', 37, 412722.64, 134442.42, 1618.20);
insert into STATION values (2188, '.', 37, 412720.97, 134442.76, 1618.26);
insert into STATION values (2189, '.', 37, 412717.35, 134445.17, 1618.44);
insert into STATION values (2190, '.', 37, 412719.06, 134445.51, 1618.13);
insert into STATION values (2191, '.', 37, 412720.75, 134448.07, 1618.36);
insert into STATION values (2192, '.', 37, 412723.78, 134445.46, 1618.40);
insert into STATION values (2193, '.', 37, 412725.17, 134443.02, 1618.74);
insert into STATION values (2194, '.', 37, 412720.65, 134445.25, 1616.00);
insert into STATION values (2195, '.', 37, 412718.87, 134448.71, 1615.66);
insert into STATION values (2196, '.', 37, 412719.15, 134447.43, 1619.73);
insert into STATION values (2197, '.', 37, 412719.75, 134446.69, 1622.30);
insert into STATION values (2198, '.', 37, 412723.21, 134441.57, 1630.54);
insert into STATION values (2199, '.', 37, 412726.52, 134437.10, 1629.29);
insert into STATION values (2200, '.', 37, 412728.76, 134434.72, 1625.59);
insert into STATION values (2201, '2.53', 37, 412719.29, 134448.53, 1617.27);
insert into STATION values (2202, '.', 37, 412716.94, 134447.62, 1617.04);
insert into STATION values (2203, '.', 37, 412715.97, 134446.48, 1617.99);
insert into STATION values (2204, '.', 37, 412725.30, 134448.40, 1617.45);
insert into STATION values (2205, '.', 37, 412722.87, 134442.95, 1617.86);
insert into STATION values (2206, '.', 37, 412719.04, 134446.48, 1617.51);
insert into STATION values (2207, '.', 37, 412720.75, 134442.93, 1618.33);
insert into STATION values (2208, '.', 37, 412719.93, 134441.51, 1626.00);
insert into STATION values (2209, '.', 37, 412719.66, 134447.00, 1620.76);
insert into STATION values (2210, '.', 37, 412719.51, 134447.73, 1619.74);
insert into STATION values (2211, '.', 37, 412737.28, 134414.23, 1650.63);
insert into STATION values (2212, '.', 37, 412719.01, 134448.60, 1615.94);
insert into STATION values (2213, '.', 37, 412719.66, 134448.50, 1602.83);
insert into STATION values (2214, '.', 37, 412718.69, 134449.88, 1602.42);
insert into STATION values (2215, '2.54', 37, 412719.37, 134448.48, 1615.70);
insert into STATION values (2216, '2.55', 37, 412716.22, 134454.27, 1600.44);
insert into STATION values (2217, '.', 37, 412716.33, 134455.53, 1600.45);
insert into STATION values (2218, '.', 37, 412715.34, 134455.49, 1600.39);
insert into STATION values (2219, '.', 37, 412714.18, 134455.28, 1600.42);
insert into STATION values (2220, '.', 37, 412707.70, 134454.67, 1599.99);
insert into STATION values (2221, '.', 37, 412709.15, 134454.00, 1600.09);
insert into STATION values (2222, '.', 37, 412714.52, 134454.01, 1600.42);
insert into STATION values (2223, '.', 37, 412715.51, 134452.59, 1600.52);
insert into STATION values (2224, '.', 37, 412716.52, 134450.86, 1600.77);
insert into STATION values (2225, '.', 37, 412717.98, 134451.29, 1600.96);
insert into STATION values (2226, '.', 37, 412718.78, 134452.52, 1601.34);
insert into STATION values (2227, '.', 37, 412723.18, 134454.27, 1604.24);
insert into STATION values (2228, '.', 37, 412721.79, 134453.18, 1606.39);
insert into STATION values (2229, '.', 37, 412719.22, 134447.05, 1605.18);
insert into STATION values (2230, '.', 37, 412718.29, 134446.27, 1610.25);
insert into STATION values (2231, '.', 37, 412716.95, 134450.16, 1609.23);
insert into STATION values (2232, '.', 37, 412716.28, 134452.31, 1607.58);
insert into STATION values (2233, '.', 37, 412716.30, 134454.46, 1603.15);
insert into STATION values (2234, '.', 37, 412716.16, 134455.08, 1601.19);
insert into STATION values (2235, '.', 37, 412715.59, 134456.30, 1598.69);
insert into STATION values (2236, '.', 37, 412714.93, 134459.04, 1592.28);
insert into STATION values (2237, '.', 37, 412715.62, 134456.46, 1594.16);
insert into STATION values (2238, '2.56', 37, 412708.62, 134454.60, 1599.32);
insert into STATION values (2239, '.', 37, 412709.95, 134453.86, 1599.26);
insert into STATION values (2240, '.', 37, 412712.75, 134454.14, 1599.23);
insert into STATION values (2241, '.', 37, 412713.52, 134454.61, 1599.14);
insert into STATION values (2242, '.', 37, 412716.60, 134454.91, 1599.07);
insert into STATION values (2243, '.', 37, 412717.23, 134455.80, 1599.13);
insert into STATION values (2244, '.', 37, 412712.86, 134455.36, 1599.27);
insert into STATION values (2245, '.', 37, 412710.36, 134455.48, 1599.40);
insert into STATION values (2246, '.', 37, 412708.63, 134455.01, 1599.36);
insert into STATION values (2247, '.', 37, 412708.58, 134454.26, 1600.99);
insert into STATION values (2248, '.', 37, 412710.34, 134453.59, 1602.96);
insert into STATION values (2249, '.', 37, 412729.04, 134442.37, 1631.46);
insert into STATION values (2250, '.', 37, 412717.20, 134450.94, 1609.74);
insert into STATION values (2251, '.', 37, 412721.09, 134451.51, 1608.60);
insert into STATION values (2252, '.', 37, 412721.67, 134453.90, 1603.37);
insert into STATION values (2253, '.', 37, 412716.98, 134456.05, 1598.29);
insert into STATION values (2254, '.', 37, 412717.42, 134457.42, 1595.10);
insert into STATION values (2255, '2.57', 37, 412705.39, 134454.46, 1600.43);
insert into STATION values (2256, '.', 37, 412705.50, 134453.60, 1600.49);
insert into STATION values (2257, '.', 37, 412703.44, 134451.54, 1600.28);
insert into STATION values (2258, '.', 37, 412698.49, 134451.08, 1599.72);
insert into STATION values (2259, '.', 37, 412698.64, 134453.77, 1600.04);
insert into STATION values (2260, '.', 37, 412700.17, 134455.23, 1600.21);
insert into STATION values (2261, '.', 37, 412704.45, 134454.75, 1600.38);
insert into STATION values (2262, '.', 37, 412706.73, 134453.19, 1600.59);
insert into STATION values (2263, '.', 37, 412707.09, 134454.20, 1600.31);
insert into STATION values (2264, '.', 37, 412705.36, 134454.24, 1599.02);
insert into STATION values (2265, '.', 37, 412704.16, 134454.51, 1597.46);
insert into STATION values (2266, '.', 37, 412701.09, 134455.28, 1590.93);
insert into STATION values (2267, '.', 37, 412699.75, 134455.16, 1590.93);
insert into STATION values (2268, '.', 37, 412696.84, 134455.42, 1590.83);
insert into STATION values (2269, '.', 37, 412696.04, 134454.80, 1594.04);
insert into STATION values (2270, '.', 37, 412698.74, 134454.48, 1600.98);
insert into STATION values (2271, '.', 37, 412704.86, 134454.28, 1601.04);
insert into STATION values (2272, '.', 37, 412703.71, 134449.80, 1609.16);
insert into STATION values (2273, '.', 37, 412707.28, 134447.64, 1613.43);
insert into STATION values (2274, '.', 37, 412707.00, 134453.27, 1602.61);
insert into STATION values (2275, '.', 37, 412705.59, 134454.33, 1601.25);
insert into STATION values (2276, '.', 37, 412705.72, 134453.89, 1601.92);
insert into STATION values (2277, '2.58', 37, 412699.47, 134454.59, 1592.28);
insert into STATION values (2278, '.', 37, 412702.02, 134454.20, 1592.35);
insert into STATION values (2279, '.', 37, 412703.32, 134455.92, 1592.19);
insert into STATION values (2280, '.', 37, 412701.06, 134457.52, 1592.37);
insert into STATION values (2281, '.', 37, 412698.60, 134457.23, 1592.24);
insert into STATION values (2282, '.', 37, 412695.52, 134456.74, 1592.09);
insert into STATION values (2283, '.', 37, 412697.36, 134454.96, 1592.15);
insert into STATION values (2284, '.', 37, 412699.07, 134457.40, 1592.29);
insert into STATION values (2285, '.', 37, 412699.53, 134457.19, 1594.98);
insert into STATION values (2286, '.', 37, 412699.66, 134456.58, 1597.15);
insert into STATION values (2287, '.', 37, 412699.00, 134455.26, 1599.23);
insert into STATION values (2288, '.', 37, 412702.71, 134453.30, 1612.92);
insert into STATION values (2289, '.', 37, 412703.37, 134452.38, 1609.94);
insert into STATION values (2290, '2.59', 37, 412696.14, 134457.72, 1589.77);
insert into STATION values (2291, '.', 37, 412695.45, 134457.93, 1589.80);
insert into STATION values (2292, '.', 37, 412692.97, 134457.77, 1589.79);
insert into STATION values (2293, '.', 37, 412689.32, 134457.02, 1589.93);
insert into STATION values (2294, '.', 37, 412687.91, 134455.88, 1591.58);
insert into STATION values (2295, '.', 37, 412695.78, 134457.53, 1590.04);
insert into STATION values (2296, '.', 37, 412691.89, 134454.05, 1595.13);
insert into STATION values (2297, '.', 37, 412693.96, 134452.72, 1597.77);
insert into STATION values (2298, '.', 37, 412696.09, 134454.04, 1596.02);
insert into STATION values (2299, '.', 37, 412694.56, 134456.82, 1589.98);
insert into STATION values (2300, '.', 37, 412688.81, 134456.24, 1590.82);
insert into STATION values (2301, '2.60', 37, 412686.70, 134456.25, 1590.60);
insert into STATION values (2302, '2.61', 37, 412691.18, 134460.73, 1584.22);
insert into STATION values (2303, '.', 37, 412691.21, 134460.04, 1584.20);
insert into STATION values (2304, '.', 37, 412691.11, 134460.52, 1583.37);
insert into STATION values (2305, '.', 37, 412691.41, 134460.29, 1585.42);
insert into STATION values (2306, '.', 37, 412692.36, 134460.39, 1585.40);
insert into STATION values (2307, '.', 37, 412692.50, 134460.48, 1584.60);
insert into STATION values (2308, '.', 37, 412690.78, 134460.37, 1584.98);
insert into STATION values (2309, '.', 37, 412690.04, 134460.18, 1584.77);
insert into STATION values (2310, '.', 37, 412688.45, 134459.29, 1585.07);
insert into STATION values (2311, '.', 37, 412688.88, 134460.56, 1583.85);
insert into STATION values (2312, '.', 37, 412689.74, 134460.69, 1583.28);
insert into STATION values (2313, '.', 37, 412690.60, 134460.65, 1583.47);
insert into STATION values (2314, '.', 37, 412691.31, 134460.49, 1583.20);
insert into STATION values (2315, '.', 37, 412692.26, 134460.29, 1583.33);
insert into STATION values (2316, '.', 37, 412691.15, 134460.03, 1584.25);
insert into STATION values (2317, '.', 37, 412691.21, 134461.00, 1584.21);
insert into STATION values (2318, '.', 37, 412690.93, 134461.18, 1582.91);
insert into STATION values (2319, '.', 37, 412690.67, 134461.40, 1581.77);
insert into STATION values (2320, '.', 37, 412688.78, 134460.72, 1583.77);
insert into STATION values (2321, '2.62', 37, 412685.43, 134460.10, 1583.14);
insert into STATION values (2322, '.', 37, 412685.37, 134460.70, 1583.07);
insert into STATION values (2323, '.', 37, 412685.39, 134459.88, 1583.12);
insert into STATION values (2324, '.', 37, 412685.68, 134460.11, 1584.00);
insert into STATION values (2325, '.', 37, 412685.76, 134460.39, 1582.36);
insert into STATION values (2326, '.', 37, 412686.27, 134460.66, 1582.36);
insert into STATION values (2327, '.', 37, 412688.89, 134461.38, 1582.24);
insert into STATION values (2328, '.', 37, 412687.25, 134460.49, 1583.39);
insert into STATION values (2329, '.', 37, 412685.61, 134460.00, 1584.35);
insert into STATION values (2330, '.', 37, 412686.21, 134460.09, 1584.31);
insert into STATION values (2331, '.', 37, 412685.94, 134460.77, 1582.81);
insert into STATION values (2332, '.', 37, 412685.53, 134461.51, 1581.40);
insert into STATION values (2333, '.', 37, 412682.23, 134460.82, 1582.06);
insert into STATION values (2334, '.', 37, 412683.16, 134460.11, 1583.57);
insert into STATION values (2335, '2.63', 37, 412682.08, 134460.68, 1582.46);
insert into STATION values (2336, '2.64', 37, 412715.99, 134456.36, 1594.32);
insert into STATION values (2337, '2.65', 37, 412715.06, 134458.06, 1593.17);
insert into STATION values (2338, '.', 37, 412715.18, 134458.84, 1593.55);
insert into STATION values (2339, '.', 37, 412715.89, 134459.05, 1593.87);
insert into STATION values (2340, '.', 37, 412716.08, 134457.70, 1593.74);
insert into STATION values (2341, '.', 37, 412713.84, 134457.72, 1594.37);
insert into STATION values (2342, '2.66', 37, 412715.12, 134459.87, 1587.86);
insert into STATION values (2343, '2.63', 41, 412682.08, 134460.68, 1582.46);
insert into STATION values (2344, '.', 41, 412682.08, 134460.68, 1582.46);
insert into STATION values (2345, '.', 41, 412682.26, 134459.71, 1582.69);
insert into STATION values (2346, '.', 41, 412682.12, 134459.55, 1582.81);
insert into STATION values (2347, '.', 41, 412681.40, 134458.40, 1584.07);
insert into STATION values (2348, '.', 41, 412680.75, 134458.40, 1584.91);
insert into STATION values (2349, '.', 41, 412680.71, 134459.03, 1584.83);
insert into STATION values (2350, '.', 41, 412681.17, 134460.14, 1583.51);
insert into STATION values (2351, '.', 41, 412680.71, 134460.24, 1583.10);
insert into STATION values (2352, '.', 41, 412681.18, 134460.73, 1582.61);
insert into STATION values (2353, '.', 41, 412681.23, 134461.00, 1582.42);
insert into STATION values (2354, '.', 41, 412681.29, 134461.29, 1582.28);
insert into STATION values (2355, '.', 41, 412682.50, 134461.08, 1582.16);
insert into STATION values (2356, '.', 41, 412682.36, 134462.32, 1581.02);
insert into STATION values (2357, '.', 41, 412681.91, 134462.26, 1580.93);
insert into STATION values (2358, '.', 41, 412681.48, 134461.55, 1581.92);
insert into STATION values (2359, '.', 41, 412681.18, 134461.21, 1582.27);
insert into STATION values (2360, '.', 41, 412681.59, 134461.55, 1582.68);
insert into STATION values (2361, '.', 41, 412680.88, 134463.97, 1583.32);
insert into STATION values (2362, '.', 41, 412681.64, 134462.81, 1582.70);
insert into STATION values (2363, '.', 41, 412681.23, 134463.18, 1583.76);
insert into STATION values (2364, '.', 41, 412681.33, 134462.45, 1584.04);
insert into STATION values (2365, '.', 41, 412681.29, 134461.83, 1584.50);
insert into STATION values (2366, '.', 41, 412681.77, 134460.73, 1583.18);
insert into STATION values (2367, '.', 41, 412683.93, 134461.87, 1579.09);
insert into STATION values (2368, '.', 41, 412682.39, 134462.24, 1579.86);
insert into STATION values (2369, '2.67', 41, 412681.22, 134462.45, 1582.91);
insert into STATION values (2370, '.', 41, 412681.24, 134462.27, 1583.98);
insert into STATION values (2371, '.', 41, 412681.06, 134463.17, 1583.76);
insert into STATION values (2372, '.', 41, 412680.70, 134464.08, 1582.98);
insert into STATION values (2373, '.', 41, 412681.11, 134462.89, 1582.24);
insert into STATION values (2374, '.', 41, 412681.43, 134462.51, 1582.20);
insert into STATION values (2375, '.', 41, 412681.55, 134462.57, 1582.92);
insert into STATION values (2376, '.', 41, 412681.65, 134462.57, 1583.64);
insert into STATION values (2377, '2.68', 41, 412680.61, 134464.02, 1582.95);
insert into STATION values (2378, '.', 41, 412680.36, 134463.86, 1583.03);
insert into STATION values (2379, '.', 41, 412680.26, 134464.51, 1583.57);
insert into STATION values (2380, '.', 41, 412680.62, 134463.99, 1583.65);
insert into STATION values (2381, '.', 41, 412680.78, 134463.69, 1583.29);
insert into STATION values (2382, '.', 41, 412680.37, 134463.86, 1582.11);
insert into STATION values (2383, '2.69', 41, 412679.09, 134465.39, 1581.57);
insert into STATION values (2384, '.', 41, 412678.87, 134465.19, 1581.59);
insert into STATION values (2385, '.', 41, 412678.54, 134465.04, 1582.05);
insert into STATION values (2386, '.', 41, 412678.45, 134465.34, 1584.54);
insert into STATION values (2387, '.', 41, 412678.87, 134465.35, 1583.30);
insert into STATION values (2388, '.', 41, 412678.78, 134465.30, 1581.06);
insert into STATION values (2389, '.', 41, 412678.99, 134465.58, 1580.59);
insert into STATION values (2390, '.', 41, 412679.67, 134464.69, 1581.72);
insert into STATION values (2391, '.', 41, 412678.91, 134465.11, 1581.55);
insert into STATION values (2392, '.', 41, 412678.14, 134466.37, 1581.16);
insert into STATION values (2393, '.', 41, 412677.94, 134466.86, 1581.03);
insert into STATION values (2394, '2.70', 41, 412677.49, 134467.69, 1580.11);
insert into STATION values (2395, '.', 41, 412676.91, 134467.42, 1580.19);
insert into STATION values (2396, '.', 41, 412678.64, 134465.56, 1580.32);
insert into STATION values (2397, '.', 41, 412678.62, 134467.33, 1580.44);
insert into STATION values (2398, '.', 41, 412678.43, 134468.09, 1580.36);
insert into STATION values (2399, '.', 41, 412678.02, 134468.59, 1580.27);
insert into STATION values (2400, '.', 41, 412676.75, 134469.91, 1580.66);
insert into STATION values (2401, '.', 41, 412676.75, 134468.37, 1580.80);
insert into STATION values (2402, '.', 41, 412676.42, 134469.93, 1581.64);
insert into STATION values (2403, '.', 41, 412676.91, 134468.61, 1582.75);
insert into STATION values (2404, '.', 41, 412677.53, 134467.49, 1584.37);
insert into STATION values (2405, '.', 41, 412678.20, 134466.92, 1582.27);
insert into STATION values (2406, '.', 41, 412677.59, 134467.58, 1580.27);
insert into STATION values (2407, '.', 41, 412677.80, 134467.88, 1577.34);
insert into STATION values (2408, '.', 41, 412678.32, 134467.54, 1577.35);
insert into STATION values (2409, '2.71', 41, 412676.83, 134469.75, 1580.90);
insert into STATION values (2410, '.', 41, 412676.44, 134469.52, 1580.92);
insert into STATION values (2411, '.', 41, 412675.37, 134468.33, 1584.93);
insert into STATION values (2412, '.', 41, 412676.61, 134469.54, 1581.77);
insert into STATION values (2413, '.', 41, 412676.91, 134469.87, 1581.07);
insert into STATION values (2414, '.', 41, 412676.54, 134469.51, 1580.62);
insert into STATION values (2415, '2.72', 41, 412675.69, 134470.82, 1580.30);
insert into STATION values (2416, '.', 41, 412675.13, 134469.59, 1580.49);
insert into STATION values (2417, '.', 41, 412674.53, 134470.30, 1580.33);
insert into STATION values (2418, '.', 41, 412673.93, 134470.64, 1580.30);
insert into STATION values (2419, '.', 41, 412675.21, 134470.98, 1580.31);
insert into STATION values (2420, '.', 41, 412675.85, 134471.15, 1580.47);
insert into STATION values (2421, '.', 41, 412675.49, 134470.48, 1581.43);
insert into STATION values (2422, '.', 41, 412675.75, 134470.79, 1581.13);
insert into STATION values (2423, '.', 41, 412675.90, 134471.18, 1580.48);
insert into STATION values (2424, '.', 41, 412675.83, 134470.98, 1579.93);
insert into STATION values (2425, '.', 41, 412673.50, 134470.26, 1570.47);
insert into STATION values (2426, '.', 41, 412672.46, 134470.45, 1570.56);
insert into STATION values (2427, '2.73', 41, 412674.28, 134470.72, 1580.39);
insert into STATION values (2428, '.', 41, 412674.60, 134471.13, 1580.41);
insert into STATION values (2429, '.', 41, 412674.24, 134471.11, 1581.48);
insert into STATION values (2430, '.', 41, 412674.05, 134470.65, 1580.49);
insert into STATION values (2431, '.', 41, 412674.25, 134470.71, 1579.91);
insert into STATION values (2432, '.', 41, 412673.64, 134472.07, 1580.38);
insert into STATION values (2433, '.', 41, 412672.86, 134476.29, 1580.12);
insert into STATION values (2434, '2.74', 41, 412673.78, 134473.39, 1580.22);
insert into STATION values (2435, '.', 41, 412673.43, 134473.23, 1580.24);
insert into STATION values (2436, '.', 41, 412673.15, 134473.24, 1581.67);
insert into STATION values (2437, '.', 41, 412673.78, 134473.40, 1581.02);
insert into STATION values (2438, '.', 41, 412674.12, 134473.44, 1580.62);
insert into STATION values (2439, '.', 41, 412674.51, 134473.39, 1580.29);
insert into STATION values (2440, '.', 41, 412674.98, 134469.16, 1583.85);
insert into STATION values (2441, '.', 41, 412674.79, 134470.94, 1581.83);
insert into STATION values (2442, '.', 41, 412674.66, 134471.88, 1580.71);
insert into STATION values (2443, '.', 41, 412674.62, 134471.99, 1579.89);
insert into STATION values (2444, '.', 41, 412672.40, 134473.84, 1582.57);
insert into STATION values (2445, '.', 41, 412671.56, 134476.10, 1582.07);
insert into STATION values (2446, '.', 41, 412673.69, 134473.44, 1579.45);
insert into STATION values (2447, '2.75', 41, 412669.50, 134480.41, 1580.89);
insert into STATION values (2448, '.', 41, 412669.10, 134480.17, 1580.87);
insert into STATION values (2449, '.', 41, 412668.85, 134480.46, 1582.56);
insert into STATION values (2450, '.', 41, 412669.24, 134479.86, 1583.44);
insert into STATION values (2451, '.', 41, 412669.92, 134479.92, 1578.24);
insert into STATION values (2452, '2.76', 41, 412666.11, 134482.85, 1580.43);
insert into STATION values (2453, '.', 41, 412665.09, 134484.01, 1580.42);
insert into STATION values (2454, '.', 41, 412662.16, 134485.26, 1581.04);
insert into STATION values (2455, '.', 41, 412663.59, 134484.86, 1582.59);
insert into STATION values (2456, '.', 41, 412665.61, 134483.29, 1582.21);
insert into STATION values (2457, '.', 41, 412667.32, 134482.40, 1582.24);
insert into STATION values (2458, '.', 41, 412668.82, 134481.39, 1580.95);
insert into STATION values (2459, '.', 41, 412669.03, 134481.18, 1579.36);
insert into STATION values (2460, '.', 41, 412667.55, 134482.09, 1579.11);
insert into STATION values (2461, '.', 41, 412667.35, 134482.94, 1571.40);
insert into STATION values (2462, '.', 41, 412664.47, 134484.30, 1571.95);
insert into STATION values (2463, '.', 41, 412666.61, 134483.09, 1580.51);
insert into STATION values (2464, '.', 41, 412666.54, 134483.26, 1581.26);
insert into STATION values (2465, '.', 41, 412666.63, 134483.10, 1580.45);
insert into STATION values (2466, '2.77', 41, 412664.30, 134484.70, 1572.20);
insert into STATION values (2467, '.', 41, 412663.51, 134484.26, 1572.35);
insert into STATION values (2468, '.', 41, 412663.05, 134483.74, 1574.24);
insert into STATION values (2469, '.', 41, 412662.85, 134484.26, 1579.78);
insert into STATION values (2470, '.', 41, 412663.39, 134484.53, 1582.06);
insert into STATION values (2471, '.', 41, 412664.57, 134485.11, 1575.96);
insert into STATION values (2472, '.', 41, 412665.19, 134485.29, 1574.19);
insert into STATION values (2473, '.', 41, 412666.01, 134485.60, 1572.91);
insert into STATION values (2474, '.', 41, 412667.77, 134480.93, 1572.63);
insert into STATION values (2475, '.', 41, 412666.56, 134482.12, 1575.63);
insert into STATION values (2476, '.', 41, 412666.37, 134482.59, 1581.14);
insert into STATION values (2477, '.', 41, 412661.01, 134488.47, 1581.84);
insert into STATION values (2478, '.', 41, 412657.06, 134492.29, 1583.60);
insert into STATION values (2479, '.', 41, 412657.94, 134494.16, 1580.60);
insert into STATION values (2480, '.', 41, 412658.81, 134493.40, 1576.64);
insert into STATION values (2481, '.', 41, 412662.23, 134489.09, 1573.77);
insert into STATION values (2482, '.', 41, 412662.68, 134486.53, 1572.43);
insert into STATION values (2483, '2.78', 41, 412657.44, 134492.64, 1578.56);
insert into STATION values (2484, '.', 41, 412657.48, 134492.50, 1582.09);
insert into STATION values (2485, '.', 41, 412657.90, 134492.82, 1579.94);
insert into STATION values (2486, '.', 41, 412658.33, 134492.91, 1578.87);
insert into STATION values (2487, '.', 41, 412658.94, 134492.91, 1577.20);
insert into STATION values (2488, '.', 41, 412658.04, 134492.80, 1576.92);
insert into STATION values (2489, '.', 41, 412657.78, 134486.42, 1584.21);
insert into STATION values (2490, '.', 41, 412658.60, 134488.51, 1581.47);
insert into STATION values (2491, '.', 41, 412662.72, 134483.71, 1580.80);
insert into STATION values (2492, '.', 41, 412663.52, 134482.22, 1577.48);
insert into STATION values (2493, '.', 41, 412666.57, 134480.54, 1571.81);
insert into STATION values (2494, '2.79', 41, 412652.42, 134503.43, 1574.44);
insert into STATION values (2495, '.', 41, 412646.33, 134512.00, 1574.87);
insert into STATION values (2496, '.', 41, 412650.33, 134505.15, 1577.01);
insert into STATION values (2497, '.', 41, 412651.95, 134502.99, 1577.07);
insert into STATION values (2498, '.', 41, 412652.78, 134501.98, 1576.82);
insert into STATION values (2499, '.', 41, 412653.24, 134500.84, 1576.24);
insert into STATION values (2500, '.', 41, 412652.55, 134503.08, 1574.64);
insert into STATION values (2501, '.', 41, 412651.58, 134502.88, 1575.01);
insert into STATION values (2502, '.', 41, 412651.13, 134502.34, 1574.58);
insert into STATION values (2503, '2.80', 41, 412649.82, 134501.47, 1573.84);
insert into STATION values (2504, '.', 41, 412647.85, 134501.08, 1573.92);
insert into STATION values (2505, '.', 41, 412648.50, 134501.30, 1572.87);
insert into STATION values (2506, '.', 41, 412649.20, 134500.81, 1572.25);
insert into STATION values (2507, '.', 41, 412654.04, 134501.11, 1574.52);
insert into STATION values (2508, '.', 41, 412650.11, 134502.49, 1573.84);
insert into STATION values (2509, '.', 41, 412652.15, 134504.14, 1574.69);
insert into STATION values (2510, '.', 41, 412649.47, 134498.55, 1571.96);
insert into STATION values (2511, '.', 41, 412650.36, 134500.22, 1573.49);
insert into STATION values (2512, '2.81', 41, 412650.13, 134497.25, 1572.29);
insert into STATION values (2513, '.', 41, 412650.55, 134497.02, 1572.34);
insert into STATION values (2514, '.', 41, 412650.76, 134496.96, 1572.94);
insert into STATION values (2515, '.', 41, 412650.25, 134497.10, 1573.83);
insert into STATION values (2516, '.', 41, 412650.38, 134497.25, 1571.24);
insert into STATION values (2517, '.', 41, 412649.57, 134501.73, 1572.82);
insert into STATION values (2518, '.', 41, 412649.43, 134495.27, 1572.25);
insert into STATION values (2519, '.', 41, 412648.42, 134494.48, 1571.61);
insert into STATION values (2520, '.', 41, 412649.16, 134495.09, 1567.62);
insert into STATION values (2521, '2.82', 41, 412648.48, 134494.41, 1570.90);
insert into STATION values (2522, '.', 41, 412649.27, 134493.93, 1570.94);
insert into STATION values (2523, '.', 41, 412649.18, 134493.93, 1571.78);
insert into STATION values (2524, '.', 41, 412648.76, 134494.74, 1572.87);
insert into STATION values (2525, '.', 41, 412649.23, 134494.16, 1569.26);
insert into STATION values (2526, '.', 41, 412650.63, 134494.38, 1564.67);
insert into STATION values (2527, '.', 41, 412649.43, 134496.89, 1571.27);
insert into STATION values (2528, '.', 41, 412650.13, 134497.15, 1570.37);
insert into STATION values (2529, '.', 41, 412650.22, 134496.19, 1568.10);
insert into STATION values (2530, '.', 41, 412650.55, 134496.81, 1571.12);
insert into STATION values (2531, '.', 41, 412647.70, 134492.16, 1571.13);
insert into STATION values (2532, '2.83', 41, 412648.39, 134491.35, 1570.90);
insert into STATION values (2533, '.', 41, 412648.86, 134491.37, 1570.94);
insert into STATION values (2534, '.', 41, 412647.50, 134491.28, 1576.42);
insert into STATION values (2535, '.', 41, 412651.23, 134491.92, 1563.69);
insert into STATION values (2536, '.', 41, 412648.40, 134494.15, 1570.85);
insert into STATION values (2537, '.', 41, 412647.85, 134491.17, 1572.54);
insert into STATION values (2538, '.', 41, 412648.41, 134491.35, 1572.49);
insert into STATION values (2539, '.', 41, 412648.58, 134487.41, 1572.16);
insert into STATION values (2540, '.', 41, 412648.33, 134487.00, 1573.23);
insert into STATION values (2541, '.', 41, 412647.77, 134486.65, 1576.10);
insert into STATION values (2542, '.', 41, 412647.72, 134487.78, 1576.31);
insert into STATION values (2543, '.', 41, 412647.69, 134488.95, 1576.16);
insert into STATION values (2544, '2.84', 41, 412648.45, 134487.75, 1573.08);
insert into STATION values (2545, '.', 41, 412647.99, 134487.47, 1573.04);
insert into STATION values (2546, '.', 41, 412647.86, 134487.44, 1576.68);
insert into STATION values (2547, '.', 41, 412648.88, 134487.19, 1569.98);
insert into STATION values (2548, '.', 41, 412647.95, 134491.53, 1573.81);
insert into STATION values (2549, '.', 41, 412647.35, 134490.39, 1576.94);
insert into STATION values (2550, '.', 41, 412647.84, 134487.74, 1575.06);
insert into STATION values (2551, '.', 41, 412650.17, 134487.33, 1567.94);
insert into STATION values (2552, '.', 41, 412647.79, 134487.36, 1571.82);
insert into STATION values (2553, '.', 41, 412647.55, 134487.37, 1574.22);
insert into STATION values (2554, '2.85', 41, 412647.86, 134484.89, 1573.07);
insert into STATION values (2555, '.', 41, 412648.13, 134484.94, 1574.73);
insert into STATION values (2556, '.', 41, 412648.17, 134484.94, 1574.50);
insert into STATION values (2557, '.', 41, 412649.33, 134482.34, 1573.31);
insert into STATION values (2558, '.', 41, 412648.46, 134489.77, 1574.03);
insert into STATION values (2559, '.', 41, 412648.39, 134485.77, 1573.40);
insert into STATION values (2560, '.', 41, 412648.68, 134485.05, 1573.30);
insert into STATION values (2561, '.', 41, 412648.71, 134484.76, 1571.90);
insert into STATION values (2562, '.', 41, 412649.26, 134482.46, 1573.91);
insert into STATION values (2563, '.', 41, 412649.48, 134482.11, 1573.41);
insert into STATION values (2564, '.', 41, 412648.60, 134483.54, 1573.21);
insert into STATION values (2565, '.', 41, 412649.27, 134482.31, 1571.93);
insert into STATION values (2566, '.', 41, 412649.73, 134483.07, 1571.25);
insert into STATION values (2567, '2.86', 41, 412649.25, 134483.29, 1572.46);
insert into STATION values (2568, '.', 41, 412648.91, 134483.04, 1572.50);
insert into STATION values (2569, '.', 41, 412648.99, 134482.90, 1571.83);
insert into STATION values (2570, '.', 41, 412648.57, 134483.13, 1574.83);
insert into STATION values (2571, '.', 41, 412650.33, 134479.45, 1573.51);
insert into STATION values (2572, '.', 41, 412650.46, 134477.86, 1574.21);
insert into STATION values (2573, '.', 41, 412649.74, 134480.38, 1571.73);
insert into STATION values (2574, '.', 41, 412651.95, 134473.19, 1572.00);
insert into STATION values (2575, '.', 41, 412647.83, 134486.43, 1573.46);
insert into STATION values (2576, '2.87', 41, 412650.02, 134479.83, 1572.13);
insert into STATION values (2577, '.', 41, 412649.88, 134479.80, 1574.12);
insert into STATION values (2578, '.', 41, 412650.22, 134479.96, 1572.87);
insert into STATION values (2579, '.', 41, 412650.55, 134479.90, 1572.11);
insert into STATION values (2580, '.', 41, 412650.80, 134480.21, 1571.26);
insert into STATION values (2581, '.', 41, 412651.39, 134474.17, 1571.14);
insert into STATION values (2582, '.', 41, 412651.17, 134474.44, 1571.81);
insert into STATION values (2583, '.', 41, 412650.74, 134476.39, 1572.57);
insert into STATION values (2584, '.', 41, 412649.93, 134480.17, 1574.09);
insert into STATION values (2585, '.', 41, 412650.15, 134480.81, 1573.07);
insert into STATION values (2586, '.', 41, 412649.65, 134482.79, 1572.90);
insert into STATION values (2587, '.', 41, 412648.96, 134484.77, 1573.30);
insert into STATION values (2588, '.', 41, 412648.21, 134487.55, 1572.31);
insert into STATION values (2589, '.', 41, 412648.84, 134484.10, 1571.82);
insert into STATION values (2590, '2.88', 41, 412650.51, 134476.29, 1571.56);
insert into STATION values (2591, '.', 41, 412650.97, 134476.31, 1571.57);
insert into STATION values (2592, '.', 41, 412650.57, 134476.24, 1572.52);
insert into STATION values (2593, '.', 41, 412651.14, 134476.50, 1569.81);
insert into STATION values (2594, '.', 41, 412652.02, 134474.60, 1568.42);
insert into STATION values (2595, '.', 41, 412652.15, 134474.18, 1568.66);
insert into STATION values (2596, '.', 41, 412652.55, 134472.44, 1570.81);
insert into STATION values (2597, '.', 41, 412651.37, 134473.92, 1572.38);
insert into STATION values (2598, '.', 41, 412649.38, 134482.94, 1572.66);
insert into STATION values (2599, '.', 41, 412650.33, 134482.22, 1570.01);
insert into STATION values (2600, '.', 41, 412651.09, 134483.46, 1566.46);
insert into STATION values (2601, '2.89', 41, 412652.23, 134473.31, 1569.60);
insert into STATION values (2602, '.', 41, 412652.76, 134473.62, 1569.60);
insert into STATION values (2603, '.', 41, 412652.53, 134473.53, 1570.38);
insert into STATION values (2604, '.', 41, 412651.67, 134473.71, 1572.22);
insert into STATION values (2605, '.', 41, 412654.19, 134474.31, 1563.87);
insert into STATION values (2606, '.', 41, 412653.88, 134469.38, 1566.63);
insert into STATION values (2607, '.', 41, 412654.97, 134469.93, 1565.04);
insert into STATION values (2608, '2.90', 41, 412654.54, 134471.59, 1565.60);
insert into STATION values (2609, '.', 41, 412655.18, 134471.96, 1565.54);
insert into STATION values (2610, '.', 41, 412654.51, 134474.27, 1565.45);
insert into STATION values (2611, '.', 41, 412652.23, 134477.33, 1565.34);
insert into STATION values (2612, '.', 41, 412653.51, 134472.25, 1565.62);
insert into STATION values (2613, '.', 41, 412652.97, 134471.06, 1565.59);
insert into STATION values (2614, '.', 41, 412652.27, 134471.29, 1567.78);
insert into STATION values (2615, '.', 41, 412652.46, 134472.66, 1571.48);
insert into STATION values (2616, '.', 41, 412654.43, 134472.19, 1568.08);
insert into STATION values (2617, '.', 41, 412654.96, 134471.95, 1566.95);
insert into STATION values (2618, '.', 41, 412653.66, 134473.86, 1562.62);
insert into STATION values (2619, '.', 41, 412653.20, 134475.62, 1561.55);
insert into STATION values (2620, '.', 41, 412651.54, 134476.78, 1563.68);
insert into STATION values (2621, '2.91', 41, 412653.15, 134476.31, 1562.87);
insert into STATION values (2622, '.', 41, 412650.97, 134476.13, 1563.11);
insert into STATION values (2623, '.', 41, 412650.52, 134476.69, 1563.09);
insert into STATION values (2624, '.', 41, 412648.44, 134476.18, 1564.23);
insert into STATION values (2625, '.', 41, 412644.95, 134474.66, 1569.52);
insert into STATION values (2626, '.', 41, 412648.62, 134475.33, 1567.37);
insert into STATION values (2627, '.', 41, 412652.16, 134475.93, 1565.63);
insert into STATION values (2628, '.', 41, 412651.09, 134475.60, 1570.17);
insert into STATION values (2629, '.', 41, 412652.86, 134475.92, 1566.25);
insert into STATION values (2630, '.', 41, 412652.03, 134479.62, 1563.21);
insert into STATION values (2631, '.', 41, 412652.38, 134479.06, 1562.21);
insert into STATION values (2632, '.', 41, 412653.86, 134475.73, 1562.93);
insert into STATION values (2633, '.', 41, 412653.10, 134476.27, 1559.64);
insert into STATION values (2634, '.', 41, 412653.12, 134476.87, 1558.15);
insert into STATION values (2635, '2.92', 41, 412653.21, 134476.67, 1559.52);
insert into STATION values (2636, '.', 41, 412653.68, 134477.05, 1559.54);
insert into STATION values (2637, '.', 41, 412653.10, 134479.85, 1559.73);
insert into STATION values (2638, '.', 41, 412653.11, 134477.29, 1559.54);
insert into STATION values (2639, '.', 41, 412652.78, 134477.06, 1559.52);
insert into STATION values (2640, '.', 41, 412649.83, 134476.97, 1559.16);
insert into STATION values (2641, '.', 41, 412650.40, 134476.70, 1560.51);
insert into STATION values (2642, '.', 41, 412651.99, 134476.34, 1561.52);
insert into STATION values (2643, '.', 41, 412652.82, 134476.59, 1560.81);
insert into STATION values (2644, '.', 41, 412652.99, 134476.01, 1564.95);
insert into STATION values (2645, '.', 41, 412653.27, 134477.52, 1560.75);
insert into STATION values (2646, '2.93', 41, 412651.47, 134476.56, 1558.89);
insert into STATION values (2647, '2.93', 45, 412651.47, 134476.56, 1558.89);
insert into STATION values (2648, '.', 45, 412651.48, 134477.19, 1558.88);
insert into STATION values (2649, '.', 45, 412650.05, 134477.43, 1558.86);
insert into STATION values (2650, '.', 45, 412647.10, 134475.25, 1558.40);
insert into STATION values (2651, '.', 45, 412645.68, 134474.15, 1558.38);
insert into STATION values (2652, '.', 45, 412647.52, 134475.53, 1559.67);
insert into STATION values (2653, '.', 45, 412649.61, 134476.42, 1560.34);
insert into STATION values (2654, '.', 45, 412651.66, 134476.85, 1559.75);
insert into STATION values (2655, '.', 45, 412652.45, 134477.04, 1559.17);
insert into STATION values (2656, '.', 45, 412651.48, 134476.73, 1554.38);
insert into STATION values (2657, '.', 45, 412650.21, 134476.58, 1554.22);
insert into STATION values (2658, '.', 45, 412648.46, 134476.12, 1550.17);
insert into STATION values (2659, '.', 45, 412645.76, 134474.29, 1546.98);
insert into STATION values (2660, '2.94', 45, 412647.75, 134475.93, 1554.98);
insert into STATION values (2661, '.', 45, 412648.23, 134475.61, 1555.01);
insert into STATION values (2662, '.', 45, 412647.76, 134474.89, 1555.00);
insert into STATION values (2663, '.', 45, 412647.16, 134473.30, 1554.80);
insert into STATION values (2664, '.', 45, 412646.28, 134473.08, 1554.83);
insert into STATION values (2665, '.', 45, 412648.05, 134476.59, 1555.03);
insert into STATION values (2666, '.', 45, 412650.21, 134477.57, 1555.33);
insert into STATION values (2667, '.', 45, 412652.02, 134476.44, 1555.58);
insert into STATION values (2668, '.', 45, 412648.09, 134475.88, 1549.91);
insert into STATION values (2669, '.', 45, 412648.69, 134475.67, 1551.50);
insert into STATION values (2670, '.', 45, 412647.13, 134474.52, 1548.38);
insert into STATION values (2671, '.', 45, 412645.62, 134472.21, 1546.67);
insert into STATION values (2672, '.', 45, 412644.29, 134471.04, 1546.31);
insert into STATION values (2673, '.', 45, 412639.66, 134464.98, 1538.64);
insert into STATION values (2674, '.', 45, 412638.72, 134462.57, 1538.90);
insert into STATION values (2675, '.', 45, 412642.24, 134467.70, 1548.71);
insert into STATION values (2676, '2.95', 45, 412642.97, 134470.31, 1547.08);
insert into STATION values (2677, '.', 45, 412643.87, 134473.72, 1547.26);
insert into STATION values (2678, '.', 45, 412645.84, 134474.19, 1547.15);
insert into STATION values (2679, '.', 45, 412645.38, 134471.67, 1547.07);
insert into STATION values (2680, '.', 45, 412644.48, 134469.64, 1547.03);
insert into STATION values (2681, '.', 45, 412643.67, 134468.58, 1547.07);
insert into STATION values (2682, '.', 45, 412644.69, 134464.49, 1546.96);
insert into STATION values (2683, '.', 45, 412643.14, 134466.23, 1546.97);
insert into STATION values (2684, '.', 45, 412641.75, 134467.32, 1547.26);
insert into STATION values (2685, '.', 45, 412642.38, 134470.23, 1547.18);
insert into STATION values (2686, '.', 45, 412645.33, 134468.88, 1548.98);
insert into STATION values (2687, '.', 45, 412644.10, 134470.20, 1557.12);
insert into STATION values (2688, '.', 45, 412642.62, 134470.88, 1551.50);
insert into STATION values (2689, '.', 45, 412642.33, 134470.92, 1548.66);
insert into STATION values (2690, '.', 45, 412644.44, 134469.27, 1543.74);
insert into STATION values (2691, '.', 45, 412644.63, 134468.90, 1537.90);
insert into STATION values (2692, '.', 45, 412643.47, 134468.95, 1533.99);
insert into STATION values (2693, '.', 45, 412641.31, 134470.97, 1535.73);
insert into STATION values (2694, '.', 45, 412640.89, 134470.96, 1540.29);
insert into STATION values (2695, '2.96', 45, 412642.25, 134465.77, 1534.42);
insert into STATION values (2696, '.', 45, 412642.90, 134469.63, 1534.25);
insert into STATION values (2697, '.', 45, 412640.07, 134469.28, 1534.64);
insert into STATION values (2698, '.', 45, 412639.49, 134465.10, 1534.11);
insert into STATION values (2699, '.', 45, 412639.57, 134467.01, 1534.31);
insert into STATION values (2700, '.', 45, 412637.39, 134462.34, 1533.49);
insert into STATION values (2701, '.', 45, 412640.52, 134462.06, 1534.46);
insert into STATION values (2702, '.', 45, 412644.12, 134470.67, 1538.77);
insert into STATION values (2703, '.', 45, 412643.96, 134470.99, 1543.77);
insert into STATION values (2704, '.', 45, 412644.48, 134471.30, 1559.25);
insert into STATION values (2705, '.', 45, 412641.22, 134464.88, 1542.47);
insert into STATION values (2706, '.', 45, 412639.02, 134462.07, 1538.82);
insert into STATION values (2707, '.', 45, 412632.18, 134456.00, 1527.51);
insert into STATION values (2708, '.', 45, 412636.57, 134460.27, 1531.06);
insert into STATION values (2709, '.', 45, 412632.35, 134455.69, 1524.27);
insert into STATION values (2710, '.', 45, 412631.98, 134456.39, 1524.61);
insert into STATION values (2711, '.', 45, 412632.89, 134458.03, 1521.90);
insert into STATION values (2712, '.', 45, 412633.94, 134458.21, 1517.19);
insert into STATION values (2713, '.', 45, 412634.05, 134459.88, 1515.48);
insert into STATION values (2714, '2.97', 45, 412639.00, 134461.78, 1529.63);
insert into STATION values (2715, '.', 45, 412637.53, 134459.70, 1528.32);
insert into STATION values (2716, '.', 45, 412637.47, 134459.60, 1528.26);
insert into STATION values (2717, '2.98', 45, 412637.46, 134459.60, 1528.25);
insert into STATION values (2718, '.', 45, 412638.64, 134459.95, 1528.27);
insert into STATION values (2719, '.', 45, 412638.65, 134461.27, 1528.13);
insert into STATION values (2720, '.', 45, 412639.78, 134468.47, 1528.27);
insert into STATION values (2721, '.', 45, 412638.13, 134464.63, 1528.45);
insert into STATION values (2722, '.', 45, 412635.86, 134461.91, 1528.67);
insert into STATION values (2723, '.', 45, 412630.21, 134460.59, 1528.57);
insert into STATION values (2724, '.', 45, 412631.24, 134457.97, 1527.93);
insert into STATION values (2725, '.', 45, 412632.18, 134455.58, 1527.65);
insert into STATION values (2726, '.', 45, 412630.80, 134457.14, 1539.36);
insert into STATION values (2727, '.', 45, 412630.89, 134457.92, 1534.48);
insert into STATION values (2728, '.', 45, 412631.46, 134459.71, 1524.75);
insert into STATION values (2729, '.', 45, 412633.90, 134458.28, 1520.41);
insert into STATION values (2730, '2.99', 45, 412636.47, 134459.18, 1521.88);
insert into STATION values (2731, '.', 45, 412638.48, 134463.60, 1522.14);
insert into STATION values (2732, '.', 45, 412636.35, 134462.83, 1522.18);
insert into STATION values (2733, '.', 45, 412635.17, 134461.17, 1522.03);
insert into STATION values (2734, '.', 45, 412633.20, 134460.25, 1521.88);
insert into STATION values (2735, '.', 45, 412632.88, 134457.16, 1522.07);
insert into STATION values (2736, '.', 45, 412633.12, 134451.82, 1522.42);
insert into STATION values (2737, '.', 45, 412634.52, 134457.90, 1538.80);
insert into STATION values (2738, '.', 45, 412630.74, 134458.71, 1535.23);
insert into STATION values (2739, '.', 45, 412630.68, 134459.49, 1528.24);
insert into STATION values (2740, '.', 45, 412633.50, 134458.66, 1520.31);
insert into STATION values (2741, '.', 45, 412633.69, 134458.26, 1517.05);
insert into STATION values (2742, '.', 45, 412635.71, 134458.36, 1512.03);
insert into STATION values (2743, '.', 45, 412635.80, 134457.15, 1514.07);
insert into STATION values (2744, '.', 45, 412635.25, 134453.40, 1513.39);
insert into STATION values (2745, '.', 45, 412634.69, 134452.39, 1513.94);
insert into STATION values (2746, '.', 45, 412636.17, 134462.70, 1515.96);
insert into STATION values (2747, '.', 45, 412634.71, 134463.28, 1509.73);
insert into STATION values (2748, '.', 45, 412635.19, 134462.71, 1510.34);
insert into STATION values (2749, '2.100', 45, 412636.06, 134456.14, 1514.95);
insert into STATION values (2750, '.', 45, 412636.66, 134448.15, 1515.42);
insert into STATION values (2751, '.', 45, 412635.04, 134452.24, 1515.01);
insert into STATION values (2752, '.', 45, 412634.85, 134455.94, 1514.94);
insert into STATION values (2753, '.', 45, 412634.77, 134457.15, 1514.90);
insert into STATION values (2754, '.', 45, 412634.24, 134460.55, 1514.92);
insert into STATION values (2755, '.', 45, 412634.04, 134463.81, 1514.81);
insert into STATION values (2756, '.', 45, 412636.89, 134461.47, 1514.72);
insert into STATION values (2757, '.', 45, 412637.10, 134457.08, 1515.16);
insert into STATION values (2758, '.', 45, 412637.51, 134453.29, 1515.56);
insert into STATION values (2759, '.', 45, 412637.20, 134455.67, 1515.24);
insert into STATION values (2760, '.', 45, 412635.97, 134447.12, 1519.42);
insert into STATION values (2761, '.', 45, 412635.13, 134443.93, 1532.01);
insert into STATION values (2762, '.', 45, 412635.33, 134453.45, 1527.35);
insert into STATION values (2763, '.', 45, 412635.42, 134454.38, 1542.83);
insert into STATION values (2764, '.', 45, 412630.59, 134465.77, 1540.32);
insert into STATION values (2765, '.', 45, 412634.80, 134460.86, 1521.63);
insert into STATION values (2766, '.', 45, 412633.10, 134466.38, 1520.37);
insert into STATION values (2767, '2.79', 53, 412652.42, 134503.43, 1574.44);
insert into STATION values (2768, '.', 53, 412652.42, 134503.43, 1574.44);
insert into STATION values (2769, '3.0', 53, 412647.09, 134511.60, 1574.87);
insert into STATION values (2770, '.', 53, 412646.87, 134511.78, 1575.88);
insert into STATION values (2771, '.', 53, 412646.36, 134511.44, 1575.72);
insert into STATION values (2772, '.', 53, 412646.76, 134511.30, 1574.97);
insert into STATION values (2773, '.', 53, 412646.65, 134511.21, 1574.53);
insert into STATION values (2774, '.', 53, 412646.76, 134511.37, 1574.10);
insert into STATION values (2775, '.', 53, 412646.77, 134511.47, 1573.87);
insert into STATION values (2776, '.', 53, 412646.94, 134511.54, 1573.59);
insert into STATION values (2777, '.', 53, 412646.92, 134511.62, 1571.98);
insert into STATION values (2778, '.', 53, 412647.07, 134511.69, 1573.21);
insert into STATION values (2779, '.', 53, 412642.34, 134516.93, 1574.76);
insert into STATION values (2780, '.', 53, 412639.97, 134520.46, 1574.34);
insert into STATION values (2781, '.', 53, 412645.59, 134513.02, 1574.75);
insert into STATION values (2782, '.', 53, 412645.74, 134512.72, 1574.65);
insert into STATION values (2783, '.', 53, 412642.34, 134516.75, 1575.20);
insert into STATION values (2784, '.', 53, 412644.44, 134514.42, 1573.92);
insert into STATION values (2785, '.', 53, 412644.54, 134514.53, 1572.95);
insert into STATION values (2786, '.', 53, 412648.31, 134509.83, 1576.15);
insert into STATION values (2787, '.', 53, 412649.72, 134508.11, 1576.31);
insert into STATION values (2788, '.', 53, 412649.01, 134509.17, 1574.99);
insert into STATION values (2789, '.', 53, 412648.75, 134509.08, 1574.86);
insert into STATION values (2790, '.', 53, 412648.21, 134510.44, 1574.74);
insert into STATION values (2791, '.', 53, 412647.75, 134510.30, 1574.84);
insert into STATION values (2792, '.', 53, 412648.20, 134510.25, 1574.39);
insert into STATION values (2793, '.', 53, 412649.94, 134507.61, 1572.37);
insert into STATION values (2794, '.', 53, 412649.20, 134508.44, 1571.44);
insert into STATION values (2795, '.', 53, 412648.68, 134509.47, 1571.95);
insert into STATION values (2796, '.', 53, 412650.73, 134506.14, 1572.11);
insert into STATION values (2797, '.', 53, 412650.29, 134506.67, 1576.71);
insert into STATION values (2798, '.', 53, 412648.80, 134508.60, 1577.38);
insert into STATION values (2799, '.', 53, 412648.01, 134509.50, 1577.40);
insert into STATION values (2800, '.', 53, 412646.95, 134510.79, 1576.84);
insert into STATION values (2801, '.', 53, 412646.75, 134511.18, 1576.23);
insert into STATION values (2802, '3.1', 53, 412641.24, 134518.46, 1574.96);
insert into STATION values (2803, '.', 53, 412644.63, 134513.19, 1576.27);
insert into STATION values (2804, '.', 53, 412644.93, 134513.86, 1575.13);
insert into STATION values (2805, '.', 53, 412644.42, 134515.63, 1574.75);
insert into STATION values (2806, '.', 53, 412644.57, 134515.54, 1574.08);
insert into STATION values (2807, '.', 53, 412644.23, 134516.46, 1573.42);
insert into STATION values (2808, '.', 53, 412642.28, 134517.99, 1574.74);
insert into STATION values (2809, '.', 53, 412642.93, 134516.28, 1574.83);
insert into STATION values (2810, '.', 53, 412641.48, 134517.78, 1574.98);
insert into STATION values (2811, '.', 53, 412641.79, 134517.55, 1575.28);
insert into STATION values (2812, '.', 53, 412648.41, 134507.80, 1578.87);
insert into STATION values (2813, '.', 53, 412641.54, 134517.93, 1575.80);
insert into STATION values (2814, '.', 53, 412641.12, 134518.42, 1576.40);
insert into STATION values (2815, '.', 53, 412640.04, 134519.39, 1577.29);
insert into STATION values (2816, '.', 53, 412640.49, 134520.87, 1575.48);
insert into STATION values (2817, '.', 53, 412640.59, 134522.35, 1574.10);
insert into STATION values (2818, '.', 53, 412641.49, 134520.02, 1573.96);
insert into STATION values (2819, '.', 53, 412641.56, 134519.01, 1574.78);
insert into STATION values (2820, '.', 53, 412641.64, 134518.86, 1575.02);
insert into STATION values (2821, '.', 53, 412641.82, 134518.54, 1575.18);
insert into STATION values (2822, '.', 53, 412641.24, 134519.63, 1575.18);
insert into STATION values (2823, '.', 53, 412640.33, 134519.50, 1575.73);
insert into STATION values (2824, '.', 53, 412640.45, 134518.36, 1575.82);
insert into STATION values (2825, '.', 53, 412641.49, 134519.00, 1574.03);
insert into STATION values (2826, '.', 53, 412641.24, 134518.64, 1574.19);
insert into STATION values (2827, '.', 53, 412641.73, 134519.55, 1573.91);
insert into STATION values (2828, '.', 53, 412640.52, 134520.94, 1575.04);
insert into STATION values (2829, '.', 53, 412640.67, 134522.36, 1573.85);
insert into STATION values (2830, '.', 53, 412641.76, 134518.32, 1575.31);
insert into STATION values (2831, '.', 53, 412641.88, 134518.79, 1574.85);
insert into STATION values (2832, '.', 53, 412642.53, 134518.88, 1573.79);
insert into STATION values (2833, '.', 53, 412644.11, 134516.71, 1573.60);
insert into STATION values (2834, '3.2', 53, 412639.61, 134519.14, 1576.30);
insert into STATION values (2835, '.', 53, 412639.13, 134518.85, 1576.60);
insert into STATION values (2836, '.', 53, 412638.77, 134517.89, 1576.64);
insert into STATION values (2837, '.', 53, 412639.50, 134518.04, 1576.60);
insert into STATION values (2838, '.', 53, 412639.93, 134518.23, 1576.72);
insert into STATION values (2839, '.', 53, 412640.18, 134518.34, 1576.87);
insert into STATION values (2840, '.', 53, 412639.58, 134518.12, 1578.09);
insert into STATION values (2841, '.', 53, 412639.43, 134517.34, 1581.12);
insert into STATION values (2842, '.', 53, 412639.68, 134518.24, 1579.82);
insert into STATION values (2843, '.', 53, 412639.48, 134517.68, 1579.66);
insert into STATION values (2844, '.', 53, 412639.90, 134518.76, 1578.27);
insert into STATION values (2845, '.', 53, 412639.29, 134519.41, 1577.43);
insert into STATION values (2846, '.', 53, 412640.36, 134519.05, 1577.70);
insert into STATION values (2847, '.', 53, 412640.26, 134519.31, 1577.27);
insert into STATION values (2848, '.', 53, 412640.32, 134519.15, 1577.33);
insert into STATION values (2849, '.', 53, 412640.24, 134518.64, 1577.09);
insert into STATION values (2850, '.', 53, 412640.01, 134518.30, 1576.95);
insert into STATION values (2851, '.', 53, 412640.18, 134518.57, 1576.70);
insert into STATION values (2852, '.', 53, 412640.18, 134518.61, 1576.16);
insert into STATION values (2853, '.', 53, 412639.42, 134518.63, 1574.86);
insert into STATION values (2854, '.', 53, 412639.96, 134519.18, 1574.99);
insert into STATION values (2855, '2.91', 57, 412653.15, 134476.31, 1562.87);
insert into STATION values (2856, '.', 57, 412653.15, 134476.31, 1562.87);
insert into STATION values (2857, '.', 57, 412649.58, 134475.77, 1567.03);
insert into STATION values (2858, '.', 57, 412651.26, 134475.12, 1566.00);
insert into STATION values (2859, '.', 57, 412650.75, 134475.27, 1565.45);
insert into STATION values (2860, '.', 57, 412649.14, 134476.24, 1567.31);
insert into STATION values (2861, '.', 57, 412650.71, 134476.76, 1565.41);
insert into STATION values (2862, '.', 57, 412651.23, 134476.85, 1564.36);
insert into STATION values (2863, '.', 57, 412651.81, 134475.88, 1563.75);
insert into STATION values (2864, '.', 57, 412652.12, 134475.53, 1563.35);
insert into STATION values (2865, '.', 57, 412652.39, 134475.53, 1562.89);
insert into STATION values (2866, '.', 57, 412652.02, 134476.78, 1562.91);
insert into STATION values (2867, '.', 57, 412652.31, 134476.73, 1562.87);
insert into STATION values (2868, '.', 57, 412652.31, 134476.62, 1562.56);
insert into STATION values (2869, '.', 57, 412652.21, 134476.66, 1561.85);
insert into STATION values (2870, '.', 57, 412652.41, 134475.97, 1562.07);
insert into STATION values (2871, '2.101', 57, 412648.31, 134475.42, 1566.56);
insert into STATION values (2872, '.', 57, 412648.20, 134475.43, 1567.66);
insert into STATION values (2873, '.', 57, 412647.69, 134475.56, 1568.48);
insert into STATION values (2874, '.', 57, 412646.45, 134476.01, 1569.15);
insert into STATION values (2875, '.', 57, 412645.78, 134476.20, 1568.60);
insert into STATION values (2876, '.', 57, 412646.91, 134475.78, 1566.84);
insert into STATION values (2877, '.', 57, 412647.17, 134475.69, 1566.22);
insert into STATION values (2878, '.', 57, 412647.27, 134475.79, 1565.90);
insert into STATION values (2879, '.', 57, 412646.83, 134474.32, 1566.65);
insert into STATION values (2880, '.', 57, 412647.02, 134475.58, 1566.89);
insert into STATION values (2881, '.', 57, 412647.02, 134475.24, 1566.74);
insert into STATION values (2882, '.', 57, 412647.14, 134476.39, 1566.81);
insert into STATION values (2883, '.', 57, 412647.41, 134476.78, 1566.76);
insert into STATION values (2884, '.', 57, 412647.79, 134476.75, 1566.67);
insert into STATION values (2885, '.', 57, 412648.44, 134476.90, 1566.66);
insert into STATION values (2886, '.', 57, 412648.74, 134477.22, 1567.09);
insert into STATION values (2887, '.', 57, 412649.99, 134476.87, 1566.10);
insert into STATION values (2888, '.', 57, 412651.93, 134476.78, 1565.11);
insert into STATION values (2889, '.', 57, 412653.07, 134476.63, 1564.39);
insert into STATION values (2890, '.', 57, 412649.62, 134476.84, 1564.75);
insert into STATION values (2891, '.', 57, 412649.06, 134475.94, 1565.33);
insert into STATION values (2892, '.', 57, 412650.84, 134476.51, 1563.30);
insert into STATION values (2893, '.', 57, 412650.09, 134475.45, 1565.89);
insert into STATION values (2894, '.', 57, 412650.03, 134475.20, 1566.27);
insert into STATION values (2895, '.', 57, 412648.65, 134475.73, 1566.01);
insert into STATION values (2896, '.', 57, 412648.37, 134476.76, 1565.38);
insert into STATION values (2897, '.', 57, 412646.50, 134474.19, 1566.19);
insert into STATION values (2898, '.', 57, 412645.73, 134474.32, 1566.25);
insert into STATION values (2899, '2.102', 57, 412642.65, 134471.65, 1566.30);
insert into STATION values (2900, '.', 57, 412646.60, 134473.14, 1566.58);
insert into STATION values (2901, '.', 57, 412646.08, 134473.01, 1566.12);
insert into STATION values (2902, '.', 57, 412645.82, 134472.25, 1565.90);
insert into STATION values (2903, '.', 57, 412644.48, 134471.73, 1566.16);
insert into STATION values (2904, '.', 57, 412644.06, 134471.54, 1566.18);
insert into STATION values (2905, '.', 57, 412643.99, 134473.21, 1566.33);
insert into STATION values (2906, '.', 57, 412643.10, 134472.99, 1566.31);
insert into STATION values (2907, '.', 57, 412642.72, 134472.90, 1566.37);
insert into STATION values (2908, '.', 57, 412644.98, 134474.05, 1571.45);
insert into STATION values (2909, '.', 57, 412645.99, 134473.78, 1569.85);
insert into STATION values (2910, '.', 57, 412647.18, 134474.30, 1568.39);
insert into STATION values (2911, '.', 57, 412643.36, 134471.53, 1566.52);
insert into STATION values (2912, '.', 57, 412645.79, 134471.26, 1566.09);
insert into STATION values (2913, '.', 57, 412646.07, 134472.26, 1565.10);
insert into STATION values (2914, '.', 57, 412643.10, 134471.84, 1565.50);
insert into STATION values (2915, '.', 57, 412644.13, 134472.28, 1564.62);
insert into STATION values (2916, '.', 57, 412645.78, 134473.05, 1564.29);
insert into STATION values (2917, '.', 57, 412646.16, 134473.20, 1565.28);
insert into STATION values (2918, '.', 57, 412644.25, 134474.30, 1564.55);
insert into STATION values (2919, '.', 57, 412645.23, 134475.14, 1564.60);
insert into STATION values (2920, '.', 57, 412642.91, 134473.00, 1565.29);
insert into STATION values (2921, '.', 57, 412642.79, 134472.88, 1565.81);
insert into STATION values (2922, '.', 57, 412642.36, 134473.09, 1566.59);
insert into STATION values (2923, '.', 57, 412642.62, 134473.36, 1572.21);
insert into STATION values (2924, '.', 57, 412644.24, 134473.15, 1572.13);
insert into STATION values (2925, '.', 57, 412645.08, 134473.34, 1571.28);
insert into STATION values (2926, '.', 57, 412642.56, 134471.79, 1566.70);
insert into STATION values (2927, '.', 57, 412640.30, 134473.74, 1571.40);
insert into STATION values (2928, '.', 57, 412643.23, 134471.37, 1567.61);
insert into STATION values (2929, '.', 57, 412641.55, 134472.16, 1567.78);
insert into STATION values (2930, '2.103', 57, 412641.05, 134472.66, 1568.85);
insert into STATION values (2931, '2.104', 57, 412641.08, 134474.07, 1569.51);
insert into STATION values (2932, '.', 57, 412640.68, 134472.37, 1569.56);
insert into STATION values (2933, '.', 57, 412640.18, 134472.46, 1569.53);
insert into STATION values (2934, '.', 57, 412639.16, 134472.31, 1569.24);
insert into STATION values (2935, '.', 57, 412636.18, 134470.71, 1568.55);
insert into STATION values (2936, '.', 57, 412635.90, 134471.62, 1568.22);
insert into STATION values (2937, '.', 57, 412636.03, 134472.56, 1568.46);
insert into STATION values (2938, '.', 57, 412637.43, 134474.04, 1568.76);
insert into STATION values (2939, '.', 57, 412637.25, 134474.79, 1568.82);
insert into STATION values (2940, '.', 57, 412638.57, 134475.27, 1569.09);
insert into STATION values (2941, '.', 57, 412639.08, 134475.42, 1569.15);
insert into STATION values (2942, '.', 57, 412640.14, 134474.92, 1569.27);
insert into STATION values (2943, '.', 57, 412641.89, 134473.61, 1571.14);
insert into STATION values (2944, '.', 57, 412641.52, 134474.25, 1571.58);
insert into STATION values (2945, '.', 57, 412640.16, 134473.68, 1571.06);
insert into STATION values (2946, '.', 57, 412638.78, 134473.20, 1569.89);
insert into STATION values (2947, '.', 57, 412641.97, 134472.20, 1569.28);
insert into STATION values (2948, '.', 57, 412644.19, 134472.25, 1569.33);
insert into STATION values (2949, '.', 57, 412633.74, 134472.24, 1558.72);
insert into STATION values (2950, '.', 57, 412634.40, 134471.69, 1558.56);
insert into STATION values (2951, '.', 57, 412634.53, 134471.45, 1558.52);
insert into STATION values (2952, '.', 57, 412633.34, 134472.66, 1560.42);
insert into STATION values (2953, '.', 57, 412633.19, 134472.69, 1560.45);
insert into STATION values (2954, '.', 57, 412633.54, 134472.07, 1558.41);
insert into STATION values (2955, '.', 57, 412634.25, 134471.55, 1558.68);
insert into STATION values (2956, '.', 57, 412632.76, 134472.62, 1558.17);
insert into STATION values (2957, '.', 57, 412633.42, 134472.02, 1558.58);
insert into STATION values (2958, '.', 57, 412633.28, 134472.55, 1560.50);
insert into STATION values (2959, '.', 57, 412633.37, 134472.52, 1560.63);
insert into STATION values (2960, '.', 57, 412633.84, 134472.05, 1558.08);
insert into STATION values (2961, '.', 57, 412635.50, 134473.47, 1563.09);
insert into STATION values (2962, '.', 57, 412633.09, 134473.22, 1559.39);
insert into STATION values (2963, '.', 57, 412637.50, 134472.92, 1564.60);
insert into STATION values (2964, '.', 57, 412639.07, 134472.81, 1565.72);
insert into STATION values (2965, '.', 57, 412634.06, 134471.79, 1558.03);
insert into STATION values (2966, '.', 57, 412634.47, 134471.85, 1558.42);
insert into STATION values (2967, '.', 57, 412634.30, 134471.88, 1558.52);
insert into STATION values (2968, '2.105', 57, 412633.78, 134472.30, 1558.75);
insert into STATION values (2969, '.', 57, 412641.08, 134474.07, 1569.51);
insert into STATION values (2970, '2.106', 57, 412635.63, 134471.31, 1567.15);
insert into STATION values (2971, '.', 57, 412635.68, 134471.08, 1566.33);
insert into STATION values (2972, '.', 57, 412636.30, 134470.47, 1566.25);
insert into STATION values (2973, '.', 57, 412636.58, 134470.35, 1567.35);
insert into STATION values (2974, '.', 57, 412636.41, 134470.70, 1568.33);
insert into STATION values (2975, '.', 57, 412635.69, 134471.29, 1568.09);
insert into STATION values (2976, '.', 57, 412635.26, 134471.56, 1567.67);
insert into STATION values (2977, '.', 57, 412634.60, 134471.90, 1566.12);
insert into STATION values (2978, '.', 57, 412635.14, 134471.23, 1566.36);
insert into STATION values (2979, '.', 57, 412634.25, 134469.73, 1566.57);
insert into STATION values (2980, '.', 57, 412634.65, 134469.73, 1567.29);
insert into STATION values (2981, '.', 57, 412635.31, 134470.46, 1567.61);
insert into STATION values (2982, '.', 57, 412636.03, 134470.84, 1568.35);
insert into STATION values (2983, '.', 57, 412637.16, 134471.79, 1569.12);
insert into STATION values (2984, '.', 57, 412638.22, 134473.87, 1570.27);
insert into STATION values (2985, '.', 57, 412639.89, 134475.34, 1570.18);
insert into STATION values (2986, '.', 57, 412638.65, 134474.82, 1566.83);
insert into STATION values (2987, '.', 57, 412636.53, 134472.41, 1566.31);
insert into STATION values (2988, '.', 57, 412635.61, 134471.75, 1566.38);
insert into STATION values (2989, '2.107', 57, 412634.47, 134469.31, 1566.77);
insert into STATION values (2990, '.', 57, 412635.36, 134468.35, 1567.94);
insert into STATION values (2991, '.', 57, 412634.76, 134466.62, 1567.03);
insert into STATION values (2992, '.', 57, 412633.78, 134467.12, 1567.16);
insert into STATION values (2993, '.', 57, 412633.92, 134468.45, 1567.13);
insert into STATION values (2994, '.', 57, 412634.48, 134468.93, 1567.48);
insert into STATION values (2995, '.', 57, 412635.69, 134468.70, 1567.34);
insert into STATION values (2996, '.', 57, 412634.17, 134470.06, 1567.33);
insert into STATION values (2997, '.', 57, 412633.57, 134469.61, 1567.41);
insert into STATION values (2998, '2.108', 57, 412632.73, 134470.44, 1568.97);
insert into STATION values (2999, '.', 57, 412632.63, 134470.29, 1569.03);
insert into STATION values (3000, '.', 57, 412632.72, 134470.10, 1569.00);
insert into STATION values (3001, '.', 57, 412631.76, 134469.59, 1570.26);
insert into STATION values (3002, '.', 57, 412632.89, 134470.62, 1569.09);
insert into STATION values (3003, '.', 57, 412632.20, 134470.70, 1570.43);
insert into STATION values (3004, '.', 57, 412632.19, 134470.70, 1570.45);
insert into STATION values (3005, '.', 57, 412632.03, 134470.78, 1570.88);
insert into STATION values (3006, '.', 57, 412632.47, 134470.63, 1570.52);
insert into STATION values (3007, '.', 57, 412632.25, 134470.63, 1570.43);
insert into STATION values (3008, '2.109', 57, 412632.17, 134470.68, 1570.44);
insert into STATION values (3009, '.', 57, 412631.84, 134470.80, 1570.44);
insert into STATION values (3010, '.', 57, 412632.03, 134471.06, 1570.06);
insert into STATION values (3011, '.', 57, 412632.04, 134471.42, 1570.47);
insert into STATION values (3012, '.', 57, 412632.03, 134471.42, 1570.48);
insert into STATION values (3013, '2.110', 57, 412632.04, 134471.41, 1570.48);
insert into STATION values (3014, '.', 57, 412632.27, 134471.43, 1570.54);
insert into STATION values (3015, '.', 57, 412632.15, 134471.30, 1570.98);
insert into STATION values (3016, '2.111', 57, 412630.45, 134472.07, 1572.46);
insert into STATION values (3017, '.', 57, 412630.47, 134472.07, 1573.49);
insert into STATION values (3018, '.', 57, 412630.68, 134470.66, 1572.55);
insert into STATION values (3019, '.', 57, 412630.66, 134472.03, 1571.42);
insert into STATION values (3020, '.', 57, 412630.27, 134473.32, 1572.44);
insert into STATION values (3021, '.', 57, 412630.79, 134473.13, 1572.39);
insert into STATION values (3022, '.', 57, 412630.97, 134473.17, 1572.42);
insert into STATION values (3023, '.', 57, 412631.21, 134473.26, 1572.34);
insert into STATION values (3024, '.', 57, 412631.24, 134473.73, 1571.57);
insert into STATION values (3025, '.', 57, 412629.91, 134473.65, 1573.29);
insert into STATION values (3026, '.', 57, 412626.28, 134476.86, 1576.55);
insert into STATION values (3027, '.', 57, 412624.89, 134476.37, 1578.51);
insert into STATION values (3028, '.', 57, 412629.52, 134473.08, 1574.21);
insert into STATION values (3029, '.', 57, 412629.90, 134472.31, 1574.05);
insert into STATION values (3030, '.', 57, 412623.03, 134472.84, 1582.85);
insert into STATION values (3031, '.', 57, 412628.76, 134462.79, 1583.18);
insert into STATION values (3032, '2.112', 57, 412627.44, 134471.62, 1575.86);
insert into STATION values (3033, '.', 57, 412627.39, 134471.51, 1573.99);
insert into STATION values (3034, '.', 57, 412628.38, 134468.87, 1599.07);
insert into STATION values (3035, '.', 57, 412628.87, 134472.74, 1575.66);
insert into STATION values (3036, '.', 57, 412628.43, 134473.39, 1575.75);
insert into STATION values (3037, '.', 57, 412627.92, 134474.50, 1575.76);
insert into STATION values (3038, '.', 57, 412627.61, 134476.88, 1575.63);
insert into STATION values (3039, '.', 57, 412626.74, 134476.71, 1575.76);
insert into STATION values (3040, '.', 57, 412625.66, 134477.11, 1575.56);
insert into STATION values (3041, '.', 57, 412623.59, 134477.90, 1575.36);
insert into STATION values (3042, '.', 57, 412622.61, 134477.95, 1575.21);
insert into STATION values (3043, '.', 57, 412620.35, 134479.31, 1575.07);
insert into STATION values (3044, '.', 57, 412619.85, 134477.71, 1575.23);
insert into STATION values (3045, '.', 57, 412620.10, 134475.12, 1575.18);
insert into STATION values (3046, '.', 57, 412620.53, 134474.09, 1575.11);
insert into STATION values (3047, '.', 57, 412621.05, 134472.86, 1575.20);
insert into STATION values (3048, '.', 57, 412621.89, 134471.94, 1575.39);
insert into STATION values (3049, '.', 57, 412620.85, 134473.79, 1573.32);
insert into STATION values (3050, '.', 57, 412619.77, 134478.72, 1570.25);
insert into STATION values (3051, '.', 57, 412622.21, 134478.57, 1568.26);
insert into STATION values (3052, '.', 57, 412624.57, 134477.35, 1568.67);
insert into STATION values (3053, '.', 57, 412624.62, 134480.46, 1568.01);
insert into STATION values (3054, '.', 57, 412626.32, 134479.22, 1569.42);
insert into STATION values (3055, '.', 57, 412628.29, 134478.97, 1569.57);
insert into STATION values (3056, '.', 57, 412629.55, 134478.00, 1567.90);
insert into STATION values (3057, '.', 57, 412627.78, 134476.64, 1568.99);
insert into STATION values (3058, '.', 57, 412626.23, 134476.57, 1569.24);
insert into STATION values (3059, '.', 57, 412624.38, 134476.79, 1569.26);
insert into STATION values (3060, '.', 57, 412619.83, 134479.39, 1567.98);
insert into STATION values (3061, '.', 57, 412622.14, 134470.43, 1575.78);
insert into STATION values (3062, '.', 57, 412622.20, 134469.14, 1575.98);
insert into STATION values (3063, '.', 57, 412622.35, 134466.16, 1576.05);
insert into STATION values (3064, '.', 57, 412624.80, 134464.80, 1576.05);
insert into STATION values (3065, '.', 57, 412626.57, 134463.30, 1576.51);
insert into STATION values (3066, '.', 57, 412628.17, 134461.69, 1577.07);
insert into STATION values (3067, '.', 57, 412630.89, 134459.55, 1577.08);
insert into STATION values (3068, '.', 57, 412631.48, 134459.43, 1577.53);
insert into STATION values (3069, '.', 57, 412632.57, 134462.48, 1577.12);
insert into STATION values (3070, '.', 57, 412631.46, 134466.45, 1576.52);
insert into STATION values (3071, '.', 57, 412631.13, 134468.13, 1575.73);
insert into STATION values (3072, '.', 57, 412629.74, 134468.07, 1575.05);
insert into STATION values (3073, '.', 57, 412629.78, 134466.24, 1576.11);
insert into STATION values (3074, '.', 57, 412628.53, 134468.91, 1574.70);
insert into STATION values (3075, '.', 57, 412628.00, 134466.74, 1575.71);
insert into STATION values (3076, '.', 57, 412627.63, 134468.97, 1574.94);
insert into STATION values (3077, '.', 57, 412625.82, 134463.58, 1576.40);
insert into STATION values (3078, '.', 57, 412626.22, 134469.45, 1599.95);
insert into STATION values (3079, '10.0', 65, 412649.39, 134419.91, 1496.42);
insert into STATION values (3080, '.', 65, 412649.39, 134419.91, 1496.42);
insert into STATION values (3081, '10.1', 65, 412648.10, 134422.01, 1495.63);
insert into STATION values (3082, '.', 65, 412649.39, 134419.91, 1496.42);
insert into STATION values (3083, '.', 65, 412646.61, 134420.63, 1501.51);
insert into STATION values (3084, '.', 65, 412647.97, 134418.48, 1500.20);
insert into STATION values (3085, '.', 65, 412649.07, 134419.64, 1497.75);
insert into STATION values (3086, '.', 65, 412646.99, 134419.70, 1496.56);
insert into STATION values (3087, '.', 65, 412647.71, 134421.03, 1494.03);
insert into STATION values (3088, '.', 65, 412649.15, 134419.94, 1495.08);
insert into STATION values (3089, '.', 65, 412649.24, 134415.85, 1496.98);
insert into STATION values (3090, '.', 65, 412650.13, 134418.43, 1498.30);
insert into STATION values (3091, '.', 65, 412651.55, 134417.26, 1495.01);
insert into STATION values (3092, '.', 65, 412652.39, 134416.12, 1496.91);
insert into STATION values (3093, '10.2', 65, 412652.32, 134416.02, 1496.64);
insert into STATION values (3094, '.', 65, 412652.25, 134416.07, 1495.47);
insert into STATION values (3095, '.', 65, 412651.91, 134417.23, 1494.97);
insert into STATION values (3096, '.', 65, 412652.28, 134415.53, 1499.42);
insert into STATION values (3097, '.', 65, 412652.66, 134414.84, 1501.31);
insert into STATION values (3098, '.', 65, 412654.57, 134412.44, 1500.67);
insert into STATION values (3099, '.', 65, 412651.12, 134415.42, 1497.01);
insert into STATION values (3100, '.', 65, 412650.74, 134415.25, 1499.47);
insert into STATION values (3101, '.', 65, 412653.27, 134414.08, 1497.43);
insert into STATION values (3102, '.', 65, 412652.54, 134416.15, 1497.67);
insert into STATION values (3103, '10.3', 65, 412653.32, 134413.85, 1498.08);
insert into STATION values (3104, '.', 65, 412653.36, 134413.86, 1499.31);
insert into STATION values (3105, '.', 65, 412654.10, 134412.45, 1501.63);
insert into STATION values (3106, '.', 65, 412653.93, 134411.84, 1502.61);
insert into STATION values (3107, '.', 65, 412653.38, 134412.61, 1501.58);
insert into STATION values (3108, '.', 65, 412654.07, 134414.15, 1498.25);
insert into STATION values (3109, '.', 65, 412653.00, 134413.71, 1498.08);
insert into STATION values (3110, '.', 65, 412652.48, 134415.23, 1495.91);
insert into STATION values (3111, '.', 65, 412652.11, 134415.47, 1500.06);
insert into STATION values (3112, '.', 65, 412649.84, 134419.96, 1496.06);
insert into STATION values (3113, '.', 65, 412648.08, 134421.88, 1495.42);
insert into STATION values (3114, '10.4', 65, 412652.91, 134411.81, 1496.88);
insert into STATION values (3115, '.', 65, 412653.05, 134411.57, 1498.23);
insert into STATION values (3116, '.', 65, 412652.92, 134410.38, 1497.49);
insert into STATION values (3117, '.', 65, 412653.44, 134411.77, 1497.06);
insert into STATION values (3118, '.', 65, 412653.06, 134411.56, 1496.01);
insert into STATION values (3119, '.', 65, 412652.78, 134410.05, 1495.68);
insert into STATION values (3120, '.', 65, 412653.77, 134409.70, 1493.48);
insert into STATION values (3121, '.', 65, 412650.31, 134412.34, 1489.85);
insert into STATION values (3122, '.', 65, 412652.91, 134411.95, 1496.00);
insert into STATION values (3123, '.', 65, 412651.21, 134401.99, 1494.44);
insert into STATION values (3124, '.', 65, 412650.03, 134401.51, 1494.41);
insert into STATION values (3125, '10.5', 65, 412652.57, 134408.33, 1496.79);
insert into STATION values (3126, '.', 65, 412652.40, 134400.73, 1494.39);
insert into STATION values (3127, '.', 65, 412650.54, 134406.81, 1496.03);
insert into STATION values (3128, '.', 65, 412651.75, 134400.51, 1498.17);
insert into STATION values (3129, '.', 65, 412652.00, 134403.57, 1491.47);
insert into STATION values (3130, '.', 65, 412653.56, 134405.96, 1490.23);
insert into STATION values (3131, '.', 65, 412648.33, 134406.19, 1484.46);
insert into STATION values (3132, '10.6', 65, 412651.77, 134408.03, 1476.77);
insert into STATION values (3133, '.', 65, 412653.32, 134413.85, 1498.08);
insert into STATION values (3134, '.', 65, 412654.27, 134413.26, 1501.32);
insert into STATION values (3135, '10.7', 65, 412654.22, 134413.36, 1501.35);
insert into STATION values (3136, '.', 65, 412652.68, 134409.94, 1500.35);
insert into STATION values (3137, '.', 65, 412650.73, 134409.23, 1499.68);
insert into STATION values (3138, '.', 65, 412650.40, 134411.19, 1499.56);
insert into STATION values (3139, '.', 65, 412652.78, 134411.90, 1500.90);
insert into STATION values (3140, '.', 65, 412652.70, 134411.74, 1500.20);
insert into STATION values (3141, '.', 65, 412653.81, 134412.25, 1499.43);
insert into STATION values (3142, '.', 65, 412650.69, 134409.96, 1488.33);
insert into STATION values (3143, '.', 65, 412652.75, 134412.67, 1501.22);
insert into STATION values (3144, '.', 65, 412651.92, 134414.90, 1503.39);
insert into STATION values (3145, '.', 65, 412652.73, 134413.71, 1503.82);
insert into STATION values (3146, '.', 65, 412646.66, 134419.46, 1514.02);
insert into STATION values (3147, '.', 65, 412651.63, 134413.79, 1505.04);
insert into STATION values (3148, '10.8', 65, 412651.56, 134413.80, 1505.16);
insert into STATION values (3149, '.', 65, 412654.42, 134413.64, 1501.36);
insert into STATION values (3150, '.', 65, 412652.94, 134415.46, 1504.76);
insert into STATION values (3151, '.', 65, 412648.83, 134414.75, 1505.26);
insert into STATION values (3152, '.', 65, 412650.69, 134415.35, 1505.10);
insert into STATION values (3153, '.', 65, 412647.35, 134420.08, 1507.29);
insert into STATION values (3154, '.', 65, 412648.35, 134416.11, 1510.08);
insert into STATION values (3155, '.', 65, 412652.27, 134417.81, 1506.93);
insert into STATION values (3156, '.', 65, 412650.27, 134419.36, 1510.18);
insert into STATION values (3157, '.', 65, 412649.68, 134419.16, 1513.97);
insert into STATION values (3158, '.', 65, 412651.66, 134414.35, 1507.14);
insert into STATION values (3159, '.', 65, 412651.45, 134413.81, 1505.38);
insert into STATION values (3160, '.', 65, 412652.44, 134416.54, 1505.49);
insert into STATION values (3161, '.', 65, 412652.00, 134414.20, 1505.33);
insert into STATION values (3162, '.', 65, 412647.63, 134419.95, 1507.34);
insert into STATION values (3163, '.', 65, 412647.06, 134419.87, 1511.39);
insert into STATION values (3164, '10.9', 65, 412648.79, 134418.53, 1512.59);
insert into STATION values (3165, '.', 65, 412653.67, 134414.57, 1511.03);
insert into STATION values (3166, '.', 65, 412652.65, 134413.22, 1510.88);
insert into STATION values (3167, '.', 65, 412653.07, 134419.15, 1514.64);
insert into STATION values (3168, '.', 65, 412653.97, 134416.97, 1513.31);
insert into STATION values (3169, '.', 65, 412652.96, 134416.67, 1507.39);
insert into STATION values (3170, '.', 65, 412650.51, 134416.48, 1505.60);
insert into STATION values (3171, '.', 65, 412650.43, 134418.06, 1504.24);
insert into STATION values (3172, '.', 65, 412650.09, 134419.60, 1511.53);
insert into STATION values (3173, '.', 65, 412646.69, 134419.92, 1513.75);
insert into STATION values (3174, '.', 65, 412648.04, 134419.26, 1512.43);
insert into STATION values (3175, '.', 65, 412647.96, 134419.54, 1515.13);
insert into STATION values (3176, '10.10', 65, 412645.72, 134418.18, 1513.00);
insert into STATION values (3177, '.', 65, 412646.50, 134417.37, 1512.83);
insert into STATION values (3178, '.', 65, 412646.40, 134417.44, 1512.40);
insert into STATION values (3179, '.', 65, 412646.24, 134418.11, 1514.68);
insert into STATION values (3180, '.', 65, 412646.19, 134418.38, 1514.01);
insert into STATION values (3181, '.', 65, 412645.92, 134418.42, 1513.03);
insert into STATION values (3182, '.', 65, 412645.80, 134418.40, 1512.23);
insert into STATION values (3183, '.', 65, 412645.87, 134419.26, 1511.29);
insert into STATION values (3184, '.', 65, 412645.84, 134420.29, 1511.86);
insert into STATION values (3185, '.', 65, 412645.74, 134419.53, 1512.32);
insert into STATION values (3186, '.', 65, 412645.90, 134419.15, 1512.51);
insert into STATION values (3187, '10.11', 65, 412646.11, 134420.11, 1510.95);
insert into STATION values (3188, '.', 65, 412646.11, 134420.15, 1511.58);
insert into STATION values (3189, '.', 65, 412645.89, 134420.29, 1511.95);
insert into STATION values (3190, '.', 65, 412645.93, 134420.16, 1511.03);
insert into STATION values (3191, '.', 65, 412646.30, 134420.09, 1511.29);
insert into STATION values (3192, '.', 65, 412645.95, 134420.26, 1511.47);
insert into STATION values (3193, '.', 65, 412646.46, 134420.93, 1510.86);
insert into STATION values (3194, '.', 65, 412646.26, 134421.20, 1511.13);
insert into STATION values (3195, '.', 65, 412646.62, 134421.13, 1511.33);
insert into STATION values (3196, '.', 65, 412646.54, 134420.67, 1510.68);
insert into STATION values (3197, '.', 65, 412645.92, 134422.00, 1513.73);
insert into STATION values (3198, '.', 65, 412645.97, 134421.45, 1512.94);
insert into STATION values (3199, '.', 65, 412645.97, 134421.44, 1512.92);
insert into STATION values (3200, '10.12', 65, 412645.93, 134422.00, 1513.71);
insert into STATION values (3201, '.', 65, 412645.55, 134421.84, 1513.72);
insert into STATION values (3202, '.', 65, 412645.70, 134419.65, 1513.96);
insert into STATION values (3203, '.', 65, 412645.98, 134421.15, 1514.21);
insert into STATION values (3204, '.', 65, 412646.01, 134421.88, 1513.81);
insert into STATION values (3205, '.', 65, 412645.59, 134422.89, 1515.23);
insert into STATION values (3206, '.', 65, 412645.41, 134423.24, 1514.17);
insert into STATION values (3207, '.', 65, 412645.23, 134424.26, 1512.82);
insert into STATION values (3208, '.', 65, 412644.72, 134425.04, 1512.99);
insert into STATION values (3209, '.', 65, 412645.26, 134422.89, 1513.74);
insert into STATION values (3210, '.', 65, 412645.32, 134423.01, 1514.09);
insert into STATION values (3211, '.', 65, 412645.65, 134422.28, 1513.14);
insert into STATION values (3212, '.', 65, 412645.52, 134423.46, 1512.65);
insert into STATION values (3213, '.', 65, 412646.10, 134421.96, 1511.17);
insert into STATION values (3214, '.', 65, 412645.70, 134421.97, 1512.78);
insert into STATION values (3215, '10.13', 65, 412644.64, 134426.32, 1514.03);
insert into STATION values (3216, '.', 65, 412644.60, 134426.36, 1513.59);
insert into STATION values (3217, '.', 65, 412644.26, 134426.07, 1513.93);
insert into STATION values (3218, '.', 65, 412644.73, 134426.13, 1514.62);
insert into STATION values (3219, '.', 65, 412644.99, 134426.26, 1514.25);
insert into STATION values (3220, '.', 65, 412644.70, 134426.20, 1513.58);
insert into STATION values (3221, '.', 65, 412644.96, 134425.68, 1513.24);
insert into STATION values (3222, '.', 65, 412644.96, 134425.81, 1513.84);
insert into STATION values (3223, '.', 65, 412644.90, 134425.67, 1514.20);
insert into STATION values (3224, '.', 65, 412644.70, 134425.56, 1513.93);
insert into STATION values (3225, '.', 65, 412645.22, 134426.57, 1514.45);
insert into STATION values (3226, '10.14', 65, 412644.96, 134426.58, 1515.72);
insert into STATION values (3227, '.', 65, 412645.33, 134427.15, 1515.08);
insert into STATION values (3228, '.', 65, 412644.10, 134429.51, 1515.67);
insert into STATION values (3229, '.', 65, 412643.67, 134427.26, 1515.47);
insert into STATION values (3230, '.', 65, 412645.95, 134427.54, 1515.83);
insert into STATION values (3231, '.', 65, 412645.72, 134427.88, 1518.37);
insert into STATION values (3232, '.', 65, 412645.28, 134429.79, 1519.47);
insert into STATION values (3233, '.', 65, 412645.18, 134427.75, 1524.19);
insert into STATION values (3234, '.', 65, 412643.84, 134427.28, 1521.31);
insert into STATION values (3235, '.', 65, 412643.48, 134427.19, 1518.75);
insert into STATION values (3236, '.', 65, 412645.53, 134426.85, 1516.51);
insert into STATION values (3237, '.', 65, 412645.97, 134426.61, 1515.05);
insert into STATION values (3238, '.', 65, 412645.69, 134426.28, 1514.59);
insert into STATION values (3239, '.', 65, 412644.31, 134432.70, 1519.49);
insert into STATION values (3240, '.', 65, 412645.44, 134429.99, 1515.55);
insert into STATION values (3241, '.', 65, 412644.24, 134429.67, 1517.15);
insert into STATION values (3242, '10.15', 65, 412645.46, 134430.55, 1517.24);
insert into STATION values (3243, '.', 65, 412644.51, 134430.28, 1517.21);
insert into STATION values (3244, '.', 65, 412643.99, 134431.16, 1518.84);
insert into STATION values (3245, '.', 65, 412644.46, 134431.48, 1515.56);
insert into STATION values (3246, '.', 65, 412645.43, 134430.72, 1516.92);
insert into STATION values (3247, '.', 65, 412644.06, 134432.25, 1516.44);
insert into STATION values (3248, '.', 65, 412642.40, 134434.44, 1516.86);
insert into STATION values (3249, '.', 65, 412643.57, 134432.80, 1518.02);
insert into STATION values (3250, '.', 65, 412640.73, 134436.78, 1520.88);
insert into STATION values (3251, '.', 65, 412640.74, 134436.79, 1520.89);
insert into STATION values (3252, '.', 65, 412642.23, 134434.52, 1520.30);
insert into STATION values (3253, '.', 65, 412642.59, 134435.07, 1520.02);
insert into STATION values (3254, '.', 65, 412642.79, 134432.80, 1519.23);
insert into STATION values (3255, '.', 65, 412642.72, 134434.20, 1520.68);
insert into STATION values (3256, '.', 65, 412644.68, 134426.34, 1517.21);
insert into STATION values (3257, '.', 65, 412644.47, 134425.35, 1517.88);
insert into STATION values (3258, '.', 65, 412644.81, 134424.06, 1519.70);
insert into STATION values (3259, '.', 65, 412644.71, 134423.29, 1520.62);
insert into STATION values (3260, '.', 65, 412644.56, 134425.12, 1519.41);
insert into STATION values (3261, '.', 65, 412645.10, 134425.79, 1519.18);
insert into STATION values (3262, '.', 65, 412644.23, 134424.26, 1522.71);
insert into STATION values (3263, '10.16', 65, 412643.55, 134433.38, 1519.48);
insert into STATION values (3264, '.', 65, 412644.45, 134431.69, 1519.45);
insert into STATION values (3265, '.', 65, 412643.32, 134432.87, 1521.15);
insert into STATION values (3266, '.', 65, 412643.58, 134432.84, 1520.23);
insert into STATION values (3267, '.', 65, 412642.62, 134432.79, 1519.68);
insert into STATION values (3268, '.', 65, 412642.98, 134433.87, 1520.97);
insert into STATION values (3269, '.', 65, 412640.67, 134436.82, 1520.79);
insert into STATION values (3270, '.', 65, 412642.13, 134434.46, 1520.40);
insert into STATION values (3271, '.', 65, 412641.94, 134434.41, 1521.37);
insert into STATION values (3272, '.', 65, 412643.29, 134433.47, 1518.76);
insert into STATION values (3273, '.', 65, 412643.35, 134433.33, 1518.30);
insert into STATION values (3274, '.', 65, 412642.63, 134434.61, 1519.28);
insert into STATION values (3275, '.', 65, 412641.97, 134434.67, 1519.59);
insert into STATION values (3276, '.', 65, 412642.30, 134435.25, 1519.57);
insert into STATION values (3277, '.', 65, 412641.34, 134436.33, 1519.50);
insert into STATION values (3278, '.', 65, 412639.59, 134438.32, 1519.85);
insert into STATION values (3279, '10.17', 65, 412641.31, 134436.35, 1519.31);
insert into STATION values (3280, '.', 65, 412641.18, 134436.17, 1519.32);
insert into STATION values (3281, '.', 65, 412641.17, 134436.18, 1519.30);
insert into STATION values (3282, '.', 65, 412640.81, 134436.15, 1518.47);
insert into STATION values (3283, '.', 65, 412641.46, 134436.80, 1517.87);
insert into STATION values (3284, '.', 65, 412641.10, 134436.41, 1517.98);
insert into STATION values (3285, '.', 65, 412642.25, 134434.77, 1518.89);
insert into STATION values (3286, '.', 65, 412642.03, 134435.03, 1520.07);
insert into STATION values (3287, '.', 65, 412642.70, 134434.27, 1520.59);
insert into STATION values (3288, '.', 65, 412643.16, 134434.20, 1519.67);
insert into STATION values (3289, '.', 65, 412642.21, 134434.54, 1518.30);
insert into STATION values (3290, '.', 65, 412639.86, 134436.82, 1518.59);
insert into STATION values (3291, '.', 65, 412640.38, 134437.84, 1519.06);
insert into STATION values (3292, '.', 65, 412639.20, 134437.84, 1519.57);
insert into STATION values (3293, '.', 65, 412639.11, 134438.10, 1520.19);
insert into STATION values (3294, '.', 65, 412640.56, 134437.09, 1519.79);
insert into STATION values (3295, '10.18', 65, 412639.52, 134437.55, 1519.78);
insert into STATION values (3296, '.', 65, 412639.92, 134438.25, 1519.40);
insert into STATION values (3297, '.', 65, 412639.56, 134437.73, 1519.33);
insert into STATION values (3298, '.', 65, 412639.96, 134437.86, 1520.20);
insert into STATION values (3299, '.', 65, 412639.26, 134438.46, 1520.29);
insert into STATION values (3300, '.', 65, 412639.50, 134438.13, 1520.74);
insert into STATION values (3301, '.', 65, 412639.52, 134437.40, 1519.19);
insert into STATION values (3302, '10.19', 65, 412638.75, 134438.10, 1521.76);
insert into STATION values (3303, '.', 65, 412639.61, 134439.50, 1522.12);
insert into STATION values (3304, '.', 65, 412638.91, 134439.35, 1521.34);
insert into STATION values (3305, '.', 65, 412638.92, 134440.30, 1523.02);
insert into STATION values (3306, '.', 65, 412638.84, 134438.93, 1523.76);
insert into STATION values (3307, '.', 65, 412637.49, 134440.50, 1522.76);
insert into STATION values (3308, '.', 65, 412637.32, 134438.90, 1521.57);
insert into STATION values (3309, '.', 65, 412637.10, 134439.77, 1523.96);
insert into STATION values (3310, '.', 65, 412640.83, 134437.90, 1522.53);
insert into STATION values (3311, '.', 65, 412640.77, 134437.67, 1521.98);
insert into STATION values (3312, '.', 65, 412639.65, 134438.31, 1523.20);
insert into STATION values (3313, '.', 65, 412639.32, 134439.42, 1524.23);
insert into STATION values (3314, '.', 65, 412640.10, 134438.87, 1522.11);
insert into STATION values (3315, '10.20', 65, 412638.11, 134441.39, 1523.53);
insert into STATION values (3316, '.', 65, 412638.22, 134441.15, 1523.14);
insert into STATION values (3317, '.', 65, 412639.78, 134438.21, 1523.35);
insert into STATION values (3318, '.', 65, 412637.48, 134436.56, 1522.29);
insert into STATION values (3319, '.', 65, 412637.56, 134435.92, 1522.96);
insert into STATION values (3320, '.', 65, 412638.19, 134438.52, 1522.40);
insert into STATION values (3321, '.', 65, 412637.87, 134439.60, 1523.98);
insert into STATION values (3322, '.', 65, 412637.60, 134438.00, 1521.44);
insert into STATION values (3323, '.', 65, 412637.75, 134434.29, 1519.66);
insert into STATION values (3324, '.', 65, 412636.97, 134437.93, 1522.79);
insert into STATION values (3325, '.', 65, 412637.27, 134436.56, 1522.36);
insert into STATION values (3326, '.', 65, 412637.82, 134440.86, 1523.20);
insert into STATION values (3327, '.', 65, 412638.01, 134441.25, 1523.11);
insert into STATION values (3328, '.', 65, 412638.74, 134439.11, 1523.91);
insert into STATION values (3329, '.', 65, 412637.89, 134441.42, 1524.52);
insert into STATION values (3330, '.', 65, 412637.82, 134442.13, 1524.67);
insert into STATION values (3331, '.', 65, 412637.92, 134442.08, 1524.92);
insert into STATION values (3332, '.', 65, 412637.85, 134441.91, 1524.03);
insert into STATION values (3333, '10.21', 65, 412637.47, 134443.29, 1525.34);
insert into STATION values (3334, '.', 65, 412636.38, 134442.35, 1525.55);
insert into STATION values (3335, '.', 65, 412637.22, 134442.78, 1525.46);
insert into STATION values (3336, '.', 65, 412637.07, 134443.21, 1524.76);
insert into STATION values (3337, '.', 65, 412636.67, 134442.39, 1526.44);
insert into STATION values (3338, '.', 65, 412637.15, 134443.49, 1525.88);
insert into STATION values (3339, '.', 65, 412638.60, 134441.81, 1525.59);
insert into STATION values (3340, '.', 65, 412640.32, 134439.91, 1525.98);
insert into STATION values (3341, '.', 65, 412639.75, 134440.06, 1525.49);
insert into STATION values (3342, '.', 65, 412638.26, 134442.48, 1525.86);
insert into STATION values (3343, '.', 65, 412638.68, 134442.39, 1525.22);
insert into STATION values (3344, '.', 65, 412638.19, 134442.13, 1524.61);
insert into STATION values (3345, '.', 65, 412637.95, 134442.30, 1524.08);
insert into STATION values (3346, '.', 65, 412638.91, 134438.11, 1522.20);
insert into STATION values (3347, '10.22', 65, 412636.48, 134444.12, 1525.14);
insert into STATION values (3348, '10.23', 65, 412636.76, 134445.90, 1523.65);
insert into STATION values (3349, '.', 65, 412635.28, 134457.95, 1521.28);
insert into STATION values (3350, '.', 65, 412635.87, 134459.11, 1521.07);
insert into STATION values (3351, '.', 65, 412635.95, 134458.19, 1521.27);
insert into STATION values (3352, '.', 65, 412636.56, 134448.83, 1523.07);
insert into STATION values (3353, '.', 65, 412635.99, 134458.19, 1521.21);
insert into STATION values (3354, '10.24', 65, 412636.04, 134458.16, 1521.17);
insert into STATION values (3355, '.', 65, 412635.30, 134458.89, 1521.84);
insert into STATION values (3356, '.', 65, 412636.56, 134459.15, 1521.92);
insert into STATION values (3357, '.', 65, 412636.49, 134459.18, 1521.94);
insert into STATION values (3358, '.', 65, 412636.48, 134459.18, 1521.96);
insert into STATION values (3359, '.', 65, 412636.55, 134459.13, 1521.88);
insert into STATION values (3360, '.', 65, 412636.46, 134459.16, 1521.90);
insert into STATION values (3361, '2.99', 65, 412636.47, 134459.18, 1521.88);
insert into STATION values (3362, '10.5', 69, 412652.57, 134408.33, 1496.79);
insert into STATION values (3363, '.', 69, 412652.57, 134408.33, 1496.79);
insert into STATION values (3364, '.', 69, 412652.62, 134408.41, 1476.44);
insert into STATION values (3365, '.', 69, 412650.59, 134404.87, 1478.62);
insert into STATION values (3366, '.', 69, 412651.24, 134408.33, 1495.67);
insert into STATION values (3367, '.', 69, 412652.33, 134408.74, 1495.22);
insert into STATION values (3368, '.', 69, 412652.98, 134405.48, 1477.89);
insert into STATION values (3369, '11.1', 69, 412653.00, 134405.48, 1477.96);
insert into STATION values (3370, '.', 69, 412652.60, 134404.42, 1478.38);
insert into STATION values (3371, '.', 69, 412653.57, 134410.48, 1496.41);
insert into STATION values (3372, '.', 69, 412647.96, 134406.78, 1493.01);
insert into STATION values (3373, '.', 69, 412649.21, 134405.01, 1484.85);
insert into STATION values (3374, '.', 69, 412649.55, 134409.62, 1487.23);
insert into STATION values (3375, '.', 69, 412650.90, 134402.92, 1496.32);
insert into STATION values (3376, '.', 69, 412653.32, 134400.39, 1485.82);
insert into STATION values (3377, '.', 69, 412654.08, 134399.78, 1482.44);
insert into STATION values (3378, '.', 69, 412654.43, 134399.82, 1479.55);
insert into STATION values (3379, '.', 69, 412654.69, 134399.63, 1477.12);
insert into STATION values (3380, '.', 69, 412651.74, 134413.33, 1480.46);
insert into STATION values (3381, '.', 69, 412647.51, 134409.05, 1480.03);
insert into STATION values (3382, '.', 69, 412648.66, 134405.59, 1481.94);
insert into STATION values (3383, '.', 69, 412654.79, 134410.11, 1481.75);
insert into STATION values (3384, '.', 69, 412654.35, 134400.47, 1476.88);
insert into STATION values (3385, '.', 69, 412654.64, 134399.53, 1476.68);
insert into STATION values (3386, '.', 69, 412654.62, 134399.42, 1476.63);
insert into STATION values (3387, '.', 69, 412654.28, 134400.71, 1476.93);
insert into STATION values (3388, '.', 69, 412654.41, 134400.31, 1476.82);
insert into STATION values (3389, '.', 69, 412654.67, 134399.39, 1476.66);
insert into STATION values (3390, '.', 69, 412654.67, 134399.46, 1476.67);
insert into STATION values (3391, '11.2', 69, 412654.65, 134399.53, 1476.70);
insert into STATION values (3392, '.', 69, 412654.52, 134399.55, 1475.54);
insert into STATION values (3393, '.', 69, 412654.54, 134399.57, 1475.65);
insert into STATION values (3394, '.', 69, 412652.90, 134397.02, 1476.85);
insert into STATION values (3395, '.', 69, 412653.67, 134398.57, 1478.64);
insert into STATION values (3396, '.', 69, 412654.00, 134398.75, 1479.49);
insert into STATION values (3397, '.', 69, 412654.77, 134399.78, 1478.35);
insert into STATION values (3398, '.', 69, 412654.48, 134399.75, 1480.24);
insert into STATION values (3399, '.', 69, 412653.89, 134398.84, 1476.73);
insert into STATION values (3400, '.', 69, 412654.08, 134398.38, 1477.14);
insert into STATION values (3401, '11.3', 69, 412653.30, 134397.06, 1476.50);
insert into STATION values (3402, '.', 69, 412653.17, 134395.98, 1478.60);
insert into STATION values (3403, '.', 69, 412652.56, 134394.51, 1476.62);
insert into STATION values (3404, '.', 69, 412652.96, 134395.29, 1474.11);
insert into STATION values (3405, '.', 69, 412653.33, 134396.16, 1475.92);
insert into STATION values (3406, '.', 69, 412652.92, 134396.64, 1476.32);
insert into STATION values (3407, '.', 69, 412652.77, 134397.35, 1476.60);
insert into STATION values (3408, '.', 69, 412653.22, 134396.70, 1474.19);
insert into STATION values (3409, '11.4', 69, 412652.33, 134394.73, 1476.76);
insert into STATION values (3410, '.', 69, 412654.25, 134393.29, 1476.70);
insert into STATION values (3411, '.', 69, 412654.31, 134393.78, 1475.09);
insert into STATION values (3412, '.', 69, 412654.35, 134393.71, 1475.04);
insert into STATION values (3413, '.', 69, 412652.89, 134394.26, 1477.13);
insert into STATION values (3414, '.', 69, 412653.78, 134393.56, 1477.79);
insert into STATION values (3415, '.', 69, 412653.31, 134394.22, 1476.76);
insert into STATION values (3416, '.', 69, 412653.59, 134393.62, 1476.58);
insert into STATION values (3417, '.', 69, 412654.51, 134394.00, 1472.91);
insert into STATION values (3418, '11.5', 69, 412653.88, 134393.69, 1476.34);
insert into STATION values (3419, '.', 69, 412652.05, 134394.76, 1474.47);
insert into STATION values (3420, '.', 69, 412652.20, 134395.08, 1474.40);
insert into STATION values (3421, '.', 69, 412653.26, 134394.70, 1474.79);
insert into STATION values (3422, '.', 69, 412652.93, 134394.59, 1474.09);
insert into STATION values (3423, '.', 69, 412653.52, 134393.78, 1474.24);
insert into STATION values (3424, '.', 69, 412653.90, 134394.30, 1475.12);
insert into STATION values (3425, '.', 69, 412654.26, 134394.01, 1474.48);
insert into STATION values (3426, '.', 69, 412653.93, 134394.08, 1476.49);
insert into STATION values (3427, '.', 69, 412654.36, 134394.11, 1476.58);
insert into STATION values (3428, '.', 69, 412654.67, 134394.02, 1476.58);
insert into STATION values (3429, '.', 69, 412655.87, 134394.00, 1476.71);
insert into STATION values (3430, '.', 69, 412654.55, 134393.47, 1476.39);
insert into STATION values (3431, '.', 69, 412654.33, 134393.41, 1476.37);
insert into STATION values (3432, '.', 69, 412654.67, 134393.40, 1476.43);
insert into STATION values (3433, '.', 69, 412655.16, 134393.73, 1476.72);
insert into STATION values (3434, '.', 69, 412654.26, 134393.64, 1476.26);
insert into STATION values (3435, '.', 69, 412654.84, 134393.14, 1476.05);
insert into STATION values (3436, '.', 69, 412654.49, 134393.22, 1475.97);
insert into STATION values (3437, '.', 69, 412654.19, 134393.39, 1475.58);
insert into STATION values (3438, '.', 69, 412654.04, 134393.66, 1475.20);
insert into STATION values (3439, '.', 69, 412656.03, 134393.95, 1476.37);
insert into STATION values (3440, '.', 69, 412655.89, 134393.85, 1477.23);
insert into STATION values (3441, '11.6', 69, 412655.53, 134393.98, 1476.75);
insert into STATION values (3442, '.', 69, 412656.52, 134393.22, 1476.27);
insert into STATION values (3443, '.', 69, 412656.03, 134393.22, 1476.48);
insert into STATION values (3444, '.', 69, 412656.17, 134393.45, 1476.26);
insert into STATION values (3445, '.', 69, 412655.98, 134393.37, 1477.92);
insert into STATION values (3446, '.', 69, 412655.70, 134392.26, 1479.68);
insert into STATION values (3447, '.', 69, 412656.62, 134391.22, 1479.12);
insert into STATION values (3448, '.', 69, 412656.51, 134391.37, 1478.78);
insert into STATION values (3449, '.', 69, 412655.81, 134393.27, 1477.17);
insert into STATION values (3450, '.', 69, 412655.60, 134393.50, 1477.00);
insert into STATION values (3451, '11.7', 69, 412656.56, 134392.48, 1477.57);
insert into STATION values (3452, '.', 69, 412656.08, 134391.55, 1477.65);
insert into STATION values (3453, '.', 69, 412656.30, 134391.03, 1477.67);
insert into STATION values (3454, '.', 69, 412656.48, 134391.63, 1478.95);
insert into STATION values (3455, '.', 69, 412656.50, 134391.97, 1479.00);
insert into STATION values (3456, '.', 69, 412656.63, 134391.64, 1478.94);
insert into STATION values (3457, '.', 69, 412656.66, 134391.39, 1479.28);
insert into STATION values (3458, '.', 69, 412656.16, 134392.21, 1476.90);
insert into STATION values (3459, '.', 69, 412656.16, 134392.17, 1476.98);
insert into STATION values (3460, '11.8', 69, 412656.39, 134390.79, 1478.35);
insert into STATION values (3461, '.', 69, 412656.75, 134390.49, 1478.41);
insert into STATION values (3462, '.', 69, 412656.07, 134390.89, 1478.37);
insert into STATION values (3463, '.', 69, 412656.55, 134390.96, 1477.31);
insert into STATION values (3464, '.', 69, 412656.21, 134390.83, 1480.68);
insert into STATION values (3465, '.', 69, 412657.11, 134392.03, 1478.24);
insert into STATION values (3466, '.', 69, 412656.93, 134391.58, 1478.26);
insert into STATION values (3467, '.', 69, 412656.49, 134391.45, 1478.32);
insert into STATION values (3468, '11.9', 69, 412656.14, 134390.03, 1480.09);
insert into STATION values (3469, '.', 69, 412656.76, 134389.22, 1480.31);
insert into STATION values (3470, '.', 69, 412656.67, 134389.69, 1480.88);
insert into STATION values (3471, '.', 69, 412656.27, 134390.71, 1480.84);
insert into STATION values (3472, '.', 69, 412656.35, 134390.72, 1481.03);
insert into STATION values (3473, '.', 69, 412656.35, 134390.22, 1480.36);
insert into STATION values (3474, '.', 69, 412656.47, 134389.51, 1479.56);
insert into STATION values (3475, '.', 69, 412656.14, 134389.97, 1479.26);
insert into STATION values (3476, '.', 69, 412656.19, 134389.93, 1478.18);
insert into STATION values (3477, '.', 69, 412655.79, 134390.10, 1479.58);
insert into STATION values (3478, '11.10', 69, 412656.00, 134388.46, 1480.17);
insert into STATION values (3479, '.', 69, 412655.08, 134388.05, 1478.26);
insert into STATION values (3480, '.', 69, 412655.22, 134388.39, 1478.86);
insert into STATION values (3481, '.', 69, 412655.79, 134388.24, 1478.92);
insert into STATION values (3482, '.', 69, 412655.86, 134388.28, 1480.67);
insert into STATION values (3483, '.', 69, 412655.65, 134387.57, 1480.13);
insert into STATION values (3484, '.', 69, 412655.00, 134386.01, 1480.10);
insert into STATION values (3485, '.', 69, 412654.70, 134387.07, 1478.63);
insert into STATION values (3486, '.', 69, 412654.51, 134386.44, 1478.81);
insert into STATION values (3487, '.', 69, 412655.72, 134387.90, 1480.63);
insert into STATION values (3488, '11.11', 69, 412654.65, 134386.26, 1479.19);
insert into STATION values (3489, '.', 69, 412656.19, 134385.80, 1479.40);
insert into STATION values (3490, '.', 69, 412656.38, 134386.47, 1479.38);
insert into STATION values (3491, '.', 69, 412656.68, 134386.36, 1479.49);
insert into STATION values (3492, '.', 69, 412656.61, 134387.84, 1479.98);
insert into STATION values (3493, '.', 69, 412657.58, 134388.84, 1480.37);
insert into STATION values (3494, '.', 69, 412656.45, 134387.43, 1481.65);
insert into STATION values (3495, '.', 69, 412656.90, 134386.46, 1484.44);
insert into STATION values (3496, '.', 69, 412654.50, 134386.70, 1480.62);
insert into STATION values (3497, '.', 69, 412654.59, 134385.44, 1479.74);
insert into STATION values (3498, '.', 69, 412656.65, 134385.45, 1481.27);
insert into STATION values (3499, '11.12', 69, 412657.08, 134385.82, 1477.59);
insert into STATION values (3500, '.', 69, 412657.48, 134383.51, 1474.93);
insert into STATION values (3501, '.', 69, 412657.13, 134385.05, 1476.23);
insert into STATION values (3502, '.', 69, 412656.91, 134385.63, 1476.13);
insert into STATION values (3503, '.', 69, 412657.08, 134385.63, 1478.45);
insert into STATION values (3504, '.', 69, 412656.71, 134386.50, 1478.19);
insert into STATION values (3505, '.', 69, 412656.20, 134386.15, 1477.98);
insert into STATION values (3506, '.', 69, 412654.90, 134386.24, 1478.19);
insert into STATION values (3507, '.', 69, 412656.33, 134385.67, 1478.39);
insert into STATION values (3508, '.', 69, 412656.89, 134385.70, 1477.65);
insert into STATION values (3509, '.', 69, 412656.20, 134384.78, 1478.14);
insert into STATION values (3510, '.', 69, 412656.31, 134384.74, 1478.53);
insert into STATION values (3511, '.', 69, 412656.58, 134385.76, 1475.79);
insert into STATION values (3512, '11.13', 69, 412656.15, 134385.39, 1478.43);
insert into STATION values (3513, '11.14', 69, 412657.15, 134383.65, 1479.44);
insert into STATION values (3514, '.', 69, 412658.14, 134384.09, 1480.80);
insert into STATION values (3515, '.', 69, 412657.35, 134384.33, 1479.81);
insert into STATION values (3516, '.', 69, 412657.50, 134385.49, 1479.98);
insert into STATION values (3517, '.', 69, 412658.09, 134385.23, 1480.55);
insert into STATION values (3518, '.', 69, 412657.58, 134384.28, 1479.69);
insert into STATION values (3519, '.', 69, 412656.70, 134384.58, 1479.47);
insert into STATION values (3520, '.', 69, 412656.99, 134386.15, 1479.53);
insert into STATION values (3521, '.', 69, 412657.25, 134385.63, 1479.67);
insert into STATION values (3522, '.', 69, 412657.03, 134384.21, 1480.53);
insert into STATION values (3523, '.', 69, 412657.33, 134383.94, 1480.82);
insert into STATION values (3524, '.', 69, 412657.84, 134383.77, 1480.97);
insert into STATION values (3525, '.', 69, 412657.20, 134383.66, 1478.22);
insert into STATION values (3526, '.', 69, 412657.49, 134382.30, 1478.17);
insert into STATION values (3527, '.', 69, 412657.75, 134382.58, 1478.20);
insert into STATION values (3528, '.', 69, 412656.99, 134382.68, 1478.78);
insert into STATION values (3529, '.', 69, 412657.13, 134381.35, 1477.82);
insert into STATION values (3530, '11.15', 69, 412657.12, 134380.75, 1479.83);
insert into STATION values (3531, '.', 69, 412656.50, 134380.75, 1479.89);
insert into STATION values (3532, '.', 69, 412657.36, 134380.48, 1479.75);
insert into STATION values (3533, '.', 69, 412656.91, 134380.62, 1480.02);
insert into STATION values (3534, '.', 69, 412657.40, 134379.82, 1476.70);
insert into STATION values (3535, '.', 69, 412657.31, 134380.27, 1478.24);
insert into STATION values (3536, '.', 69, 412657.66, 134379.46, 1475.56);
insert into STATION values (3537, '.', 69, 412657.46, 134382.51, 1476.65);
insert into STATION values (3538, '.', 69, 412657.62, 134382.83, 1477.01);
insert into STATION values (3539, '.', 69, 412657.28, 134379.20, 1479.63);
insert into STATION values (3540, '11.16', 69, 412657.65, 134378.92, 1479.50);
insert into STATION values (3541, '.', 69, 412658.19, 134377.09, 1479.16);
insert into STATION values (3542, '.', 69, 412658.40, 134378.96, 1480.51);
insert into STATION values (3543, '.', 69, 412657.55, 134379.57, 1479.69);
insert into STATION values (3544, '.', 69, 412657.64, 134379.83, 1479.96);
insert into STATION values (3545, '.', 69, 412657.92, 134379.70, 1480.13);
insert into STATION values (3546, '.', 69, 412658.49, 134379.74, 1479.70);
insert into STATION values (3547, '.', 69, 412657.89, 134379.27, 1478.52);
insert into STATION values (3548, '.', 69, 412658.21, 134378.88, 1480.20);
insert into STATION values (3549, '11.17', 69, 412659.47, 134377.20, 1479.81);
insert into STATION values (3550, '.', 69, 412659.54, 134377.54, 1478.09);
insert into STATION values (3551, '.', 69, 412660.00, 134377.56, 1478.83);
insert into STATION values (3552, '.', 69, 412659.44, 134377.24, 1480.14);
insert into STATION values (3553, '.', 69, 412660.25, 134377.20, 1479.87);
insert into STATION values (3554, '.', 69, 412660.34, 134377.29, 1479.83);
insert into STATION values (3555, '.', 69, 412661.00, 134377.49, 1479.66);
insert into STATION values (3556, '.', 69, 412660.53, 134377.53, 1478.90);
insert into STATION values (3557, '11.18', 69, 412660.48, 134377.51, 1478.95);
insert into STATION values (3558, '.', 69, 412660.66, 134375.71, 1478.95);
insert into STATION values (3559, '.', 69, 412661.37, 134375.15, 1479.07);
insert into STATION values (3560, '.', 69, 412661.13, 134375.83, 1479.43);
insert into STATION values (3561, '.', 69, 412661.30, 134375.38, 1478.80);
insert into STATION values (3562, '.', 69, 412662.24, 134374.37, 1478.87);
insert into STATION values (3563, '.', 69, 412661.26, 134376.44, 1479.09);
insert into STATION values (3564, '.', 69, 412662.50, 134373.71, 1479.41);
insert into STATION values (3565, '.', 69, 412660.07, 134376.30, 1478.70);
insert into STATION values (3566, '11.19', 69, 412661.73, 134374.72, 1479.08);
insert into STATION values (3567, '.', 69, 412662.64, 134374.90, 1479.15);
insert into STATION values (3568, '.', 69, 412662.76, 134375.06, 1478.89);
insert into STATION values (3569, '.', 69, 412662.29, 134374.97, 1478.15);
insert into STATION values (3570, '.', 69, 412661.51, 134374.83, 1478.48);
insert into STATION values (3571, '.', 69, 412661.77, 134374.65, 1479.47);
insert into STATION values (3572, '.', 69, 412661.72, 134373.86, 1479.34);
insert into STATION values (3573, '.', 69, 412662.96, 134373.61, 1479.34);
insert into STATION values (3574, '11.20', 69, 412663.08, 134373.10, 1479.90);
insert into STATION values (3575, '11.21', 69, 412664.63, 134373.30, 1481.72);
insert into STATION values (3576, '.', 69, 412662.79, 134377.24, 1481.74);
insert into STATION values (3577, '.', 69, 412662.59, 134374.49, 1486.36);
insert into STATION values (3578, '.', 69, 412663.08, 134376.89, 1478.25);
insert into STATION values (3579, '.', 69, 412662.30, 134373.60, 1481.46);
insert into STATION values (3580, '.', 69, 412661.34, 134372.93, 1482.26);
insert into STATION values (3581, '.', 69, 412662.25, 134372.98, 1483.59);
insert into STATION values (3582, '.', 69, 412662.96, 134372.68, 1484.49);
insert into STATION values (3583, '.', 69, 412663.38, 134372.88, 1491.46);
insert into STATION values (3584, '.', 69, 412666.82, 134370.04, 1482.37);
insert into STATION values (3585, '.', 69, 412666.09, 134371.40, 1483.20);
insert into STATION values (3586, '.', 69, 412667.70, 134370.01, 1483.27);
insert into STATION values (3587, '.', 69, 412666.87, 134370.70, 1480.55);
insert into STATION values (3588, '.', 69, 412666.29, 134372.00, 1477.46);
insert into STATION values (3589, '.', 69, 412666.58, 134372.20, 1474.74);
insert into STATION values (3590, '.', 69, 412665.75, 134372.25, 1474.23);
insert into STATION values (3591, '.', 69, 412665.82, 134372.26, 1474.23);
insert into STATION values (3592, '.', 69, 412665.88, 134376.87, 1476.72);
insert into STATION values (3593, '.', 69, 412666.38, 134377.05, 1477.48);
insert into STATION values (3594, '.', 69, 412663.50, 134374.89, 1480.07);
insert into STATION values (3595, '.', 69, 412663.79, 134374.19, 1480.26);
insert into STATION values (3596, '.', 69, 412664.08, 134374.11, 1480.24);
insert into STATION values (3597, '.', 69, 412664.41, 134373.77, 1480.23);
insert into STATION values (3598, '.', 69, 412664.02, 134373.42, 1479.53);
insert into STATION values (3599, '.', 69, 412661.05, 134375.40, 1485.72);
insert into STATION values (3600, '.', 69, 412661.54, 134374.10, 1485.11);
insert into STATION values (3601, '.', 69, 412663.41, 134372.98, 1485.59);
insert into STATION values (3602, '.', 69, 412663.41, 134373.79, 1486.77);
insert into STATION values (3603, '.', 69, 412663.39, 134373.31, 1488.03);
insert into STATION values (3604, '.', 69, 412662.68, 134373.29, 1491.67);
insert into STATION values (3605, '.', 69, 412664.51, 134372.54, 1487.97);
insert into STATION values (3606, '.', 69, 412666.25, 134372.07, 1476.51);
insert into STATION values (3607, '.', 69, 412665.16, 134372.89, 1479.98);
insert into STATION values (3608, '.', 69, 412665.00, 134373.02, 1480.51);
insert into STATION values (3609, '11.22', 69, 412666.26, 134372.08, 1476.48);
insert into STATION values (3610, '.', 69, 412664.34, 134372.60, 1480.75);
insert into STATION values (3611, '.', 69, 412666.47, 134371.90, 1478.19);
insert into STATION values (3612, '.', 69, 412663.59, 134372.85, 1477.25);
insert into STATION values (3613, '.', 69, 412661.50, 134373.24, 1473.64);
insert into STATION values (3614, '.', 69, 412664.75, 134372.70, 1473.33);
insert into STATION values (3615, '.', 69, 412665.90, 134371.93, 1474.00);
insert into STATION values (3616, '.', 69, 412665.33, 134371.91, 1473.92);
insert into STATION values (3617, '.', 69, 412665.79, 134372.46, 1474.45);
insert into STATION values (3618, '.', 69, 412664.72, 134372.78, 1471.83);
insert into STATION values (3619, '.', 69, 412665.54, 134372.04, 1472.21);
insert into STATION values (3620, '.', 69, 412665.52, 134372.25, 1472.07);
insert into STATION values (3621, '.', 69, 412665.58, 134371.91, 1472.17);
insert into STATION values (3622, '.', 69, 412666.57, 134372.69, 1476.32);
insert into STATION values (3623, '.', 69, 412666.40, 134372.65, 1476.97);
insert into STATION values (3624, '.', 69, 412666.18, 134372.37, 1477.64);
insert into STATION values (3625, '.', 69, 412666.26, 134372.92, 1474.83);
insert into STATION values (3626, '.', 69, 412666.78, 134372.57, 1475.47);
insert into STATION values (3627, '.', 69, 412664.83, 134373.10, 1480.24);
insert into STATION values (3628, '.', 69, 412665.16, 134372.00, 1478.07);
insert into STATION values (3629, '.', 69, 412664.45, 134371.59, 1476.54);
insert into STATION values (3630, '.', 69, 412663.17, 134371.56, 1474.20);
insert into STATION values (3631, '.', 69, 412661.16, 134373.28, 1473.19);
insert into STATION values (3632, '.', 69, 412664.25, 134374.32, 1473.64);
insert into STATION values (3633, '.', 69, 412666.17, 134372.80, 1474.75);
insert into STATION values (3634, '.', 69, 412665.60, 134371.52, 1474.19);
insert into STATION values (3635, '.', 69, 412667.15, 134371.79, 1476.73);
insert into STATION values (3636, '.', 69, 412666.57, 134371.87, 1476.65);
insert into STATION values (3637, '.', 69, 412668.57, 134369.86, 1475.62);
insert into STATION values (3638, '.', 69, 412668.02, 134369.90, 1476.20);
insert into STATION values (3639, '11.23', 69, 412663.21, 134375.00, 1473.21);
insert into STATION values (3640, '.', 69, 412660.04, 134374.57, 1473.22);
insert into STATION values (3641, '.', 69, 412659.99, 134375.18, 1473.42);
insert into STATION values (3642, '.', 69, 412659.88, 134375.17, 1473.11);
insert into STATION values (3643, '.', 69, 412662.66, 134375.85, 1472.18);
insert into STATION values (3644, '.', 69, 412666.68, 134376.22, 1473.23);
insert into STATION values (3645, '.', 69, 412667.08, 134375.40, 1473.52);
insert into STATION values (3646, '.', 69, 412666.49, 134374.61, 1473.25);
insert into STATION values (3647, '.', 69, 412666.69, 134374.92, 1472.30);
insert into STATION values (3648, '.', 69, 412666.55, 134374.64, 1472.26);
insert into STATION values (3649, '.', 69, 412666.52, 134375.23, 1472.22);
insert into STATION values (3650, '.', 69, 412663.92, 134374.31, 1472.71);
insert into STATION values (3651, '11.24', 69, 412665.04, 134375.24, 1472.64);
insert into STATION values (3652, '.', 69, 412665.83, 134376.79, 1474.61);
insert into STATION values (3653, '.', 69, 412665.98, 134376.48, 1475.76);
insert into STATION values (3654, '.', 69, 412666.39, 134376.55, 1477.74);
insert into STATION values (3655, '.', 69, 412667.61, 134375.99, 1477.71);
insert into STATION values (3656, '.', 69, 412667.14, 134375.45, 1474.75);
insert into STATION values (3657, '.', 69, 412667.14, 134375.15, 1473.40);
insert into STATION values (3658, '.', 69, 412666.65, 134376.24, 1472.88);
insert into STATION values (3659, '.', 69, 412665.43, 134376.77, 1472.22);
insert into STATION values (3660, '.', 69, 412664.65, 134375.99, 1472.03);
insert into STATION values (3661, '.', 69, 412664.14, 134375.68, 1472.17);
insert into STATION values (3662, '.', 69, 412666.58, 134375.19, 1472.35);
insert into STATION values (3663, '.', 69, 412666.00, 134374.28, 1472.26);
insert into STATION values (3664, '.', 69, 412665.20, 134374.11, 1472.27);
insert into STATION values (3665, '.', 69, 412665.99, 134374.64, 1474.49);
insert into STATION values (3666, '.', 69, 412667.43, 134374.78, 1477.63);
insert into STATION values (3667, '.', 69, 412666.95, 134375.78, 1477.71);
insert into STATION values (3668, '.', 69, 412666.40, 134376.52, 1479.10);
insert into STATION values (3669, '.', 69, 412666.71, 134376.25, 1479.62);
insert into STATION values (3670, '.', 69, 412666.77, 134375.82, 1477.85);
insert into STATION values (3671, '.', 69, 412666.26, 134372.08, 1476.48);
insert into STATION values (3672, '.', 69, 412666.42, 134371.91, 1476.40);
insert into STATION values (3673, '.', 69, 412669.09, 134368.95, 1475.04);
insert into STATION values (3674, '.', 69, 412669.06, 134368.93, 1475.02);
insert into STATION values (3675, '11.25', 69, 412669.07, 134369.00, 1475.06);
insert into STATION values (3676, '.', 69, 412671.47, 134370.23, 1477.83);
insert into STATION values (3677, '.', 69, 412669.41, 134369.82, 1479.41);
insert into STATION values (3678, '.', 69, 412668.43, 134369.66, 1480.15);
insert into STATION values (3679, '.', 69, 412667.75, 134369.53, 1481.43);
insert into STATION values (3680, '.', 69, 412667.60, 134369.02, 1479.97);
insert into STATION values (3681, '.', 69, 412667.64, 134368.77, 1477.29);
insert into STATION values (3682, '.', 69, 412668.70, 134367.86, 1475.35);
insert into STATION values (3683, '.', 69, 412668.57, 134367.89, 1475.75);
insert into STATION values (3684, '.', 69, 412667.72, 134368.41, 1476.31);
insert into STATION values (3685, '.', 69, 412667.75, 134368.61, 1477.61);
insert into STATION values (3686, '.', 69, 412668.97, 134368.98, 1475.34);
insert into STATION values (3687, '.', 69, 412666.94, 134368.93, 1486.41);
insert into STATION values (3688, '.', 69, 412669.80, 134368.48, 1476.11);
insert into STATION values (3689, '.', 69, 412670.40, 134368.70, 1476.06);
insert into STATION values (3690, '.', 69, 412670.83, 134368.77, 1475.97);
insert into STATION values (3691, '11.26', 69, 412672.87, 134369.42, 1475.33);
insert into STATION values (3692, '.', 69, 412671.80, 134369.46, 1474.42);
insert into STATION values (3693, '.', 69, 412670.98, 134367.81, 1473.33);
insert into STATION values (3694, '.', 69, 412670.02, 134367.63, 1472.94);
insert into STATION values (3695, '.', 69, 412669.75, 134367.59, 1473.93);
insert into STATION values (3696, '.', 69, 412670.90, 134368.45, 1474.70);
insert into STATION values (3697, '.', 69, 412671.94, 134368.18, 1474.59);
insert into STATION values (3698, '.', 69, 412672.13, 134368.58, 1477.17);
insert into STATION values (3699, '.', 69, 412668.90, 134368.83, 1478.18);
insert into STATION values (3700, '.', 69, 412668.55, 134367.38, 1477.74);
insert into STATION values (3701, '.', 69, 412671.95, 134369.60, 1474.39);
insert into STATION values (3702, '.', 69, 412671.76, 134369.76, 1475.17);
insert into STATION values (3703, '.', 69, 412670.53, 134369.77, 1476.22);
insert into STATION values (3704, '.', 69, 412671.43, 134369.64, 1476.48);
insert into STATION values (3705, '.', 69, 412674.04, 134368.49, 1475.10);
insert into STATION values (3706, '.', 69, 412673.90, 134368.11, 1474.51);
insert into STATION values (3707, '.', 69, 412674.43, 134367.53, 1474.55);
insert into STATION values (3708, '.', 69, 412674.82, 134367.46, 1474.84);
insert into STATION values (3709, '.', 69, 412675.11, 134366.83, 1475.55);
insert into STATION values (3710, '.', 69, 412673.84, 134367.40, 1476.93);
insert into STATION values (3711, '.', 69, 412672.74, 134368.21, 1476.61);
insert into STATION values (3712, '.', 69, 412673.10, 134367.70, 1478.62);
insert into STATION values (3713, '.', 69, 412673.19, 134368.51, 1477.40);
insert into STATION values (3714, '.', 69, 412672.56, 134369.02, 1476.88);
insert into STATION values (3715, '.', 69, 412671.69, 134368.17, 1478.77);
insert into STATION values (3716, '.', 69, 412670.40, 134368.05, 1479.97);
insert into STATION values (3717, '.', 69, 412669.53, 134368.10, 1479.79);
insert into STATION values (3718, '.', 69, 412667.95, 134367.42, 1480.59);
insert into STATION values (3719, '.', 69, 412677.23, 134364.45, 1476.41);
insert into STATION values (3720, '4.0', 73, 412787.15, 134468.61, 1673.80);
insert into STATION values (3721, '.', 73, 412787.15, 134468.61, 1673.80);
insert into STATION values (3722, '1.87', 73, 412790.12, 134466.97, 1684.12);
insert into STATION values (3723, '4.1', 73, 412782.62, 134472.61, 1669.59);
insert into STATION values (3724, '.', 73, 412781.39, 134472.52, 1669.55);
insert into STATION values (3725, '.', 73, 412782.20, 134472.37, 1667.75);
insert into STATION values (3726, '.', 73, 412784.25, 134470.93, 1669.45);
insert into STATION values (3727, '.', 73, 412783.55, 134472.72, 1669.31);
insert into STATION values (3728, '.', 73, 412783.20, 134471.98, 1673.14);
insert into STATION values (3729, '.', 73, 412782.20, 134472.32, 1667.79);
insert into STATION values (3730, '.', 73, 412782.94, 134470.23, 1669.33);
insert into STATION values (3731, '.', 73, 412781.75, 134470.60, 1668.72);
insert into STATION values (3732, '.', 73, 412782.28, 134468.85, 1669.39);
insert into STATION values (3733, '4.2', 73, 412782.16, 134467.90, 1668.11);
insert into STATION values (3734, '.', 73, 412783.58, 134468.34, 1667.87);
insert into STATION values (3735, '.', 73, 412782.13, 134470.13, 1668.01);
insert into STATION values (3736, '.', 73, 412781.83, 134469.13, 1666.64);
insert into STATION values (3737, '.', 73, 412782.46, 134467.99, 1668.82);
insert into STATION values (3738, '.', 73, 412782.47, 134466.93, 1667.46);
insert into STATION values (3739, '4.3', 73, 412782.85, 134463.24, 1667.14);
insert into STATION values (3740, '.', 73, 412783.05, 134463.28, 1667.09);
insert into STATION values (3741, '.', 73, 412782.50, 134462.62, 1665.84);
insert into STATION values (3742, '.', 73, 412782.33, 134462.56, 1665.92);
insert into STATION values (3743, '.', 73, 412783.37, 134463.36, 1668.44);
insert into STATION values (3744, '4.4', 73, 412784.62, 134460.06, 1667.94);
insert into STATION values (3745, '.', 73, 412784.77, 134459.79, 1668.69);
insert into STATION values (3746, '.', 73, 412784.13, 134460.22, 1666.48);
insert into STATION values (3747, '.', 73, 412786.00, 134456.35, 1664.96);
insert into STATION values (3748, '.', 73, 412785.07, 134459.25, 1667.78);
insert into STATION values (3749, '4.5', 73, 412786.10, 134457.72, 1668.45);
insert into STATION values (3750, '.', 73, 412786.13, 134457.73, 1668.88);
insert into STATION values (3751, '.', 73, 412785.99, 134457.09, 1666.75);
insert into STATION values (3752, '.', 73, 412785.18, 134457.76, 1665.05);
insert into STATION values (3753, '.', 73, 412785.25, 134457.67, 1665.08);
insert into STATION values (3754, '4.6', 73, 412786.45, 134456.68, 1667.50);
insert into STATION values (3755, '.', 73, 412786.26, 134456.55, 1667.51);
insert into STATION values (3756, '.', 73, 412786.59, 134456.81, 1667.57);
insert into STATION values (3757, '.', 73, 412786.40, 134456.64, 1668.14);
insert into STATION values (3758, '.', 73, 412786.73, 134454.77, 1664.82);
insert into STATION values (3759, '4.7', 73, 412787.95, 134454.09, 1667.14);
insert into STATION values (3760, '.', 73, 412788.20, 134454.23, 1667.11);
insert into STATION values (3761, '.', 73, 412787.65, 134453.88, 1667.15);
insert into STATION values (3762, '.', 73, 412787.67, 134453.17, 1665.05);
insert into STATION values (3763, '4.8', 73, 412789.44, 134449.70, 1665.49);
insert into STATION values (3764, '.', 73, 412789.94, 134449.89, 1665.52);
insert into STATION values (3765, '.', 73, 412789.79, 134449.12, 1662.40);
insert into STATION values (3766, '.', 73, 412789.99, 134449.88, 1666.64);
insert into STATION values (3767, '.', 73, 412790.55, 134447.77, 1663.69);
insert into STATION values (3768, '4.9', 73, 412790.57, 134447.65, 1664.59);
insert into STATION values (3769, '.', 73, 412792.95, 134446.96, 1664.41);
insert into STATION values (3770, '.', 73, 412791.39, 134447.84, 1664.76);
insert into STATION values (3771, '.', 73, 412790.60, 134448.19, 1664.41);
insert into STATION values (3772, '4.10', 73, 412790.82, 134448.15, 1663.91);
insert into STATION values (3773, '.', 73, 412790.42, 134447.53, 1663.65);
insert into STATION values (3774, '.', 73, 412788.80, 134449.52, 1651.99);
insert into STATION values (3775, '.', 73, 412788.78, 134449.52, 1651.93);
insert into STATION values (3776, '.', 73, 412788.80, 134449.51, 1651.93);
insert into STATION values (3777, '4.11', 73, 412788.21, 134449.78, 1649.86);
insert into STATION values (3778, '.', 73, 412787.22, 134450.00, 1650.02);
insert into STATION values (3779, '.', 73, 412787.38, 134449.07, 1650.14);
insert into STATION values (3780, '.', 73, 412788.98, 134445.09, 1650.22);
insert into STATION values (3781, '.', 73, 412788.12, 134447.18, 1649.93);
insert into STATION values (3782, '.', 73, 412788.45, 134449.31, 1651.08);
insert into STATION values (3783, '.', 73, 412788.81, 134449.87, 1654.74);
insert into STATION values (3784, '.', 73, 412788.00, 134450.18, 1652.38);
insert into STATION values (3785, '.', 73, 412790.29, 134444.17, 1649.50);
insert into STATION values (3786, '.', 73, 412787.23, 134449.53, 1649.97);
insert into STATION values (3787, '.', 73, 412788.30, 134449.23, 1648.92);
insert into STATION values (3788, '.', 73, 412789.13, 134445.36, 1642.93);
insert into STATION values (3789, '.', 73, 412787.25, 134444.60, 1638.37);
insert into STATION values (3790, '.', 73, 412780.97, 134446.84, 1625.03);
insert into STATION values (3791, '4.12', 73, 412784.87, 134449.62, 1641.87);
insert into STATION values (3792, '.', 73, 412787.05, 134444.46, 1640.64);
insert into STATION values (3793, '.', 73, 412786.29, 134448.80, 1641.42);
insert into STATION values (3794, '.', 73, 412787.82, 134445.65, 1640.08);
insert into STATION values (3795, '.', 73, 412784.86, 134449.03, 1641.62);
insert into STATION values (3796, '.', 73, 412784.20, 134452.25, 1641.47);
insert into STATION values (3797, '.', 73, 412783.10, 134452.11, 1637.12);
insert into STATION values (3798, '4.13', 73, 412782.16, 134445.78, 1624.89);
insert into STATION values (3799, '.', 73, 412783.35, 134447.94, 1624.67);
insert into STATION values (3800, '.', 73, 412781.62, 134448.88, 1625.12);
insert into STATION values (3801, '.', 73, 412780.30, 134451.11, 1628.98);
insert into STATION values (3802, '.', 73, 412780.35, 134446.39, 1625.20);
insert into STATION values (3803, '.', 73, 412782.43, 134446.46, 1623.68);
insert into STATION values (3804, '.', 73, 412782.38, 134446.23, 1623.49);
insert into STATION values (3805, '.', 73, 412781.57, 134444.60, 1624.31);
insert into STATION values (3806, '.', 73, 412784.13, 134444.85, 1631.38);
insert into STATION values (3807, '11.26', 77, 412672.87, 134369.42, 1475.33);
insert into STATION values (3808, '12.0', 77, 412672.87, 134369.42, 1475.33);
insert into STATION values (3809, '.', 77, 412677.86, 134364.90, 1476.42);
insert into STATION values (3810, '.', 77, 412672.91, 134368.84, 1475.28);
insert into STATION values (3811, '.', 77, 412673.12, 134369.25, 1474.23);
insert into STATION values (3812, '.', 77, 412668.27, 134367.23, 1475.58);
insert into STATION values (3813, '.', 77, 412667.57, 134368.70, 1480.92);
insert into STATION values (3814, '12.1', 77, 412672.83, 134368.16, 1472.61);
insert into STATION values (3815, '.', 77, 412670.98, 134368.48, 1472.30);
insert into STATION values (3816, '.', 77, 412671.99, 134367.86, 1471.83);
insert into STATION values (3817, '.', 77, 412672.48, 134367.85, 1472.82);
insert into STATION values (3818, '.', 77, 412672.67, 134367.81, 1473.43);
insert into STATION values (3819, '.', 77, 412672.85, 134367.53, 1473.90);
insert into STATION values (3820, '.', 77, 412673.00, 134368.11, 1473.18);
insert into STATION values (3821, '.', 77, 412672.99, 134368.65, 1473.09);
insert into STATION values (3822, '.', 77, 412673.38, 134368.90, 1475.25);
insert into STATION values (3823, '.', 77, 412673.04, 134365.55, 1470.26);
insert into STATION values (3824, '.', 77, 412672.50, 134366.96, 1471.35);
insert into STATION values (3825, '.', 77, 412673.14, 134365.80, 1472.26);
insert into STATION values (3826, '.', 77, 412672.85, 134366.70, 1472.86);
insert into STATION values (3827, '12.2', 77, 412673.50, 134365.96, 1471.70);
insert into STATION values (3828, '.', 77, 412673.02, 134365.73, 1471.75);
insert into STATION values (3829, '.', 77, 412673.21, 134365.62, 1472.93);
insert into STATION values (3830, '.', 77, 412673.38, 134365.68, 1473.79);
insert into STATION values (3831, '.', 77, 412673.72, 134365.93, 1474.01);
insert into STATION values (3832, '.', 77, 412673.62, 134366.26, 1473.91);
insert into STATION values (3833, '.', 77, 412674.60, 134364.08, 1475.10);
insert into STATION values (3834, '.', 77, 412674.73, 134362.38, 1474.07);
insert into STATION values (3835, '.', 77, 412674.51, 134361.92, 1469.62);
insert into STATION values (3836, '.', 77, 412673.55, 134366.24, 1471.90);
insert into STATION values (3837, '.', 77, 412673.05, 134366.89, 1470.51);
insert into STATION values (3838, '.', 77, 412672.79, 134367.14, 1471.87);
insert into STATION values (3839, '.', 77, 412672.53, 134367.56, 1473.19);
insert into STATION values (3840, '.', 77, 412673.44, 134365.91, 1473.47);
insert into STATION values (3841, '.', 77, 412673.42, 134359.95, 1462.33);
insert into STATION values (3842, '.', 77, 412674.40, 134362.21, 1469.36);
insert into STATION values (3843, '.', 77, 412673.20, 134365.22, 1470.32);
insert into STATION values (3844, '.', 77, 412673.57, 134365.44, 1470.19);
insert into STATION values (3845, '12.3', 77, 412674.33, 134363.16, 1472.59);
insert into STATION values (3846, '.', 77, 412673.62, 134359.96, 1472.47);
insert into STATION values (3847, '.', 77, 412673.83, 134361.20, 1473.88);
insert into STATION values (3848, '.', 77, 412674.51, 134365.40, 1474.50);
insert into STATION values (3849, '.', 77, 412674.10, 134366.21, 1473.41);
insert into STATION values (3850, '.', 77, 412673.96, 134365.79, 1472.18);
insert into STATION values (3851, '.', 77, 412674.48, 134363.05, 1472.74);
insert into STATION values (3852, '.', 77, 412674.96, 134362.81, 1475.36);
insert into STATION values (3853, '.', 77, 412673.60, 134363.38, 1474.11);
insert into STATION values (3854, '.', 77, 412671.23, 134363.71, 1462.71);
insert into STATION values (3855, '.', 77, 412672.09, 134361.81, 1462.72);
insert into STATION values (3856, '.', 77, 412670.54, 134361.44, 1465.62);
insert into STATION values (3857, '.', 77, 412672.05, 134358.80, 1466.64);
insert into STATION values (3858, '12.4', 77, 412672.19, 134359.99, 1462.69);
insert into STATION values (3859, '.', 77, 412675.87, 134356.32, 1462.23);
insert into STATION values (3860, '.', 77, 412673.14, 134359.08, 1466.48);
insert into STATION values (3861, '.', 77, 412672.88, 134359.18, 1469.37);
insert into STATION values (3862, '.', 77, 412672.53, 134359.65, 1472.58);
insert into STATION values (3863, '.', 77, 412672.28, 134360.13, 1472.74);
insert into STATION values (3864, '.', 77, 412673.04, 134362.82, 1473.66);
insert into STATION values (3865, '.', 77, 412672.40, 134364.18, 1469.14);
insert into STATION values (3866, '.', 77, 412674.07, 134365.05, 1468.15);
insert into STATION values (3867, '.', 77, 412671.92, 134364.97, 1466.54);
insert into STATION values (3868, '.', 77, 412671.31, 134364.59, 1464.28);
insert into STATION values (3869, '.', 77, 412671.46, 134364.86, 1462.54);
insert into STATION values (3870, '.', 77, 412672.63, 134365.33, 1462.41);
insert into STATION values (3871, '.', 77, 412674.23, 134364.62, 1462.31);
insert into STATION values (3872, '.', 77, 412675.28, 134362.43, 1462.54);
insert into STATION values (3873, '.', 77, 412675.00, 134360.68, 1462.55);
insert into STATION values (3874, '.', 77, 412674.02, 134359.73, 1462.68);
insert into STATION values (3875, '.', 77, 412672.56, 134359.98, 1462.41);
insert into STATION values (3876, '.', 77, 412671.30, 134359.93, 1462.88);
insert into STATION values (3877, '.', 77, 412671.34, 134359.62, 1462.96);
insert into STATION values (3878, '.', 77, 412670.46, 134360.43, 1463.15);
insert into STATION values (3879, '12.5', 77, 412675.42, 134356.85, 1462.21);
insert into STATION values (3880, '.', 77, 412676.20, 134357.25, 1462.36);
insert into STATION values (3881, '.', 77, 412675.66, 134356.71, 1462.73);
insert into STATION values (3882, '.', 77, 412675.01, 134356.10, 1463.36);
insert into STATION values (3883, '.', 77, 412674.83, 134356.63, 1462.14);
insert into STATION values (3884, '.', 77, 412675.80, 134355.79, 1461.65);
insert into STATION values (3885, '.', 77, 412675.70, 134354.93, 1462.27);
insert into STATION values (3886, '.', 77, 412675.75, 134352.72, 1463.47);
insert into STATION values (3887, '.', 77, 412675.50, 134354.19, 1464.40);
insert into STATION values (3888, '.', 77, 412675.30, 134356.22, 1462.78);
insert into STATION values (3889, '.', 77, 412675.07, 134355.70, 1462.09);
insert into STATION values (3890, '.', 77, 412675.05, 134354.36, 1461.32);
insert into STATION values (3891, '12.6', 77, 412675.92, 134353.97, 1462.96);
insert into STATION values (3892, '.', 77, 412675.04, 134353.28, 1462.83);
insert into STATION values (3893, '.', 77, 412675.63, 134353.69, 1463.54);
insert into STATION values (3894, '.', 77, 412675.93, 134353.69, 1465.13);
insert into STATION values (3895, '.', 77, 412676.22, 134353.48, 1460.66);
insert into STATION values (3896, '.', 77, 412677.37, 134350.69, 1461.59);
insert into STATION values (3897, '.', 77, 412677.50, 134350.06, 1464.14);
insert into STATION values (3898, '.', 77, 412675.18, 134355.19, 1461.10);
insert into STATION values (3899, '.', 77, 412675.27, 134356.56, 1461.53);
insert into STATION values (3900, '.', 77, 412675.26, 134356.22, 1463.24);
insert into STATION values (3901, '.', 77, 412675.55, 134355.06, 1464.24);
insert into STATION values (3902, '.', 77, 412676.19, 134355.68, 1462.70);
insert into STATION values (3903, '.', 77, 412675.35, 134354.64, 1462.75);
insert into STATION values (3904, '.', 77, 412675.45, 134354.96, 1460.91);
insert into STATION values (3905, '.', 77, 412675.14, 134354.48, 1460.95);
insert into STATION values (3906, '.', 77, 412676.82, 134352.68, 1460.38);
insert into STATION values (3907, '12.7', 77, 412677.51, 134349.46, 1463.20);
insert into STATION values (3908, '.', 77, 412676.72, 134348.84, 1462.94);
insert into STATION values (3909, '.', 77, 412675.98, 134349.60, 1463.54);
insert into STATION values (3910, '.', 77, 412676.05, 134349.81, 1463.43);
insert into STATION values (3911, '.', 77, 412677.32, 134349.56, 1463.53);
insert into STATION values (3912, '.', 77, 412677.73, 134349.68, 1463.11);
insert into STATION values (3913, '.', 77, 412677.19, 134349.05, 1460.25);
insert into STATION values (3914, '.', 77, 412677.45, 134348.49, 1461.54);
insert into STATION values (3915, '.', 77, 412677.72, 134347.53, 1462.04);
insert into STATION values (3916, '.', 77, 412678.28, 134346.04, 1461.98);
insert into STATION values (3917, '.', 77, 412679.36, 134343.82, 1464.75);
insert into STATION values (3918, '.', 77, 412679.77, 134342.69, 1463.77);
insert into STATION values (3919, '.', 77, 412677.19, 134351.35, 1463.11);
insert into STATION values (3920, '.', 77, 412676.71, 134350.84, 1463.14);
insert into STATION values (3921, '.', 77, 412676.90, 134352.65, 1460.32);
insert into STATION values (3922, '.', 77, 412680.17, 134341.17, 1460.55);
insert into STATION values (3923, '12.8', 77, 412680.24, 134341.11, 1461.54);
insert into STATION values (3924, '.', 77, 412680.58, 134341.20, 1461.62);
insert into STATION values (3925, '.', 77, 412680.19, 134341.00, 1465.00);
insert into STATION values (3926, '.', 77, 412680.12, 134341.11, 1461.75);
insert into STATION values (3927, '.', 77, 412680.61, 134340.81, 1459.75);
insert into STATION values (3928, '.', 77, 412681.48, 134338.42, 1459.75);
insert into STATION values (3929, '.', 77, 412681.58, 134338.09, 1461.44);
insert into STATION values (3930, '.', 77, 412679.57, 134342.21, 1460.07);
insert into STATION values (3931, '.', 77, 412681.08, 134338.20, 1463.56);
insert into STATION values (3932, '.', 77, 412681.45, 134338.60, 1461.67);
insert into STATION values (3933, '12.9', 77, 412681.08, 134338.33, 1462.87);
insert into STATION values (3934, '.', 77, 412680.81, 134338.33, 1462.90);
insert into STATION values (3935, '.', 77, 412681.22, 134338.38, 1463.09);
insert into STATION values (3936, '.', 77, 412680.41, 134337.84, 1465.11);
insert into STATION values (3937, '.', 77, 412680.68, 134338.19, 1462.60);
insert into STATION values (3938, '.', 77, 412681.06, 134338.34, 1461.84);
insert into STATION values (3939, '.', 77, 412681.27, 134338.57, 1460.49);
insert into STATION values (3940, '.', 77, 412682.12, 134335.24, 1459.84);
insert into STATION values (3941, '12.10', 77, 412681.34, 134333.67, 1462.75);
insert into STATION values (3942, '.', 77, 412682.06, 134332.46, 1462.92);
insert into STATION values (3943, '.', 77, 412680.62, 134333.36, 1466.15);
insert into STATION values (3944, '.', 77, 412681.04, 134334.07, 1462.88);
insert into STATION values (3945, '.', 77, 412680.02, 134333.68, 1462.75);
insert into STATION values (3946, '.', 77, 412679.09, 134333.05, 1462.79);
insert into STATION values (3947, '.', 77, 412678.86, 134332.49, 1462.84);
insert into STATION values (3948, '.', 77, 412680.89, 134333.64, 1464.48);
insert into STATION values (3949, '.', 77, 412680.57, 134333.27, 1466.13);
insert into STATION values (3950, '.', 77, 412678.76, 134332.66, 1465.80);
insert into STATION values (3951, '.', 77, 412682.98, 134334.04, 1459.64);
insert into STATION values (3952, '.', 77, 412682.69, 134333.52, 1459.68);
insert into STATION values (3953, '.', 77, 412681.70, 134334.72, 1462.68);
insert into STATION values (3954, '.', 77, 412682.11, 134336.32, 1460.79);
insert into STATION values (3955, '.', 77, 412681.12, 134334.77, 1462.85);
insert into STATION values (3956, '.', 77, 412680.94, 134336.18, 1464.68);
insert into STATION values (3957, '.', 77, 412680.87, 134334.74, 1465.16);
insert into STATION values (3958, '.', 77, 412681.02, 134334.15, 1463.83);
insert into STATION values (3959, '12.11', 77, 412679.14, 134333.00, 1462.90);
insert into STATION values (3960, '.', 77, 412679.00, 134333.14, 1463.07);
insert into STATION values (3961, '.', 77, 412678.83, 134333.25, 1467.66);
insert into STATION values (3962, '.', 77, 412679.61, 134332.76, 1466.90);
insert into STATION values (3963, '.', 77, 412678.24, 134333.12, 1468.18);
insert into STATION values (3964, '.', 77, 412679.38, 134332.67, 1463.33);
insert into STATION values (3965, '.', 77, 412679.37, 134332.63, 1463.02);
insert into STATION values (3966, '.', 77, 412677.81, 134332.19, 1460.42);
insert into STATION values (3967, '.', 77, 412676.60, 134332.20, 1460.73);
insert into STATION values (3968, '.', 77, 412676.13, 134332.42, 1462.89);
insert into STATION values (3969, '.', 77, 412675.91, 134332.95, 1461.47);
insert into STATION values (3970, '12.12', 77, 412676.36, 134332.70, 1462.40);
insert into STATION values (3971, '.', 77, 412676.12, 134332.44, 1460.97);
insert into STATION values (3972, '.', 77, 412677.39, 134332.14, 1462.29);
insert into STATION values (3973, '.', 77, 412677.52, 134331.59, 1464.04);
insert into STATION values (3974, '.', 77, 412676.33, 134332.69, 1463.08);
insert into STATION values (3975, '.', 77, 412676.05, 134331.56, 1462.24);
insert into STATION values (3976, '.', 77, 412677.58, 134330.04, 1462.29);
insert into STATION values (3977, '.', 77, 412679.49, 134328.26, 1462.20);
insert into STATION values (3978, '.', 77, 412679.31, 134328.74, 1460.58);
insert into STATION values (3979, '.', 77, 412679.85, 134333.28, 1460.45);
insert into STATION values (3980, '.', 77, 412679.49, 134332.67, 1459.28);
insert into STATION values (3981, '.', 77, 412677.64, 134332.61, 1460.49);
insert into STATION values (3982, '.', 77, 412678.92, 134332.61, 1458.88);
insert into STATION values (3983, '.', 77, 412677.82, 134332.08, 1460.83);
insert into STATION values (3984, '.', 77, 412677.22, 134332.27, 1462.36);
insert into STATION values (3985, '.', 77, 412680.62, 134333.06, 1465.81);
insert into STATION values (3986, '.', 77, 412676.94, 134332.74, 1461.18);
insert into STATION values (3987, '12.13', 77, 412680.02, 134327.82, 1461.39);
insert into STATION values (3988, '.', 77, 412680.28, 134327.89, 1457.56);
insert into STATION values (3989, '.', 77, 412680.94, 134326.67, 1459.42);
insert into STATION values (3990, '.', 77, 412680.23, 134327.58, 1461.61);
insert into STATION values (3991, '.', 77, 412680.18, 134327.78, 1461.91);
insert into STATION values (3992, '.', 77, 412678.36, 134329.24, 1463.50);
insert into STATION values (3993, '.', 77, 412675.98, 134332.36, 1462.37);
insert into STATION values (3994, '.', 77, 412679.04, 134329.13, 1461.05);
insert into STATION values (3995, '.', 77, 412678.58, 134329.84, 1460.71);
insert into STATION values (3996, '.', 77, 412680.05, 134328.29, 1459.81);
insert into STATION values (3997, '.', 77, 412680.46, 134328.09, 1461.15);
insert into STATION values (3998, '.', 77, 412680.43, 134328.02, 1462.12);
insert into STATION values (3999, '.', 77, 412679.88, 134327.78, 1461.57);
insert into STATION values (4000, '.', 77, 412679.47, 134327.80, 1460.81);
insert into STATION values (4001, '12.14', 77, 412680.95, 134326.85, 1458.41);
insert into STATION values (4002, '.', 77, 412680.70, 134326.38, 1460.48);
insert into STATION values (4003, '.', 77, 412680.43, 134325.64, 1461.43);
insert into STATION values (4004, '.', 77, 412680.37, 134324.71, 1459.64);
insert into STATION values (4005, '.', 77, 412679.61, 134322.47, 1459.93);
insert into STATION values (4006, '.', 77, 412679.95, 134323.44, 1458.02);
insert into STATION values (4007, '.', 77, 412680.19, 134324.31, 1456.77);
insert into STATION values (4008, '.', 77, 412680.13, 134325.86, 1456.58);
insert into STATION values (4009, '.', 77, 412680.30, 134326.64, 1458.79);
insert into STATION values (4010, '.', 77, 412680.17, 134327.10, 1459.93);
insert into STATION values (4011, '.', 77, 412681.32, 134327.07, 1458.72);
insert into STATION values (4012, '.', 77, 412679.44, 134329.05, 1457.92);
insert into STATION values (4013, '.', 77, 412679.36, 134329.69, 1458.86);
insert into STATION values (4014, '.', 77, 412679.80, 134328.67, 1459.76);
insert into STATION values (4015, '.', 77, 412679.54, 134329.05, 1461.01);
insert into STATION values (4016, '.', 77, 412679.16, 134329.37, 1463.59);
insert into STATION values (4017, '.', 77, 412679.88, 134328.40, 1463.12);
insert into STATION values (4018, '.', 77, 412680.91, 134327.23, 1459.31);
insert into STATION values (4019, '.', 77, 412680.88, 134324.47, 1456.42);
insert into STATION values (4020, '12.15', 77, 412680.35, 134324.94, 1457.65);
insert into STATION values (4021, '.', 77, 412681.62, 134324.49, 1456.12);
insert into STATION values (4022, '.', 77, 412683.05, 134323.61, 1455.92);
insert into STATION values (4023, '.', 77, 412680.40, 134324.27, 1457.49);
insert into STATION values (4024, '.', 77, 412681.20, 134325.27, 1457.34);
insert into STATION values (4025, '.', 77, 412680.35, 134324.92, 1456.64);
insert into STATION values (4026, '.', 77, 412682.16, 134324.24, 1462.49);
insert into STATION values (4027, '.', 77, 412679.75, 134322.46, 1461.03);
insert into STATION values (4028, '.', 77, 412679.97, 134323.59, 1458.71);
insert into STATION values (4029, '.', 77, 412680.40, 134326.09, 1457.61);
insert into STATION values (4030, '.', 77, 412681.02, 134325.98, 1457.68);
insert into STATION values (4031, '.', 77, 412681.21, 134327.09, 1458.71);
insert into STATION values (4032, '.', 77, 412680.59, 134327.78, 1461.03);
insert into STATION values (4033, '.', 77, 412684.25, 134323.32, 1455.83);
insert into STATION values (4034, '12.16', 77, 412682.15, 134323.45, 1459.21);
insert into STATION values (4035, '.', 77, 412682.71, 134323.96, 1459.43);
insert into STATION values (4036, '.', 77, 412682.21, 134323.49, 1459.42);
insert into STATION values (4037, '.', 77, 412681.23, 134324.65, 1456.00);
insert into STATION values (4038, '.', 77, 412683.24, 134323.43, 1458.79);
insert into STATION values (4039, '.', 77, 412684.44, 134322.43, 1459.38);
insert into STATION values (4040, '.', 77, 412685.21, 134322.96, 1460.42);
insert into STATION values (4041, '.', 77, 412686.00, 134322.88, 1460.01);
insert into STATION values (4042, '.', 77, 412685.34, 134322.72, 1458.89);
insert into STATION values (4043, '.', 77, 412683.27, 134323.35, 1459.26);
insert into STATION values (4044, '12.17', 77, 412685.37, 134322.89, 1458.92);
insert into STATION values (4045, '.', 77, 412685.77, 134324.06, 1454.89);
insert into STATION values (4046, '.', 77, 412685.44, 134323.62, 1455.88);
insert into STATION values (4047, '.', 77, 412685.30, 134323.13, 1459.04);
insert into STATION values (4048, '.', 77, 412686.30, 134322.87, 1459.52);
insert into STATION values (4049, '.', 77, 412685.38, 134322.93, 1459.41);
insert into STATION values (4050, '.', 77, 412687.12, 134322.87, 1458.17);
insert into STATION values (4051, '.', 77, 412685.42, 134322.91, 1458.47);
insert into STATION values (4052, '.', 77, 412684.44, 134322.71, 1456.76);
insert into STATION values (4053, '12.18', 77, 412686.45, 134323.01, 1458.74);
insert into STATION values (4054, '.', 77, 412687.16, 134322.87, 1454.61);
insert into STATION values (4055, '.', 77, 412686.32, 134322.57, 1458.76);
insert into STATION values (4056, '.', 77, 412686.24, 134322.41, 1460.58);
insert into STATION values (4057, '12.19', 77, 412686.27, 134322.62, 1458.91);
insert into STATION values (4058, '12.20', 77, 412689.60, 134320.71, 1458.49);
insert into STATION values (4059, '.', 77, 412689.64, 134320.43, 1458.54);
insert into STATION values (4060, '.', 77, 412690.12, 134321.14, 1458.55);
insert into STATION values (4061, '.', 77, 412690.06, 134320.28, 1460.25);
insert into STATION values (4062, '.', 77, 412690.28, 134321.00, 1454.23);
insert into STATION values (4063, '.', 77, 412690.08, 134321.01, 1458.88);
insert into STATION values (4064, '.', 77, 412689.58, 134320.48, 1458.46);
insert into STATION values (4065, '12.21', 77, 412693.31, 134319.40, 1457.09);
insert into STATION values (4066, '.', 77, 412693.37, 134319.50, 1453.82);
insert into STATION values (4067, '.', 77, 412693.63, 134319.91, 1454.63);
insert into STATION values (4068, '.', 77, 412693.10, 134318.96, 1456.55);
insert into STATION values (4069, '.', 77, 412692.94, 134319.01, 1457.22);
insert into STATION values (4070, '.', 77, 412693.63, 134317.10, 1459.84);
insert into STATION values (4071, '.', 77, 412694.08, 134318.21, 1457.03);
insert into STATION values (4072, '.', 77, 412695.55, 134317.94, 1453.43);
insert into STATION values (4073, '.', 77, 412697.25, 134316.51, 1453.40);
insert into STATION values (4074, '12.22', 77, 412698.05, 134315.59, 1454.17);
insert into STATION values (4075, '.', 77, 412698.74, 134314.92, 1456.23);
insert into STATION values (4076, '.', 77, 412698.59, 134315.10, 1455.07);
insert into STATION values (4077, '.', 77, 412699.30, 134315.35, 1453.93);
insert into STATION values (4078, '.', 77, 412698.34, 134315.89, 1454.90);
insert into STATION values (4079, '.', 77, 412697.55, 134315.66, 1456.06);
insert into STATION values (4080, '.', 77, 412698.09, 134315.75, 1451.54);
insert into STATION values (4081, '12.23', 77, 412699.23, 134314.29, 1452.03);
insert into STATION values (4082, '.', 77, 412698.96, 134315.83, 1452.35);
insert into STATION values (4083, '.', 77, 412698.12, 134315.26, 1452.56);
insert into STATION values (4084, '.', 77, 412697.15, 134313.62, 1452.90);
insert into STATION values (4085, '.', 77, 412699.11, 134312.55, 1452.67);
insert into STATION values (4086, '.', 77, 412700.85, 134313.11, 1452.69);
insert into STATION values (4087, '.', 77, 412699.76, 134312.72, 1452.65);
insert into STATION values (4088, '.', 77, 412699.02, 134314.44, 1454.84);
insert into STATION values (4089, '.', 77, 412698.16, 134313.35, 1454.31);
insert into STATION values (4090, '.', 77, 412697.79, 134313.54, 1453.58);
insert into STATION values (4091, '.', 77, 412700.59, 134312.50, 1454.45);
insert into STATION values (4092, '.', 77, 412700.33, 134310.90, 1457.17);
insert into STATION values (4093, '.', 77, 412699.77, 134306.13, 1458.33);
insert into STATION values (4094, '.', 77, 412699.33, 134312.98, 1454.17);
insert into STATION values (4095, '12.24', 77, 412700.54, 134312.21, 1454.12);
insert into STATION values (4096, '.', 77, 412699.11, 134311.60, 1454.72);
insert into STATION values (4097, '.', 77, 412698.90, 134310.46, 1456.82);
insert into STATION values (4098, '.', 77, 412697.78, 134306.45, 1457.48);
insert into STATION values (4099, '.', 77, 412698.38, 134306.44, 1461.43);
insert into STATION values (4100, '.', 77, 412700.06, 134305.67, 1456.91);
insert into STATION values (4101, '.', 77, 412700.31, 134310.73, 1454.58);
insert into STATION values (4102, '.', 77, 412698.83, 134310.67, 1450.57);
insert into STATION values (4103, '.', 77, 412698.34, 134308.29, 1451.36);
insert into STATION values (4104, '.', 77, 412699.52, 134311.64, 1453.02);
insert into STATION values (4105, '.', 77, 412700.80, 134311.11, 1453.68);
insert into STATION values (4106, '.', 77, 412699.23, 134310.99, 1462.83);
insert into STATION values (4107, '.', 77, 412699.02, 134312.01, 1455.05);
insert into STATION values (4108, '.', 77, 412699.17, 134312.02, 1454.34);
insert into STATION values (4109, '.', 77, 412699.93, 134308.29, 1454.57);
insert into STATION values (4110, '12.25', 77, 412698.69, 134308.36, 1455.70);
insert into STATION values (4111, '.', 77, 412697.86, 134306.61, 1458.30);
insert into STATION values (4112, '.', 77, 412700.42, 134310.13, 1467.49);
insert into STATION values (4113, '.', 77, 412699.15, 134308.06, 1459.90);
insert into STATION values (4114, '.', 77, 412699.78, 134309.65, 1460.86);
insert into STATION values (4115, '.', 77, 412700.05, 134308.86, 1456.87);
insert into STATION values (4116, '.', 77, 412700.25, 134309.26, 1455.32);
insert into STATION values (4117, '.', 77, 412700.04, 134309.79, 1453.21);
insert into STATION values (4118, '.', 77, 412699.48, 134310.72, 1451.75);
insert into STATION values (4119, '.', 77, 412698.92, 134311.54, 1454.76);
insert into STATION values (4120, '.', 77, 412700.57, 134312.38, 1455.32);
insert into STATION values (4121, '.', 77, 412699.04, 134311.03, 1457.31);
insert into STATION values (4122, '.', 77, 412697.33, 134308.54, 1457.01);
insert into STATION values (4123, '.', 77, 412697.61, 134306.44, 1457.54);
insert into STATION values (4124, '.', 77, 412700.69, 134306.77, 1456.44);
insert into STATION values (4125, '.', 77, 412703.40, 134306.98, 1456.01);
insert into STATION values (4126, '.', 77, 412701.77, 134308.95, 1452.83);
insert into STATION values (4127, '12.26', 77, 412703.11, 134307.44, 1454.70);
insert into STATION values (4128, '.', 77, 412703.05, 134304.90, 1456.10);
insert into STATION values (4129, '.', 77, 412704.03, 134300.79, 1451.62);
insert into STATION values (4130, '.', 77, 412703.88, 134303.93, 1450.00);
insert into STATION values (4131, '.', 77, 412703.15, 134306.50, 1453.03);
insert into STATION values (4132, '.', 77, 412701.75, 134308.59, 1452.63);
insert into STATION values (4133, '.', 77, 412702.73, 134307.70, 1454.56);
insert into STATION values (4134, '.', 77, 412702.37, 134306.80, 1454.46);
insert into STATION values (4135, '.', 77, 412701.98, 134306.43, 1453.49);
insert into STATION values (4136, '.', 77, 412702.99, 134305.32, 1454.01);
insert into STATION values (4137, '.', 77, 412703.64, 134306.39, 1454.37);
insert into STATION values (4138, '.', 77, 412702.04, 134306.62, 1456.26);
insert into STATION values (4139, '.', 77, 412703.66, 134303.64, 1449.82);
insert into STATION values (4140, '12.27', 77, 412704.02, 134301.39, 1451.29);
insert into STATION values (4141, '.', 77, 412702.52, 134305.48, 1447.28);
insert into STATION values (4142, '.', 77, 412703.36, 134304.40, 1447.59);
insert into STATION values (4143, '.', 77, 412702.53, 134305.44, 1447.70);
insert into STATION values (4144, '.', 77, 412702.07, 134309.35, 1448.55);
insert into STATION values (4145, '.', 77, 412703.21, 134305.85, 1450.66);
insert into STATION values (4146, '.', 77, 412703.48, 134306.53, 1452.59);
insert into STATION values (4147, '.', 77, 412702.96, 134307.86, 1456.02);
insert into STATION values (4148, '.', 77, 412702.97, 134302.99, 1454.65);
insert into STATION values (4149, '.', 77, 412702.83, 134301.73, 1456.37);
insert into STATION values (4150, '.', 77, 412703.85, 134301.27, 1451.36);
insert into STATION values (4151, '.', 77, 412704.37, 134301.57, 1451.40);
insert into STATION values (4152, '.', 77, 412705.58, 134300.39, 1450.31);
insert into STATION values (4153, '.', 77, 412705.86, 134299.68, 1450.28);
insert into STATION values (4154, '.', 77, 412706.13, 134298.25, 1451.88);
insert into STATION values (4155, '.', 77, 412704.16, 134300.94, 1452.38);
insert into STATION values (4156, '.', 77, 412702.72, 134300.75, 1459.56);
insert into STATION values (4157, '.', 77, 412706.22, 134298.32, 1452.15);
insert into STATION values (4158, '12.28', 77, 412703.43, 134303.17, 1448.80);
insert into STATION values (4159, '.', 77, 412703.35, 134302.98, 1448.84);
insert into STATION values (4160, '.', 77, 412702.68, 134303.62, 1451.74);
insert into STATION values (4161, '.', 77, 412703.53, 134304.01, 1447.61);
insert into STATION values (4162, '.', 77, 412705.21, 134302.60, 1447.25);
insert into STATION values (4163, '.', 77, 412704.46, 134302.80, 1448.43);
insert into STATION values (4164, '.', 77, 412703.90, 134302.66, 1448.54);
insert into STATION values (4165, '.', 77, 412705.35, 134301.78, 1448.14);
insert into STATION values (4166, '12.29', 77, 412705.94, 134301.06, 1448.01);
insert into STATION values (4167, '.', 77, 412705.48, 134300.55, 1447.94);
insert into STATION values (4168, '.', 77, 412705.71, 134300.74, 1447.06);
insert into STATION values (4169, '.', 77, 412705.79, 134300.88, 1446.86);
insert into STATION values (4170, '.', 77, 412706.23, 134300.42, 1447.67);
insert into STATION values (4171, '.', 77, 412706.59, 134298.95, 1446.67);
insert into STATION values (4172, '.', 77, 412706.29, 134298.43, 1446.97);
insert into STATION values (4173, '.', 77, 412706.72, 134298.54, 1446.94);
insert into STATION values (4174, '.', 77, 412706.20, 134299.81, 1447.75);
insert into STATION values (4175, '12.30', 77, 412706.64, 134298.55, 1447.05);
insert into STATION values (4176, '.', 77, 412707.18, 134298.59, 1447.03);
insert into STATION values (4177, '.', 77, 412706.17, 134298.35, 1447.30);
insert into STATION values (4178, '.', 77, 412705.97, 134298.03, 1449.58);
insert into STATION values (4179, '.', 77, 412706.61, 134298.30, 1448.08);
insert into STATION values (4180, '.', 77, 412707.08, 134297.50, 1447.45);
insert into STATION values (4181, '.', 77, 412707.66, 134297.87, 1447.69);
insert into STATION values (4182, '.', 77, 412708.76, 134296.06, 1447.66);
insert into STATION values (4183, '.', 77, 412709.21, 134295.87, 1446.45);
insert into STATION values (4184, '.', 77, 412709.69, 134295.64, 1446.00);
insert into STATION values (4185, '.', 77, 412709.03, 134295.93, 1448.59);
insert into STATION values (4186, '.', 77, 412707.32, 134298.71, 1446.40);
insert into STATION values (4187, '12.31', 77, 412709.98, 134295.54, 1446.66);
insert into STATION values (4188, '.', 77, 412710.56, 134295.93, 1446.92);
insert into STATION values (4189, '.', 77, 412710.94, 134295.55, 1445.53);
insert into STATION values (4190, '.', 77, 412709.83, 134295.43, 1446.95);
insert into STATION values (4191, '.', 77, 412709.97, 134295.41, 1447.02);
insert into STATION values (4192, '.', 77, 412710.05, 134293.99, 1450.65);
insert into STATION values (4193, '.', 77, 412711.24, 134293.25, 1448.17);
insert into STATION values (4194, '.', 77, 412712.12, 134292.24, 1446.47);
insert into STATION values (4195, '.', 77, 412712.93, 134292.23, 1445.06);
insert into STATION values (4196, '.', 77, 412711.63, 134294.10, 1446.69);
insert into STATION values (4197, '.', 77, 412709.85, 134293.91, 1446.93);
insert into STATION values (4198, '.', 77, 412709.56, 134293.37, 1449.06);
insert into STATION values (4199, '12.32', 77, 412711.80, 134291.98, 1446.62);
insert into STATION values (4200, '.', 77, 412711.20, 134291.82, 1446.49);
insert into STATION values (4201, '.', 77, 412711.24, 134291.73, 1445.55);
insert into STATION values (4202, '.', 77, 412711.79, 134291.70, 1445.40);
insert into STATION values (4203, '.', 77, 412712.62, 134292.72, 1445.12);
insert into STATION values (4204, '.', 77, 412711.73, 134293.18, 1446.62);
insert into STATION values (4205, '.', 77, 412709.64, 134296.23, 1446.58);
insert into STATION values (4206, '.', 77, 412710.46, 134292.64, 1447.03);
insert into STATION values (4207, '.', 77, 412711.35, 134290.83, 1446.35);
insert into STATION values (4208, '.', 77, 412711.27, 134290.21, 1446.80);
insert into STATION values (4209, '.', 77, 412711.68, 134290.56, 1446.79);
insert into STATION values (4210, '.', 77, 412711.40, 134290.22, 1447.83);
insert into STATION values (4211, '.', 77, 412711.31, 134289.25, 1446.75);
insert into STATION values (4212, '12.33', 77, 412711.37, 134288.94, 1445.65);
insert into STATION values (4213, '.', 77, 412710.95, 134289.28, 1445.64);
insert into STATION values (4214, '.', 77, 412710.91, 134289.05, 1444.60);
insert into STATION values (4215, '.', 77, 412711.13, 134288.53, 1444.61);
insert into STATION values (4216, '.', 77, 412709.52, 134287.38, 1445.93);
insert into STATION values (4217, '.', 77, 412709.30, 134286.93, 1444.30);
insert into STATION values (4218, '.', 77, 412710.08, 134288.55, 1447.25);
insert into STATION values (4219, '.', 77, 412710.81, 134289.35, 1447.31);
insert into STATION values (4220, '12.34', 77, 412709.73, 134286.98, 1445.51);
insert into STATION values (4221, '.', 77, 412710.85, 134287.12, 1445.86);
insert into STATION values (4222, '.', 77, 412710.17, 134286.84, 1444.25);
insert into STATION values (4223, '.', 77, 412709.61, 134286.39, 1444.38);
insert into STATION values (4224, '.', 77, 412710.09, 134285.74, 1445.57);
insert into STATION values (4225, '12.35', 77, 412709.43, 134285.03, 1444.77);
insert into STATION values (4226, '.', 77, 412709.03, 134285.47, 1444.87);
insert into STATION values (4227, '.', 77, 412709.01, 134284.91, 1443.38);
insert into STATION values (4228, '.', 77, 412707.07, 134283.94, 1444.73);
insert into STATION values (4229, '.', 77, 412707.41, 134283.99, 1447.52);
insert into STATION values (4230, '.', 77, 412707.29, 134284.03, 1447.62);
insert into STATION values (4231, '.', 77, 412708.14, 134283.76, 1444.21);
insert into STATION values (4232, '.', 77, 412709.04, 134285.27, 1446.79);
insert into STATION values (4233, '12.36', 77, 412706.42, 134282.84, 1444.21);
insert into STATION values (4234, '.', 77, 412707.95, 134283.81, 1444.50);
insert into STATION values (4235, '.', 77, 412706.73, 134283.60, 1444.50);
insert into STATION values (4236, '.', 77, 412706.01, 134282.32, 1444.12);
insert into STATION values (4237, '.', 77, 412707.80, 134281.75, 1444.22);
insert into STATION values (4238, '.', 77, 412708.30, 134282.23, 1444.46);
insert into STATION values (4239, '.', 77, 412710.89, 134281.22, 1444.13);
insert into STATION values (4240, '.', 77, 412709.93, 134281.76, 1443.27);
insert into STATION values (4241, '.', 77, 412710.03, 134281.78, 1443.87);
insert into STATION values (4242, '12.37', 77, 412710.80, 134281.35, 1443.96);
insert into STATION values (4243, '.', 77, 412710.55, 134282.16, 1444.00);
insert into STATION values (4244, '.', 77, 412710.49, 134282.50, 1443.00);
insert into STATION values (4245, '.', 77, 412711.78, 134281.90, 1444.63);
insert into STATION values (4246, '.', 77, 412710.56, 134281.81, 1445.35);
insert into STATION values (4247, '12.38', 77, 412712.23, 134282.18, 1444.02);
insert into STATION values (4248, '.', 77, 412712.23, 134281.64, 1444.10);
insert into STATION values (4249, '.', 77, 412713.81, 134282.38, 1442.18);
insert into STATION values (4250, '.', 77, 412713.77, 134281.32, 1444.51);
insert into STATION values (4251, '12.39', 77, 412713.96, 134280.69, 1443.56);
insert into STATION values (4252, '.', 77, 412712.84, 134282.12, 1443.62);
insert into STATION values (4253, '.', 77, 412712.80, 134280.00, 1443.81);
insert into STATION values (4254, '.', 77, 412713.03, 134278.37, 1443.82);
insert into STATION values (4255, '.', 77, 412713.21, 134280.46, 1448.30);
insert into STATION values (4256, '.', 77, 412714.02, 134278.47, 1446.70);
insert into STATION values (4257, '.', 77, 412712.98, 134280.45, 1442.05);
insert into STATION values (4258, '.', 77, 412713.83, 134277.88, 1443.61);
insert into STATION values (4259, '.', 77, 412713.25, 134278.58, 1444.84);
insert into STATION values (4260, '.', 77, 412714.34, 134278.87, 1442.66);
insert into STATION values (4261, '.', 77, 412714.55, 134278.24, 1443.83);
insert into STATION values (4262, '12.40', 77, 412714.92, 134275.49, 1442.99);
insert into STATION values (4263, '.', 77, 412715.58, 134275.77, 1443.15);
insert into STATION values (4264, '.', 77, 412715.64, 134275.32, 1442.07);
insert into STATION values (4265, '.', 77, 412714.28, 134273.86, 1454.79);
insert into STATION values (4266, '.', 77, 412715.03, 134273.72, 1443.74);
insert into STATION values (4267, '.', 77, 412715.31, 134274.23, 1442.34);
insert into STATION values (4268, '.', 77, 412715.80, 134274.96, 1442.23);
insert into STATION values (4269, '.', 77, 412715.87, 134274.70, 1441.82);
insert into STATION values (4270, '12.41', 77, 412715.85, 134273.47, 1442.87);
insert into STATION values (4271, '.', 77, 412716.80, 134273.56, 1442.93);
insert into STATION values (4272, '.', 77, 412715.84, 134273.47, 1443.10);
insert into STATION values (4273, '.', 77, 412716.25, 134273.82, 1441.94);
insert into STATION values (4274, '.', 77, 412716.48, 134271.49, 1443.88);
insert into STATION values (4275, '.', 77, 412716.51, 134270.72, 1443.81);
insert into STATION values (4276, '12.42', 77, 412716.55, 134271.41, 1443.54);
insert into STATION values (4277, '.', 77, 412716.11, 134270.73, 1443.65);
insert into STATION values (4278, '.', 77, 412716.21, 134270.51, 1445.85);
insert into STATION values (4279, '.', 77, 412717.09, 134270.98, 1441.89);
insert into STATION values (4280, '.', 77, 412716.48, 134271.37, 1444.09);
insert into STATION values (4281, '.', 77, 412715.18, 134271.74, 1443.74);
insert into STATION values (4282, '12.43', 77, 412721.10, 134268.71, 1443.35);
insert into STATION values (4283, '.', 77, 412721.52, 134269.07, 1443.49);
insert into STATION values (4284, '.', 77, 412720.91, 134268.57, 1443.59);
insert into STATION values (4285, '.', 77, 412720.88, 134268.23, 1445.33);
insert into STATION values (4286, '.', 77, 412720.84, 134269.35, 1441.92);
insert into STATION values (4287, '.', 77, 412722.11, 134266.00, 1443.56);
insert into STATION values (4288, '12.44', 77, 412722.32, 134265.69, 1442.27);
insert into STATION values (4289, '.', 77, 412722.87, 134265.88, 1441.02);
insert into STATION values (4290, '.', 77, 412722.65, 134266.12, 1442.56);
insert into STATION values (4291, '.', 77, 412723.11, 134266.36, 1445.10);
insert into STATION values (4292, '12.45', 77, 412723.94, 134265.07, 1442.79);
insert into STATION values (4293, '.', 77, 412723.03, 134264.29, 1440.96);
insert into STATION values (4294, '.', 77, 412723.47, 134264.53, 1442.59);
insert into STATION values (4295, '.', 77, 412723.74, 134264.68, 1443.46);
insert into STATION values (4296, '.', 77, 412724.08, 134265.00, 1443.18);
insert into STATION values (4297, '.', 77, 412724.19, 134262.63, 1441.37);
insert into STATION values (4298, '.', 77, 412724.71, 134261.70, 1442.02);
insert into STATION values (4299, '12.46', 77, 412725.16, 134260.41, 1442.11);
insert into STATION values (4300, '.', 77, 412725.62, 134260.58, 1442.24);
insert into STATION values (4301, '.', 77, 412725.40, 134260.00, 1440.69);
insert into STATION values (4302, '.', 77, 412725.22, 134260.35, 1442.42);
insert into STATION values (4303, '.', 77, 412725.49, 134258.97, 1441.17);
insert into STATION values (4304, '12.47', 77, 412725.57, 134258.92, 1442.45);
insert into STATION values (4305, '.', 77, 412725.04, 134258.66, 1442.47);
insert into STATION values (4306, '.', 77, 412724.78, 134259.17, 1444.81);
insert into STATION values (4307, '.', 77, 412725.52, 134258.58, 1441.05);
insert into STATION values (4308, '.', 77, 412726.81, 134257.64, 1441.40);
insert into STATION values (4309, '.', 77, 412727.87, 134256.44, 1443.21);
insert into STATION values (4310, '12.48', 77, 412729.32, 134255.25, 1442.53);
insert into STATION values (4311, '.', 77, 412728.96, 134255.02, 1442.60);
insert into STATION values (4312, '.', 77, 412729.35, 134255.05, 1442.03);
insert into STATION values (4313, '.', 77, 412728.71, 134255.03, 1446.23);
insert into STATION values (4314, '.', 77, 412729.71, 134253.97, 1444.30);
insert into STATION values (4315, '.', 77, 412729.54, 134253.34, 1442.93);
insert into STATION values (4316, '.', 77, 412729.17, 134252.27, 1440.36);
insert into STATION values (4317, '12.49', 77, 412728.83, 134252.10, 1440.36);
insert into STATION values (4318, '.', 77, 412727.80, 134252.75, 1440.10);
insert into STATION values (4319, '.', 77, 412727.57, 134252.45, 1438.82);
insert into STATION values (4320, '.', 77, 412728.20, 134252.64, 1441.47);
insert into STATION values (4321, '.', 77, 412728.12, 134251.76, 1440.16);
insert into STATION values (4322, '12.50', 77, 412726.71, 134251.28, 1439.65);
insert into STATION values (4323, '.', 77, 412726.65, 134250.36, 1439.58);
insert into STATION values (4324, '.', 77, 412727.71, 134250.93, 1439.90);
insert into STATION values (4325, '.', 77, 412727.62, 134250.08, 1442.09);
insert into STATION values (4326, '.', 77, 412726.74, 134250.93, 1442.24);
insert into STATION values (4327, '.', 77, 412729.19, 134252.54, 1439.36);
insert into STATION values (4328, '.', 77, 412728.75, 134253.79, 1439.45);
insert into STATION values (4329, '.', 77, 412727.17, 134252.30, 1439.88);
insert into STATION values (4330, '12.51', 77, 412729.23, 134248.13, 1439.85);
insert into STATION values (4331, '.', 77, 412728.88, 134248.09, 1439.93);
insert into STATION values (4332, '.', 77, 412728.89, 134246.54, 1444.39);
insert into STATION values (4333, '.', 77, 412728.65, 134245.38, 1436.85);
insert into STATION values (4334, '.', 77, 412728.93, 134242.16, 1440.28);
insert into STATION values (4335, '.', 77, 412729.22, 134245.92, 1441.57);
insert into STATION values (4336, '12.52', 77, 412729.45, 134245.13, 1439.24);
insert into STATION values (4337, '.', 77, 412728.70, 134245.35, 1439.42);
insert into STATION values (4338, '.', 77, 412728.42, 134245.13, 1440.53);
insert into STATION values (4339, '.', 77, 412728.65, 134244.87, 1445.84);
insert into STATION values (4340, '.', 77, 412729.87, 134245.17, 1439.78);
insert into STATION values (4341, '.', 77, 412729.02, 134243.20, 1436.00);
insert into STATION values (4342, '.', 77, 412729.60, 134245.49, 1437.58);
insert into STATION values (4343, '.', 77, 412727.80, 134240.30, 1436.16);
insert into STATION values (4344, '12.53', 77, 412727.72, 134240.24, 1436.64);
insert into STATION values (4345, '.', 77, 412728.07, 134240.56, 1439.55);
insert into STATION values (4346, '.', 77, 412728.70, 134240.69, 1437.18);
insert into STATION values (4347, '.', 77, 412728.52, 134243.84, 1436.85);
insert into STATION values (4348, '.', 77, 412727.03, 134242.46, 1435.95);
insert into STATION values (4349, '.', 77, 412726.99, 134240.89, 1437.04);
insert into STATION values (4350, '.', 77, 412729.22, 134240.56, 1435.77);
insert into STATION values (4351, '.', 77, 412731.69, 134238.96, 1438.35);
insert into STATION values (4352, '.', 77, 412729.77, 134240.09, 1437.20);
insert into STATION values (4353, '12.54', 77, 412729.54, 134240.10, 1437.12);
insert into STATION values (4354, '.', 77, 412729.49, 134239.75, 1437.13);
insert into STATION values (4355, '.', 77, 412730.12, 134238.79, 1438.96);
insert into STATION values (4356, '.', 77, 412729.72, 134239.62, 1438.96);
insert into STATION values (4357, '.', 77, 412730.75, 134240.19, 1435.06);
insert into STATION values (4358, '.', 77, 412731.60, 134238.75, 1435.96);
insert into STATION values (4359, '.', 77, 412734.65, 134236.50, 1439.80);
insert into STATION values (4360, '.', 77, 412733.27, 134237.75, 1436.94);
insert into STATION values (4361, '12.55', 77, 412735.62, 134235.99, 1435.08);
insert into STATION values (4362, '.', 77, 412734.37, 134237.61, 1435.31);
insert into STATION values (4363, '.', 77, 412734.81, 134235.52, 1434.91);
insert into STATION values (4364, '.', 77, 412735.02, 134234.94, 1433.70);
insert into STATION values (4365, '.', 77, 412735.19, 134234.73, 1434.72);
insert into STATION values (4366, '.', 77, 412735.65, 134232.52, 1436.10);
insert into STATION values (4367, '.', 77, 412735.69, 134235.84, 1435.14);
insert into STATION values (4368, '12.56', 77, 412735.10, 134233.71, 1435.91);
insert into STATION values (4369, '.', 77, 412734.27, 134234.08, 1436.97);
insert into STATION values (4370, '.', 77, 412735.12, 134233.80, 1438.31);
insert into STATION values (4371, '.', 77, 412736.15, 134233.33, 1436.47);
insert into STATION values (4372, '.', 77, 412733.88, 134228.33, 1438.31);
insert into STATION values (4373, '.', 77, 412734.11, 134231.73, 1435.28);
insert into STATION values (4374, '12.57', 77, 412734.13, 134232.45, 1434.00);
insert into STATION values (4375, '.', 77, 412733.86, 134232.47, 1434.05);
insert into STATION values (4376, '.', 77, 412734.81, 134232.09, 1434.39);
insert into STATION values (4377, '.', 77, 412734.64, 134231.39, 1433.17);
insert into STATION values (4378, '.', 77, 412733.96, 134231.38, 1434.80);
insert into STATION values (4379, '.', 77, 412733.33, 134229.50, 1433.78);
insert into STATION values (4380, '.', 77, 412732.49, 134227.80, 1431.87);
insert into STATION values (4381, '12.58', 77, 412733.43, 134226.73, 1432.33);
insert into STATION values (4382, '.', 77, 412732.59, 134226.62, 1432.15);
insert into STATION values (4383, '.', 77, 412732.89, 134226.60, 1431.10);
insert into STATION values (4384, '.', 77, 412733.71, 134226.81, 1431.59);
insert into STATION values (4385, '.', 77, 412732.95, 134225.41, 1431.42);
insert into STATION values (4386, '.', 77, 412733.20, 134223.81, 1430.71);
insert into STATION values (4387, '.', 77, 412733.53, 134223.86, 1431.93);
insert into STATION values (4388, '.', 77, 412733.45, 134226.26, 1432.49);
insert into STATION values (4389, '.', 77, 412733.31, 134222.76, 1432.59);
insert into STATION values (4390, '.', 77, 412732.87, 134221.12, 1431.13);
insert into STATION values (4391, '12.59', 77, 412733.25, 134221.80, 1432.15);
insert into STATION values (4392, '.', 77, 412733.68, 134222.38, 1432.09);
insert into STATION values (4393, '.', 77, 412733.88, 134221.65, 1430.57);
insert into STATION values (4394, '.', 77, 412739.09, 134219.18, 1432.31);
insert into STATION values (4395, '.', 77, 412736.96, 134217.99, 1432.65);
insert into STATION values (4396, '.', 77, 412739.92, 134218.05, 1433.21);
insert into STATION values (4397, '.', 77, 412739.95, 134217.96, 1435.37);
insert into STATION values (4398, '.', 77, 412736.32, 134219.72, 1431.41);
insert into STATION values (4399, '.', 77, 412735.02, 134219.33, 1430.33);
insert into STATION values (4400, '12.60', 77, 412738.94, 134218.14, 1431.36);
insert into STATION values (4401, '.', 77, 412738.80, 134217.93, 1431.60);
insert into STATION values (4402, '.', 77, 412738.91, 134218.19, 1432.58);
insert into STATION values (4403, '.', 77, 412739.14, 134218.49, 1431.31);
insert into STATION values (4404, '.', 77, 412739.98, 134217.49, 1428.46);
insert into STATION values (4405, '.', 77, 412740.22, 134217.36, 1427.89);
insert into STATION values (4406, '.', 77, 412743.22, 134216.98, 1429.15);
insert into STATION values (4407, '.', 77, 412744.31, 134216.19, 1430.35);
insert into STATION values (4408, '.', 77, 412744.04, 134216.07, 1431.90);
insert into STATION values (4409, '12.61', 77, 412743.68, 134216.33, 1429.51);
insert into STATION values (4410, '.', 77, 412743.99, 134216.65, 1429.71);
insert into STATION values (4411, '.', 77, 412744.19, 134215.92, 1433.17);
insert into STATION values (4412, '.', 77, 412743.81, 134215.90, 1431.71);
insert into STATION values (4413, '.', 77, 412743.69, 134215.52, 1430.26);
insert into STATION values (4414, '.', 77, 412744.35, 134216.09, 1428.56);
insert into STATION values (4415, '.', 77, 412745.12, 134214.88, 1428.36);
insert into STATION values (4416, '.', 77, 412745.10, 134214.98, 1428.99);
insert into STATION values (4417, '12.62', 77, 412744.99, 134214.82, 1428.95);
insert into STATION values (4418, '.', 77, 412744.12, 134214.96, 1429.32);
insert into STATION values (4419, '.', 77, 412743.85, 134213.91, 1431.59);
insert into STATION values (4420, '.', 77, 412744.87, 134214.28, 1429.17);
insert into STATION values (4421, '.', 77, 412742.54, 134213.78, 1429.06);
insert into STATION values (4422, '.', 77, 412742.88, 134214.01, 1427.98);
insert into STATION values (4423, '.', 77, 412743.72, 134213.78, 1427.92);
insert into STATION values (4424, '12.63', 77, 412743.34, 134214.32, 1429.53);
insert into STATION values (4425, '.', 77, 412742.95, 134212.54, 1427.82);
insert into STATION values (4426, '.', 77, 412742.97, 134212.75, 1429.53);
insert into STATION values (4427, '.', 77, 412741.92, 134212.89, 1429.65);
insert into STATION values (4428, '12.64', 77, 412741.05, 134211.99, 1429.67);
insert into STATION values (4429, '.', 77, 412737.63, 134213.32, 1427.80);
insert into STATION values (4430, '.', 77, 412738.50, 134212.76, 1427.83);
insert into STATION values (4431, '.', 77, 412739.36, 134212.01, 1427.33);
insert into STATION values (4432, '.', 77, 412738.55, 134211.82, 1427.06);
insert into STATION values (4433, '.', 77, 412738.63, 134212.55, 1430.46);
insert into STATION values (4434, '.', 77, 412739.88, 134212.00, 1430.98);
insert into STATION values (4435, '.', 77, 412740.98, 134211.95, 1429.82);
insert into STATION values (4436, '.', 77, 412742.25, 134211.90, 1429.03);
insert into STATION values (4437, '.', 77, 412741.38, 134212.62, 1429.33);
insert into STATION values (4438, '.', 77, 412742.81, 134211.63, 1428.00);
insert into STATION values (4439, '.', 77, 412737.58, 134213.14, 1427.77);
insert into STATION values (4440, '.', 77, 412738.36, 134211.58, 1427.70);
insert into STATION values (4441, '12.65', 77, 412740.11, 134209.74, 1430.58);
insert into STATION values (4442, '.', 77, 412741.05, 134210.15, 1430.39);
insert into STATION values (4443, '.', 77, 412740.66, 134209.34, 1432.13);
insert into STATION values (4444, '.', 77, 412740.29, 134209.75, 1428.51);
insert into STATION values (4445, '.', 77, 412740.00, 134209.44, 1425.22);
insert into STATION values (4446, '.', 77, 412740.98, 134207.70, 1430.52);
insert into STATION values (4447, '.', 77, 412740.94, 134207.75, 1430.54);
insert into STATION values (4448, '.', 77, 412740.96, 134207.75, 1430.53);
insert into STATION values (4449, '.', 77, 412741.03, 134207.78, 1430.55);
insert into STATION values (4450, '12.66', 77, 412740.95, 134207.75, 1430.54);
insert into STATION values (4451, '.', 77, 412743.23, 134206.25, 1430.65);
insert into STATION values (4452, '.', 77, 412741.67, 134208.54, 1431.17);
insert into STATION values (4453, '.', 77, 412740.80, 134207.63, 1430.73);
insert into STATION values (4454, '.', 77, 412741.07, 134207.22, 1435.38);
insert into STATION values (4455, '.', 77, 412747.10, 134202.48, 1406.03);
insert into STATION values (4456, '.', 77, 412741.10, 134205.07, 1402.98);
insert into STATION values (4457, '.', 77, 412740.82, 134207.48, 1423.07);
insert into STATION values (4458, '.', 77, 412742.37, 134206.58, 1423.29);
insert into STATION values (4459, '.', 77, 412742.37, 134206.58, 1423.29);
insert into STATION values (4460, '12.67', 77, 412742.43, 134206.71, 1423.36);
insert into STATION values (4461, '.', 77, 412746.68, 134206.70, 1421.93);
insert into STATION values (4462, '.', 77, 412750.29, 134199.67, 1421.52);
insert into STATION values (4463, '.', 77, 412750.03, 134191.49, 1421.71);
insert into STATION values (4464, '.', 77, 412742.29, 134199.15, 1422.47);
insert into STATION values (4465, '.', 77, 412740.26, 134203.46, 1423.56);
insert into STATION values (4466, '.', 77, 412739.65, 134205.42, 1423.16);
insert into STATION values (4467, '.', 77, 412744.63, 134201.25, 1405.09);
insert into STATION values (4468, '.', 77, 412747.44, 134205.00, 1419.06);
insert into STATION values (4469, '.', 77, 412745.51, 134207.73, 1422.83);
insert into STATION values (4470, '.', 77, 412744.27, 134206.93, 1427.39);
insert into STATION values (4471, '.', 77, 412743.05, 134205.95, 1426.59);
insert into STATION values (4472, '.', 77, 412753.70, 134198.89, 1431.01);
insert into STATION values (4473, '.', 77, 412758.14, 134180.76, 1429.85);
insert into STATION values (4474, '.', 77, 412744.14, 134194.31, 1420.27);
insert into STATION values (4475, '.', 77, 412743.48, 134199.33, 1414.41);
insert into STATION values (4476, '.', 77, 412747.35, 134201.66, 1406.56);
insert into STATION values (4477, '12.68', 77, 412745.83, 134207.30, 1417.86);
insert into STATION values (4478, '.', 77, 412747.90, 134203.58, 1416.66);
insert into STATION values (4479, '.', 77, 412748.70, 134197.00, 1415.19);
insert into STATION values (4480, '.', 77, 412743.19, 134197.76, 1416.21);
insert into STATION values (4481, '.', 77, 412740.91, 134201.71, 1416.74);
insert into STATION values (4482, '.', 77, 412744.83, 134207.34, 1417.86);
insert into STATION values (4483, '12.69', 77, 412747.36, 134204.10, 1406.73);
insert into STATION values (4484, '.', 77, 412746.34, 134201.02, 1406.75);
insert into STATION values (4485, '.', 77, 412743.82, 134200.89, 1405.53);
insert into STATION values (4486, '.', 77, 412740.83, 134204.05, 1404.25);
insert into STATION values (4487, '.', 77, 412742.85, 134207.80, 1403.46);
insert into STATION values (4488, '.', 77, 412740.10, 134206.45, 1403.39);
insert into STATION values (4489, '.', 77, 412740.39, 134203.97, 1403.48);
insert into STATION values (4490, '.', 77, 412747.45, 134206.52, 1405.47);
insert into STATION values (4491, '.', 77, 412745.67, 134206.92, 1405.15);
insert into STATION values (4492, '.', 77, 412747.48, 134199.57, 1410.66);
insert into STATION values (4493, '.', 77, 412745.08, 134197.09, 1413.41);
insert into STATION values (4494, '.', 77, 412745.82, 134196.10, 1416.65);
insert into STATION values (4495, '.', 77, 412748.19, 134196.68, 1417.43);
insert into STATION values (4496, '12.70', 77, 412749.45, 134195.68, 1419.90);
insert into STATION values (4497, '.', 77, 412752.14, 134200.04, 1420.63);
insert into STATION values (4498, '.', 77, 412750.12, 134201.75, 1420.60);
insert into STATION values (4499, '.', 77, 412739.79, 134207.68, 1420.93);
insert into STATION values (4500, '.', 77, 412742.55, 134197.96, 1420.74);
insert into STATION values (4501, '.', 77, 412743.37, 134193.89, 1421.24);
insert into STATION values (4502, '.', 77, 412744.22, 134192.98, 1421.82);
insert into STATION values (4503, '.', 77, 412746.33, 134188.73, 1424.48);
insert into STATION values (4504, '.', 77, 412751.32, 134182.09, 1427.75);
insert into STATION values (4505, '.', 77, 412765.09, 134179.47, 1430.42);
insert into STATION values (4506, '.', 77, 412764.17, 134189.84, 1428.02);
insert into STATION values (4507, '.', 77, 412757.25, 134197.98, 1428.67);
insert into STATION values (4508, '.', 77, 412753.69, 134202.54, 1426.69);
insert into STATION values (4509, '.', 77, 412752.24, 134193.53, 1421.32);
insert into STATION values (4510, '.', 77, 412752.17, 134193.36, 1421.42);
insert into STATION values (4511, '.', 77, 412752.17, 134193.38, 1421.39);
insert into STATION values (4512, '12.71', 77, 412752.15, 134193.39, 1421.35);
insert into STATION values (4513, '.', 77, 412755.70, 134191.09, 1421.77);
insert into STATION values (4514, '.', 77, 412755.74, 134191.08, 1421.78);
insert into STATION values (4515, '12.72', 77, 412755.68, 134191.10, 1421.75);
insert into STATION values (4516, '.', 77, 412757.31, 134196.30, 1422.21);
insert into STATION values (4517, '.', 77, 412759.02, 134194.76, 1422.11);
insert into STATION values (4518, '.', 77, 412762.78, 134193.16, 1422.21);
insert into STATION values (4519, '.', 77, 412768.39, 134190.18, 1421.93);
insert into STATION values (4520, '.', 77, 412771.94, 134186.41, 1422.63);
insert into STATION values (4521, '.', 77, 412767.40, 134182.75, 1422.21);
insert into STATION values (4522, '.', 77, 412759.46, 134184.48, 1423.34);
insert into STATION values (4523, '.', 77, 412751.75, 134181.48, 1425.66);
insert into STATION values (4524, '.', 77, 412749.11, 134185.90, 1432.52);
insert into STATION values (4525, '.', 77, 412746.44, 134189.27, 1422.54);
insert into STATION values (4526, '.', 77, 412743.06, 134193.80, 1422.41);
insert into STATION values (4527, '.', 77, 412744.57, 134202.21, 1430.49);
insert into STATION values (4528, '.', 77, 412754.19, 134193.49, 1437.82);
insert into STATION values (4529, '.', 77, 412751.22, 134195.08, 1436.17);
insert into STATION values (4530, '.', 77, 412758.78, 134188.53, 1436.14);
insert into STATION values (4531, '.', 77, 412763.35, 134186.13, 1430.94);
insert into STATION values (4532, '.', 77, 412767.72, 134182.84, 1430.04);
insert into STATION values (4533, '.', 77, 412768.99, 134186.21, 1419.44);
insert into STATION values (4534, '.', 77, 412767.11, 134188.16, 1418.15);
insert into STATION values (4535, '.', 77, 412765.53, 134191.64, 1417.14);
insert into STATION values (4536, '.', 77, 412763.60, 134192.68, 1417.10);
insert into STATION values (4537, '.', 77, 412758.45, 134186.42, 1419.83);
insert into STATION values (4538, '.', 77, 412755.65, 134188.18, 1420.65);
insert into STATION values (4539, '.', 77, 412759.19, 134188.59, 1419.13);
insert into STATION values (4540, '.', 77, 412761.28, 134188.34, 1418.52);
insert into STATION values (4541, '.', 77, 412771.36, 134192.59, 1415.44);
insert into STATION values (4542, '.', 77, 412771.44, 134192.58, 1415.46);
insert into STATION values (4543, '.', 77, 412771.61, 134192.59, 1415.42);
insert into STATION values (4544, '12.73', 77, 412771.66, 134192.24, 1415.64);
insert into STATION values (4545, '13.1', 85, 412739.49, 134211.15, 1429.27);
insert into STATION values (4546, '12.66', 85, 412740.95, 134207.75, 1430.54);
insert into STATION values (4547, '13.2', 85, 412744.63, 134214.51, 1429.97);
insert into STATION values (4548, '13.3', 85, 412744.56, 134215.70, 1428.62);
insert into STATION values (4549, '13.4', 85, 412739.74, 134217.25, 1430.65);
insert into STATION values (4550, '13.5', 85, 412735.83, 134218.45, 1431.29);
insert into STATION values (4551, '13.6', 85, 412735.24, 134219.64, 1436.81);
insert into STATION values (4552, '-', 85, 412734.96, 134220.08, 1437.67);
insert into STATION values (4553, '-', 85, 412736.51, 134219.82, 1437.47);
insert into STATION values (4554, '-', 85, 412735.99, 134220.74, 1439.63);
insert into STATION values (4555, '-', 85, 412735.12, 134219.97, 1437.64);
insert into STATION values (4556, '-', 85, 412735.79, 134219.89, 1436.59);
insert into STATION values (4557, '-', 85, 412735.32, 134219.27, 1436.36);
insert into STATION values (4558, '-', 85, 412735.76, 134219.58, 1436.29);
insert into STATION values (4559, '-', 85, 412734.58, 134219.93, 1436.36);
insert into STATION values (4560, '-', 85, 412734.32, 134220.71, 1436.33);
insert into STATION values (4561, '-', 85, 412733.70, 134221.86, 1436.37);
insert into STATION values (4562, '-', 85, 412734.97, 134220.42, 1435.91);
insert into STATION values (4563, '-', 85, 412735.33, 134220.88, 1437.09);
insert into STATION values (4564, '-', 85, 412735.25, 134221.62, 1440.27);
insert into STATION values (4565, '-', 85, 412734.42, 134220.19, 1437.64);
insert into STATION values (4566, '-', 85, 412734.63, 134220.04, 1436.26);
insert into STATION values (4567, '-', 85, 412734.60, 134220.55, 1435.83);
insert into STATION values (4568, '-', 85, 412734.83, 134220.00, 1436.03);
insert into STATION values (4569, '-', 85, 412735.27, 134221.96, 1439.65);
insert into STATION values (4570, '13.7', 85, 412735.30, 134221.84, 1439.61);
insert into STATION values (4571, '-', 85, 412736.34, 134220.76, 1439.61);
insert into STATION values (4572, '-', 85, 412736.55, 134219.99, 1439.54);
insert into STATION values (4573, '-', 85, 412736.14, 134219.64, 1439.46);
insert into STATION values (4574, '-', 85, 412734.68, 134220.37, 1439.25);
insert into STATION values (4575, '-', 85, 412734.17, 134221.49, 1439.54);
insert into STATION values (4576, '-', 85, 412735.09, 134221.95, 1439.59);
insert into STATION values (4577, '-', 85, 412731.91, 134225.05, 1440.58);
insert into STATION values (4578, '-', 85, 412732.82, 134227.09, 1441.38);
insert into STATION values (4579, '-', 85, 412734.11, 134225.46, 1440.36);
insert into STATION values (4580, '-', 85, 412735.17, 134223.31, 1439.91);
insert into STATION values (4581, '-', 85, 412731.89, 134227.39, 1443.44);
insert into STATION values (4582, '-', 85, 412732.03, 134223.40, 1443.50);
insert into STATION values (4583, '-', 85, 412731.53, 134222.31, 1445.39);
insert into STATION values (4584, '-', 85, 412732.50, 134222.24, 1444.00);
insert into STATION values (4585, '-', 85, 412734.43, 134221.56, 1441.44);
insert into STATION values (4586, '-', 85, 412733.74, 134221.09, 1441.86);
insert into STATION values (4587, '-', 85, 412731.93, 134222.05, 1445.21);
insert into STATION values (4588, '-', 85, 412734.39, 134221.24, 1441.13);
insert into STATION values (4589, '-', 85, 412734.53, 134221.46, 1441.23);
insert into STATION values (4590, '-', 85, 412734.87, 134221.33, 1441.64);
insert into STATION values (4591, '-', 85, 412734.48, 134221.15, 1441.17);
insert into STATION values (4592, '-', 85, 412734.09, 134220.94, 1442.01);
insert into STATION values (4593, '13.8', 85, 412734.10, 134220.83, 1442.18);
insert into STATION values (4594, '-', 85, 412735.90, 134222.21, 1438.69);
insert into STATION values (4595, '-', 85, 412734.24, 134221.27, 1441.15);
insert into STATION values (4596, '-', 85, 412735.08, 134220.97, 1441.43);
insert into STATION values (4597, '-', 85, 412734.13, 134220.64, 1443.63);
insert into STATION values (4598, '-', 85, 412735.17, 134220.14, 1442.29);
insert into STATION values (4599, '-', 85, 412735.07, 134220.51, 1442.53);
insert into STATION values (4600, '-', 85, 412736.36, 134220.68, 1443.22);
insert into STATION values (4601, '-', 85, 412735.89, 134218.96, 1444.52);
insert into STATION values (4602, '-', 85, 412735.65, 134218.47, 1445.44);
insert into STATION values (4603, '-', 85, 412734.16, 134220.52, 1442.52);
insert into STATION values (4604, '-', 85, 412735.46, 134217.90, 1445.20);
insert into STATION values (4605, '13.9', 85, 412735.24, 134220.68, 1442.63);
insert into STATION values (4606, '-', 85, 412735.39, 134220.76, 1444.71);
insert into STATION values (4607, '-', 85, 412735.90, 134220.58, 1443.56);
insert into STATION values (4608, '-', 85, 412736.74, 134220.69, 1442.70);
insert into STATION values (4609, '-', 85, 412735.76, 134220.64, 1442.38);
insert into STATION values (4610, '-', 85, 412735.81, 134222.09, 1442.71);
insert into STATION values (4611, '-', 85, 412734.71, 134221.46, 1442.66);
insert into STATION values (4612, '-', 85, 412733.71, 134220.92, 1443.46);
insert into STATION values (4613, '-', 85, 412733.74, 134221.80, 1445.43);
insert into STATION values (4614, '-', 85, 412734.79, 134221.19, 1445.27);
insert into STATION values (4615, '-', 85, 412734.68, 134219.66, 1445.35);
insert into STATION values (4616, '-', 85, 412734.61, 134219.54, 1443.26);
insert into STATION values (4617, '-', 85, 412734.33, 134218.75, 1443.86);
insert into STATION values (4618, '-', 85, 412733.61, 134217.59, 1445.06);
insert into STATION values (4619, '-', 85, 412733.20, 134217.23, 1446.39);
insert into STATION values (4620, '-', 85, 412732.42, 134216.04, 1448.14);
insert into STATION values (4621, '-', 85, 412731.82, 134217.10, 1448.51);
insert into STATION values (4622, '-', 85, 412728.53, 134217.52, 1455.07);
insert into STATION values (4623, '-', 85, 412729.91, 134217.04, 1453.12);
insert into STATION values (4624, '-', 85, 412729.86, 134214.22, 1453.15);
insert into STATION values (4625, '13.10', 85, 412727.69, 134215.30, 1456.91);
insert into STATION values (4626, '-', 85, 412727.34, 134215.41, 1458.07);
insert into STATION values (4627, '-', 85, 412727.84, 134215.64, 1456.92);
insert into STATION values (4628, '-', 85, 412727.79, 134214.44, 1457.28);
insert into STATION values (4629, '-', 85, 412727.21, 134213.99, 1457.31);
insert into STATION values (4630, '-', 85, 412726.69, 134213.37, 1458.40);
insert into STATION values (4631, '-', 85, 412728.44, 134215.65, 1455.07);
insert into STATION values (4632, '-', 85, 412728.65, 134216.65, 1454.06);
insert into STATION values (4633, '-', 85, 412727.54, 134216.21, 1457.53);
insert into STATION values (4634, '-', 85, 412727.52, 134216.79, 1457.43);
insert into STATION values (4635, '-', 85, 412726.88, 134216.24, 1457.41);
insert into STATION values (4636, '-', 85, 412726.49, 134216.20, 1457.92);
insert into STATION values (4637, '-', 85, 412726.91, 134216.18, 1457.22);
insert into STATION values (4638, '-', 85, 412727.61, 134216.94, 1456.28);
insert into STATION values (4639, '-', 85, 412727.15, 134217.85, 1456.72);
insert into STATION values (4640, '-', 85, 412725.50, 134221.24, 1459.43);
insert into STATION values (4641, '13.11', 85, 412726.69, 134219.44, 1457.30);
insert into STATION values (4642, '-', 85, 412727.24, 134219.40, 1457.49);
insert into STATION values (4643, '-', 85, 412727.96, 134214.53, 1457.14);
insert into STATION values (4644, '-', 85, 412726.88, 134215.18, 1458.46);
insert into STATION values (4645, '-', 85, 412726.47, 134217.42, 1457.46);
insert into STATION values (4646, '-', 85, 412726.38, 134218.83, 1457.47);
insert into STATION values (4647, '-', 85, 412725.46, 134217.14, 1459.62);
insert into STATION values (4648, '-', 85, 412724.92, 134219.58, 1460.01);
insert into STATION values (4649, '-', 85, 412723.62, 134220.87, 1462.34);
insert into STATION values (4650, '-', 85, 412724.92, 134221.33, 1459.14);
insert into STATION values (4651, '-', 85, 412725.24, 134223.01, 1457.22);
insert into STATION values (4652, '-', 85, 412726.17, 134222.14, 1457.80);
insert into STATION values (4653, '-', 85, 412723.78, 134224.27, 1460.14);
insert into STATION values (4654, '-', 85, 412722.00, 134233.72, 1459.14);
insert into STATION values (4655, '13.12', 85, 412725.26, 134223.86, 1457.61);
insert into STATION values (4656, '-', 85, 412721.75, 134223.82, 1462.39);
insert into STATION values (4657, '-', 85, 412723.65, 134224.30, 1459.24);
insert into STATION values (4658, '-', 85, 412724.08, 134226.03, 1458.59);
insert into STATION values (4659, '-', 85, 412724.38, 134225.76, 1457.69);
insert into STATION values (4660, '-', 85, 412725.08, 134225.13, 1457.67);
insert into STATION values (4661, '-', 85, 412725.99, 134225.12, 1457.04);
insert into STATION values (4662, '-', 85, 412722.93, 134235.40, 1456.43);
insert into STATION values (4663, '-', 85, 412720.76, 134241.91, 1458.16);
insert into STATION values (4664, '-', 85, 412722.18, 134233.51, 1459.61);
insert into STATION values (4665, '-', 85, 412724.96, 134229.67, 1455.52);
insert into STATION values (4666, '-', 85, 412725.73, 134227.56, 1455.94);
insert into STATION values (4667, '-', 85, 412720.77, 134221.99, 1464.98);
insert into STATION values (4668, '-', 85, 412721.93, 134223.47, 1462.74);
insert into STATION values (4669, '-', 85, 412721.93, 134224.44, 1462.11);
insert into STATION values (4670, '-', 85, 412724.20, 134225.26, 1458.86);
insert into STATION values (4671, '-', 85, 412720.65, 134233.23, 1461.10);
insert into STATION values (4672, '-', 85, 412720.61, 134233.59, 1460.92);
insert into STATION values (4673, '-', 85, 412724.32, 134222.41, 1459.72);
insert into STATION values (4674, '13.13', 85, 412726.04, 134210.20, 1461.20);
insert into STATION values (4675, '-', 85, 412725.37, 134209.99, 1463.15);
insert into STATION values (4676, '-', 85, 412723.74, 134211.65, 1465.58);
insert into STATION values (4677, '-', 85, 412723.16, 134212.03, 1466.30);
insert into STATION values (4678, '-', 85, 412725.22, 134211.60, 1462.10);
insert into STATION values (4679, '-', 85, 412726.29, 134212.95, 1461.35);
insert into STATION values (4680, '-', 85, 412726.45, 134210.69, 1461.43);
insert into STATION values (4681, '-', 85, 412724.26, 134211.45, 1461.81);
insert into STATION values (4682, '-', 85, 412726.03, 134213.93, 1459.55);
insert into STATION values (4683, '-', 85, 412726.08, 134211.01, 1460.75);
insert into STATION values (4684, '-', 85, 412726.90, 134212.68, 1459.49);
insert into STATION values (4685, '-', 85, 412726.49, 134212.65, 1459.13);
insert into STATION values (4686, '-', 85, 412727.87, 134216.48, 1455.96);
insert into STATION values (4687, '13.14', 85, 412726.78, 134207.13, 1460.98);
insert into STATION values (4688, '-', 85, 412727.42, 134206.16, 1461.30);
insert into STATION values (4689, '-', 85, 412727.58, 134204.22, 1461.53);
insert into STATION values (4690, '-', 85, 412725.77, 134201.10, 1464.33);
insert into STATION values (4691, '-', 85, 412725.57, 134205.73, 1463.10);
insert into STATION values (4692, '-', 85, 412723.12, 134204.77, 1462.57);
insert into STATION values (4693, '-', 85, 412724.75, 134207.38, 1461.66);
insert into STATION values (4694, '-', 85, 412725.51, 134209.60, 1461.69);
insert into STATION values (4695, '-', 85, 412725.49, 134211.95, 1461.73);
insert into STATION values (4696, '-', 85, 412726.64, 134208.32, 1461.20);
insert into STATION values (4697, '-', 85, 412724.55, 134206.78, 1462.98);
insert into STATION values (4698, '-', 85, 412729.42, 134202.31, 1459.61);
insert into STATION values (4699, '-', 85, 412730.41, 134200.03, 1457.64);
insert into STATION values (4700, '-', 85, 412734.20, 134197.73, 1453.06);
insert into STATION values (4701, '-', 85, 412732.42, 134202.27, 1455.68);
insert into STATION values (4702, '-', 85, 412724.18, 134207.95, 1464.09);
insert into STATION values (4703, '-', 85, 412723.33, 134206.35, 1461.99);
insert into STATION values (4704, '-', 85, 412723.35, 134206.40, 1461.92);
insert into STATION values (4705, '-', 85, 412723.61, 134206.46, 1461.84);
insert into STATION values (4706, '-', 85, 412724.89, 134204.99, 1461.42);
insert into STATION values (4707, '13.15', 85, 412723.29, 134206.72, 1462.03);
insert into STATION values (4708, '-', 85, 412723.18, 134203.89, 1463.10);
insert into STATION values (4709, '-', 85, 412722.46, 134205.00, 1464.38);
insert into STATION values (4710, '-', 85, 412722.04, 134206.99, 1464.83);
insert into STATION values (4711, '-', 85, 412720.87, 134206.65, 1465.86);
insert into STATION values (4712, '-', 85, 412722.91, 134208.20, 1463.10);
insert into STATION values (4713, '-', 85, 412723.53, 134207.68, 1462.47);
insert into STATION values (4714, '-', 85, 412724.26, 134206.81, 1462.34);
insert into STATION values (4715, '-', 85, 412727.31, 134204.45, 1461.41);
insert into STATION values (4716, '-', 85, 412725.26, 134202.14, 1462.77);
insert into STATION values (4717, '13.16', 85, 412721.13, 134207.45, 1464.53);
insert into STATION values (4718, '-', 85, 412720.82, 134206.85, 1467.48);
insert into STATION values (4719, '-', 85, 412721.32, 134205.62, 1466.66);
insert into STATION values (4720, '-', 85, 412721.94, 134205.00, 1464.57);
insert into STATION values (4721, '-', 85, 412726.18, 134202.26, 1461.75);
insert into STATION values (4722, '-', 85, 412729.97, 134203.34, 1457.89);
insert into STATION values (4723, '-', 85, 412723.19, 134206.64, 1463.73);
insert into STATION values (4724, '-', 85, 412721.96, 134207.21, 1464.73);
insert into STATION values (4725, '-', 85, 412719.95, 134209.61, 1464.75);
insert into STATION values (4726, '-', 85, 412720.36, 134209.04, 1464.36);
insert into STATION values (4727, '-', 85, 412720.93, 134208.49, 1463.77);
insert into STATION values (4728, '-', 85, 412721.13, 134208.10, 1464.64);
insert into STATION values (4729, '-', 85, 412721.01, 134207.90, 1464.94);
insert into STATION values (4730, '-', 85, 412721.15, 134208.30, 1463.56);
insert into STATION values (4731, '-', 85, 412721.60, 134207.38, 1463.40);
insert into STATION values (4732, '-', 85, 412722.37, 134207.24, 1462.79);
insert into STATION values (4733, '-', 85, 412724.78, 134207.02, 1461.18);
insert into STATION values (4734, '-', 85, 412723.59, 134207.25, 1463.03);
insert into STATION values (4735, '-', 85, 412723.41, 134205.95, 1463.60);
insert into STATION values (4736, '-', 85, 412723.08, 134204.11, 1462.08);
insert into STATION values (4737, '13.17', 85, 412734.18, 134199.02, 1453.56);
insert into STATION values (4738, '-', 85, 412733.79, 134197.04, 1454.05);
insert into STATION values (4739, '-', 85, 412728.82, 134204.00, 1460.92);
insert into STATION values (4740, '-', 85, 412733.26, 134201.72, 1454.93);
insert into STATION values (4741, '-', 85, 412735.66, 134200.60, 1453.73);
insert into STATION values (4742, '-', 85, 412734.64, 134199.29, 1454.23);
insert into STATION values (4743, '-', 85, 412734.91, 134199.61, 1452.61);
insert into STATION values (4744, '-', 85, 412736.73, 134200.04, 1452.33);
insert into STATION values (4745, '-', 85, 412736.33, 134199.47, 1452.35);
insert into STATION values (4746, '-', 85, 412736.42, 134198.88, 1452.68);
insert into STATION values (4747, '-', 85, 412736.07, 134199.09, 1453.64);
insert into STATION values (4748, '-', 85, 412736.07, 134199.44, 1453.64);
insert into STATION values (4749, '-', 85, 412739.24, 134199.10, 1452.18);
insert into STATION values (4750, '13.18', 85, 412736.85, 134199.13, 1452.38);
insert into STATION values (4751, '-', 85, 412734.93, 134198.88, 1452.82);
insert into STATION values (4752, '-', 85, 412736.63, 134198.87, 1452.70);
insert into STATION values (4753, '-', 85, 412737.14, 134199.97, 1452.69);
insert into STATION values (4754, '-', 85, 412737.14, 134199.03, 1453.55);
insert into STATION values (4755, '-', 85, 412738.58, 134199.25, 1452.71);
insert into STATION values (4756, '-', 85, 412737.93, 134197.19, 1453.24);
insert into STATION values (4757, '-', 85, 412738.93, 134197.31, 1452.58);
insert into STATION values (4758, '-', 85, 412738.24, 134198.57, 1452.26);
insert into STATION values (4759, '13.19', 85, 412740.03, 134197.33, 1453.21);
insert into STATION values (4760, '-', 85, 412739.16, 134197.10, 1453.11);
insert into STATION values (4761, '-', 85, 412739.20, 134197.33, 1453.25);
insert into STATION values (4762, '-', 85, 412739.27, 134197.44, 1452.78);
insert into STATION values (4763, '-', 85, 412738.61, 134198.54, 1452.07);
insert into STATION values (4764, '-', 85, 412739.44, 134197.83, 1452.93);
insert into STATION values (4765, '-', 85, 412740.10, 134197.02, 1453.75);
insert into STATION values (4766, '-', 85, 412740.30, 134196.64, 1453.53);
insert into STATION values (4767, '-', 85, 412742.54, 134196.13, 1452.94);
insert into STATION values (4768, '-', 85, 412743.17, 134195.52, 1453.39);
insert into STATION values (4769, '-', 85, 412741.32, 134197.08, 1452.80);
insert into STATION values (4770, '-', 85, 412740.16, 134197.33, 1453.14);
